axis,level_key,level_order,level_label,map_id,query_id,map_seed,query_seed,trunk_count,trunk_gap_m,gap_to_vehicle_width,obstacle_ratio,distance_min_m,distance_max_m,start,goal,euclidean_distance_m,teacher_success,teacher_failure_reason,teacher_time_s,teacher_expansions,teacher_path_length_m,timed_out,query_sampled,tree_density_per_100m2
density,d00,0,"d00:trees=40,gap=1.35m",0,0,20280620,20290620,40,1.35,1.8243243243243246,0.01011111111111111,8.0,,"[29.200000000000003, 7.5, -2.977340033283016]","[11.100000000000001, 4.5, -2.977340033283016]",18.346934348822423,True,,0.16520190238952637,49,18.70646023443488,False,True,4.444444444444444
density,d00,0,"d00:trees=40,gap=1.35m",0,1,20280620,20290621,40,1.35,1.8243243243243246,0.01011111111111111,8.0,,"[7.800000000000001, 3.8000000000000003, 0.16324028278483735]","[16.3, 5.2, 0.16324028278483735]",8.614522621712709,True,,0.1441359519958496,1,8.614522621712709,False,True,4.444444444444444
density,d00,0,"d00:trees=40,gap=1.35m",0,2,20280620,20290622,40,1.35,1.8243243243243246,0.01011111111111111,8.0,,"[7.2, 20.6, 0.058469863329751126]","[27.700000000000003, 21.8, 0.058469863329751126]",20.535091916034858,False,timeout,2.5000762939453125,3591,0.0,True,True,4.444444444444444
density,d00,0,"d00:trees=40,gap=1.35m",0,3,20280620,20290623,40,1.35,1.8243243243243246,0.01011111111111111,8.0,,"[27.200000000000003, 4.5, 2.445131231482253]","[10.100000000000001, 18.8, 2.445131231482253]",22.29125389025929,True,,0.15418219566345215,9,22.33295300255138,False,True,4.444444444444444
density,d00,0,"d00:trees=40,gap=1.35m",0,4,20280620,20290624,40,1.35,1.8243243243243246,0.01011111111111111,8.0,,"[26.5, 23.0, -1.4415213227467536]","[27.8, 13.0, -1.4415213227467536]",10.084145972763386,True,,0.6485035419464111,775,10.801029053579867,False,True,4.444444444444444
density,d00,0,"d00:trees=40,gap=1.35m",1,0,20280621,20290720,40,1.35,1.8243243243243246,0.008322222222222222,8.0,,"[9.0, 12.0, 0.16010839751621375]","[25.1, 14.600000000000001, 0.16010839751621375]",16.308586695357757,True,,0.17183160781860352,37,16.443857309708363,False,True,4.444444444444444
density,d00,0,"d00:trees=40,gap=1.35m",1,1,20280621,20290721,40,1.35,1.8243243243243246,0.008322222222222222,8.0,,"[28.200000000000003, 1.1, 1.6249601648317766]","[27.3, 17.7, 1.6249601648317766]",16.624379687675564,True,,1.1225521564483643,1465,16.813774298422338,False,True,4.444444444444444
density,d00,0,"d00:trees=40,gap=1.35m",1,2,20280621,20290722,40,1.35,1.8243243243243246,0.008322222222222222,8.0,,"[25.6, 24.6, -2.124477649001894]","[12.0, 2.6, -2.124477649001894]",25.86426105652354,True,,0.17424249649047852,57,26.07215570769501,False,True,4.444444444444444
density,d00,0,"d00:trees=40,gap=1.35m",1,3,20280621,20290723,40,1.35,1.8243243243243246,0.008322222222222222,8.0,,"[20.200000000000003, 26.700000000000003, -2.2856049003734715]","[11.0, 16.1, -2.2856049003734715]",14.035668847618203,True,,0.14772891998291016,1,14.035668847618203,False,True,4.444444444444444
density,d00,0,"d00:trees=40,gap=1.35m",1,4,20280621,20290724,40,1.35,1.8243243243243246,0.008322222222222222,8.0,,"[13.200000000000001, 29.200000000000003, -1.476482375467716]","[15.3, 7.0, -1.476482375467716]",22.29910312097776,True,,0.26644253730773926,225,22.537995567003744,False,True,4.444444444444444
density,d00,0,"d00:trees=40,gap=1.35m",2,0,20280622,20290820,40,1.35,1.8243243243243246,0.009944444444444445,8.0,,"[11.0, 24.1, -1.6003443746967905]","[10.4, 3.8000000000000003, -1.6003443746967905]",20.308865059377396,False,timeout,2.503399610519409,4073,0.0,True,True,4.444444444444444
density,d00,0,"d00:trees=40,gap=1.35m",2,1,20280622,20290821,40,1.35,1.8243243243243246,0.009944444444444445,8.0,,"[29.0, 24.0, -2.7946757887958547]","[3.0, 14.600000000000001, -2.7946757887958547]",27.64706132665821,True,,0.303436279296875,185,28.545214181437117,False,True,4.444444444444444
density,d00,0,"d00:trees=40,gap=1.35m",2,2,20280622,20290822,40,1.35,1.8243243243243246,0.009944444444444445,8.0,,"[14.200000000000001, 22.400000000000002, -2.771824118796376]","[1.3, 17.400000000000002, -2.771824118796376]",13.8351002887583,True,,0.14432168006896973,1,13.8351002887583,False,True,4.444444444444444
density,d00,0,"d00:trees=40,gap=1.35m",2,3,20280622,20290823,40,1.35,1.8243243243243246,0.009944444444444445,8.0,,"[28.6, 12.700000000000001, 2.5191209490427178]","[20.1, 18.8, 2.5191209490427178]",10.462313319720453,True,,0.14885783195495605,9,10.814762794983116,False,True,4.444444444444444
density,d00,0,"d00:trees=40,gap=1.35m",2,4,20280622,20290824,40,1.35,1.8243243243243246,0.009944444444444445,8.0,,"[12.5, 22.6, -1.35970299357215]","[14.3, 14.200000000000001, -1.35970299357215]",8.590692637965812,True,,0.20502138137817383,85,8.738671711981851,False,True,4.444444444444444
density,d01,1,"d01:trees=55,gap=1.25m",3,0,20281620,20300620,55,1.25,1.6891891891891893,0.011888888888888888,8.0,,"[22.1, 14.3, 1.252141737738804]","[25.3, 24.0, 1.252141737738804]",10.21420579389313,True,,0.1453864574432373,1,10.21420579389313,False,True,6.11111111111111
density,d01,1,"d01:trees=55,gap=1.25m",3,1,20281620,20300621,55,1.25,1.6891891891891893,0.011888888888888888,8.0,,"[16.1, 29.0, -1.7824886416770664]","[11.200000000000001, 6.2, -1.7824886416770664]",23.320591759215716,True,,0.2398836612701416,171,23.775088188337786,False,True,6.11111111111111
density,d01,1,"d01:trees=55,gap=1.25m",3,2,20281620,20300622,55,1.25,1.6891891891891893,0.011888888888888888,8.0,,"[11.3, 5.1000000000000005, 1.9853032013796825]","[3.6, 22.6, 1.9853032013796825]",19.11910039724673,True,,0.15465116500854492,17,19.274326654957484,False,True,6.11111111111111
density,d01,1,"d01:trees=55,gap=1.25m",3,3,20281620,20300623,55,1.25,1.6891891891891893,0.011888888888888888,8.0,,"[28.5, 19.1, 2.85729991565191]","[13.100000000000001, 23.6, 2.85729991565191]",16.044001994514957,True,,0.17975616455078125,36,16.912680980959546,False,True,6.11111111111111
density,d01,1,"d01:trees=55,gap=1.25m",3,4,20281620,20300624,55,1.25,1.6891891891891893,0.011888888888888888,8.0,,"[0.5, 20.8, -1.4695395337649262]","[2.4000000000000004, 2.1, -1.4695395337649262]",18.796276226955168,True,,0.1443028450012207,1,18.796276226955168,False,True,6.11111111111111
density,d01,1,"d01:trees=55,gap=1.25m",4,0,20281621,20300720,55,1.25,1.6891891891891893,0.011922222222222223,8.0,,"[12.8, 21.400000000000002, -0.6575282448374484]","[20.700000000000003, 15.3, -0.6575282448374484]",9.980981915623335,True,,1.02744460105896,1119,10.150051051658226,False,True,6.11111111111111
density,d01,1,"d01:trees=55,gap=1.25m",4,1,20281621,20300721,55,1.25,1.6891891891891893,0.011922222222222223,8.0,,"[8.200000000000001, 29.5, -0.00952352159361282]","[29.200000000000003, 29.3, -0.00952352159361282]",21.00095235935742,True,,1.8104498386383057,2905,21.2684430005036,False,True,6.11111111111111
density,d01,1,"d01:trees=55,gap=1.25m",4,2,20281621,20300722,55,1.25,1.6891891891891893,0.011922222222222223,8.0,,"[10.0, 23.200000000000003, -2.7770666511828583]","[2.4000000000000004, 20.3, -2.7770666511828583]",8.1344944526381,True,,0.1855940818786621,64,8.252994866653049,False,True,6.11111111111111
density,d01,1,"d01:trees=55,gap=1.25m",4,3,20281621,20300723,55,1.25,1.6891891891891893,0.011922222222222223,8.0,,"[18.8, 22.900000000000002, 0.22082876972934826]","[28.6, 25.1, 0.22082876972934826]",10.043903623591776,True,,0.1738276481628418,49,10.129317440183044,False,True,6.11111111111111
density,d01,1,"d01:trees=55,gap=1.25m",4,4,20281621,20300724,55,1.25,1.6891891891891893,0.011922222222222223,8.0,,"[29.1, 20.1, -2.921025276204409]","[6.800000000000001, 15.100000000000001, -2.921025276204409]",22.85366491396949,True,,0.20422983169555664,127,23.310175213090258,False,True,6.11111111111111
density,d01,1,"d01:trees=55,gap=1.25m",5,0,20281622,20300820,55,1.25,1.6891891891891893,0.011433333333333334,8.0,,"[4.2, 27.200000000000003, -1.5519306407732258]","[4.5, 11.3, -1.5519306407732258]",15.902829936838287,True,,0.15141606330871582,9,16.01140848835679,False,True,6.11111111111111
density,d01,1,"d01:trees=55,gap=1.25m",5,1,20281622,20300821,55,1.25,1.6891891891891893,0.011433333333333334,8.0,,"[0.7000000000000001, 15.200000000000001, 0.46569678646041707]","[20.200000000000003, 25.0, 0.46569678646041707]",21.82406928141496,True,,0.8960480690002441,1183,23.0732469256854,False,True,6.11111111111111
density,d01,1,"d01:trees=55,gap=1.25m",5,2,20281622,20300822,55,1.25,1.6891891891891893,0.011433333333333334,8.0,,"[15.200000000000001, 19.5, -1.358151404437125]","[17.1, 10.700000000000001, -1.358151404437125]",9.00277734924062,True,,0.14607882499694824,1,9.00277734924062,False,True,6.11111111111111
density,d01,1,"d01:trees=55,gap=1.25m",5,3,20281622,20300823,55,1.25,1.6891891891891893,0.011433333333333334,8.0,,"[12.0, 26.3, -1.8838514481797601]","[6.4, 9.0, -1.8838514481797601]",18.183783984638623,True,,0.18724632263183594,79,18.490058790644635,False,True,6.11111111111111
density,d01,1,"d01:trees=55,gap=1.25m",5,4,20281622,20300824,55,1.25,1.6891891891891893,0.011433333333333334,8.0,,"[3.5, 14.5, 0.7183845653526433]","[19.400000000000002, 28.400000000000002, 0.7183845653526433]",21.11918559035836,True,,0.1760859489440918,81,21.347788883990898,False,True,6.11111111111111
density,d02,2,"d02:trees=70,gap=1.15m",6,0,20282620,20310620,70,1.15,1.554054054054054,0.015933333333333334,8.0,,"[19.200000000000003, 6.5, 1.2614674937202097]","[22.3, 16.2, 1.2614674937202097]",10.183319694480772,True,,0.15436768531799316,8,10.194080035233558,False,True,7.777777777777776
density,d02,2,"d02:trees=70,gap=1.15m",6,1,20282620,20310621,70,1.15,1.554054054054054,0.015933333333333334,8.0,,"[1.3, 10.100000000000001, 0.9544993893988254]","[9.8, 22.1, 0.9544993893988254]",14.705441169852742,True,,0.2584259510040283,163,15.236948577710235,False,True,7.777777777777776
density,d02,2,"d02:trees=70,gap=1.15m",6,2,20282620,20310622,70,1.15,1.554054054054054,0.015933333333333334,8.0,,"[13.100000000000001, 22.200000000000003, 2.9949261597926005]","[4.3, 23.5, 2.9949261597926005]",8.895504482602435,True,,0.15574908256530762,19,9.012907587437255,False,True,7.777777777777776
density,d02,2,"d02:trees=70,gap=1.15m",6,3,20282620,20310623,70,1.15,1.554054054054054,0.015933333333333334,8.0,,"[7.5, 16.6, 0.9673628493566341]","[12.600000000000001, 24.0, 0.9673628493566341]",8.987213138676527,True,,0.14369940757751465,1,8.987213138676527,False,True,7.777777777777776
density,d02,2,"d02:trees=70,gap=1.15m",6,4,20282620,20310624,70,1.15,1.554054054054054,0.015933333333333334,8.0,,"[4.800000000000001, 19.0, 0.2860514417173182]","[23.5, 24.5, 0.2860514417173182]",19.492049661336285,True,,0.1495060920715332,25,21.344919538821017,False,True,7.777777777777776
density,d02,2,"d02:trees=70,gap=1.15m",7,0,20282621,20310720,70,1.15,1.554054054054054,0.0154,8.0,,"[21.400000000000002, 26.0, -2.5275736165818525]","[9.200000000000001, 17.400000000000002, -2.5275736165818525]",14.926486525636232,False,timeout,2.5001730918884277,3500,0.0,True,True,7.777777777777776
density,d02,2,"d02:trees=70,gap=1.15m",7,1,20282621,20310721,70,1.15,1.554054054054054,0.0154,8.0,,"[3.1, 8.5, 1.6738779353175968]","[1.9000000000000001, 20.1, 1.6738779353175968]",11.661903789690601,True,,0.576453685760498,640,11.813198743941584,False,True,7.777777777777776
density,d02,2,"d02:trees=70,gap=1.15m",7,2,20282621,20310722,70,1.15,1.554054054054054,0.0154,8.0,,"[2.9000000000000004, 7.300000000000001, -0.07320229908789708]","[17.900000000000002, 6.2, -0.07320229908789708]",15.04027925272666,True,,0.14506292343139648,1,15.04027925272666,False,True,7.777777777777776
density,d02,2,"d02:trees=70,gap=1.15m",7,3,20282621,20310723,70,1.15,1.554054054054054,0.0154,8.0,,"[28.8, 8.0, 2.4849547425859173]","[8.3, 23.8, 2.4849547425859173]",25.88223328849348,False,timeout,2.501201629638672,4121,0.0,True,True,7.777777777777776
density,d02,2,"d02:trees=70,gap=1.15m",7,4,20282621,20310724,70,1.15,1.554054054054054,0.0154,8.0,,"[7.9, 2.7, -0.062067068891926605]","[25.6, 1.6, -0.062067068891926605]",17.734147850968203,True,,0.21379685401916504,129,17.818277048181503,False,True,7.777777777777776
density,d02,2,"d02:trees=70,gap=1.15m",8,0,20282622,20310820,70,1.15,1.554054054054054,0.01501111111111111,8.0,,"[23.0, 29.0, -2.536350378847696]","[5.800000000000001, 17.1, -2.536350378847696]",20.915305400591212,True,,0.16302156448364258,25,21.207139837371148,False,True,7.777777777777776
density,d02,2,"d02:trees=70,gap=1.15m",8,1,20282622,20310821,70,1.15,1.554054054054054,0.01501111111111111,8.0,,"[3.5, 4.2, 0.8511207805878576]","[25.5, 29.3, 0.8511207805878576]",33.376788341600516,False,timeout,2.5016367435455322,4177,0.0,True,True,7.777777777777776
density,d02,2,"d02:trees=70,gap=1.15m",8,2,20282622,20310822,70,1.15,1.554054054054054,0.01501111111111111,8.0,,"[17.1, 27.3, -2.7257808645651647]","[1.7000000000000002, 20.5, -2.7257808645651647]",16.834488409215176,True,,0.16230106353759766,33,16.989330588063087,False,True,7.777777777777776
density,d02,2,"d02:trees=70,gap=1.15m",8,3,20282622,20310823,70,1.15,1.554054054054054,0.01501111111111111,8.0,,"[24.900000000000002, 16.8, -2.7312587441605154]","[7.2, 9.1, -2.7312587441605154]",19.302331465395575,True,,0.46352481842041016,605,19.74660638617476,False,True,7.777777777777776
density,d02,2,"d02:trees=70,gap=1.15m",8,4,20282622,20310824,70,1.15,1.554054054054054,0.01501111111111111,8.0,,"[5.2, 7.300000000000001, 1.2220253232109897]","[11.200000000000001, 23.8, 1.2220253232109897]",17.55704986607944,True,,0.15856695175170898,17,17.704245778164854,False,True,7.777777777777776
density,d03,3,"d03:trees=85,gap=1.05m",9,0,20283620,20320620,85,1.05,1.418918918918919,0.018744444444444446,8.0,,"[12.100000000000001, 10.200000000000001, 1.4758446204521405]","[12.9, 18.6, 1.4758446204521405]",8.438009243891594,True,,0.17704057693481445,49,8.474252790489729,False,True,9.444444444444443
density,d03,3,"d03:trees=85,gap=1.05m",9,1,20283620,20320621,85,1.05,1.418918918918919,0.018744444444444446,8.0,,"[28.200000000000003, 7.5, 2.5948038127005457]","[0.6000000000000001, 24.3, 2.5948038127005457]",32.31098884280703,False,timeout,2.500056266784668,4177,0.0,True,True,9.444444444444443
density,d03,3,"d03:trees=85,gap=1.05m",9,2,20283620,20320622,85,1.05,1.418918918918919,0.018744444444444446,8.0,,"[6.5, 18.6, -1.8640992730215162]","[2.0, 3.7, -1.8640992730215162]",15.564703659241317,True,,0.39421534538269043,427,16.10830315856048,False,True,9.444444444444443
density,d03,3,"d03:trees=85,gap=1.05m",9,3,20283620,20320623,85,1.05,1.418918918918919,0.018744444444444446,8.0,,"[23.700000000000003, 4.6000000000000005, 2.9633251952905595]","[1.5, 8.6, 2.9633251952905595]",22.557482128996583,True,,0.30626702308654785,231,23.109542377304024,False,True,9.444444444444443
density,d03,3,"d03:trees=85,gap=1.05m",9,4,20283620,20320624,85,1.05,1.418918918918919,0.018744444444444446,8.0,,"[25.5, 26.6, -2.7711002478832194]","[13.4, 21.900000000000002, -2.7711002478832194]",12.980754985747168,True,,0.2574167251586914,145,13.457697504529035,False,True,9.444444444444443
density,d03,3,"d03:trees=85,gap=1.05m",10,0,20283621,20320720,85,1.05,1.418918918918919,0.018866666666666667,8.0,,"[18.900000000000002, 8.8, 2.2680839919872344]","[6.0, 24.200000000000003, 2.2680839919872344]",20.089051744669288,False,timeout,2.5004022121429443,3809,0.0,True,True,9.444444444444443
density,d03,3,"d03:trees=85,gap=1.05m",10,1,20283621,20320721,85,1.05,1.418918918918919,0.018866666666666667,8.0,,"[28.8, 17.5, -2.416231542187782]","[19.1, 8.9, -2.416231542187782]",12.963410045200298,True,,2.0405890941619873,2957,13.209244453795833,False,True,9.444444444444443
density,d03,3,"d03:trees=85,gap=1.05m",10,2,20283621,20320722,85,1.05,1.418918918918919,0.018866666666666667,8.0,,"[26.200000000000003, 24.5, -2.184955754086907]","[15.200000000000001, 8.9, -2.184955754086907]",19.08821626030049,False,timeout,2.502139091491699,3913,0.0,True,True,9.444444444444443
density,d03,3,"d03:trees=85,gap=1.05m",10,3,20283621,20320723,85,1.05,1.418918918918919,0.018866666666666667,8.0,,"[13.100000000000001, 22.1, -0.31938649260687874]","[25.8, 17.900000000000002, -0.31938649260687874]",13.376471881628577,True,,0.14476823806762695,1,13.376471881628577,False,True,9.444444444444443
density,d03,3,"d03:trees=85,gap=1.05m",10,4,20283621,20320724,85,1.05,1.418918918918919,0.018866666666666667,8.0,,"[18.3, 26.400000000000002, -3.0038564626294484]","[8.200000000000001, 25.0, -3.0038564626294484]",10.196568050084302,True,,0.14941835403442383,13,10.241660768006799,False,True,9.444444444444443
density,d03,3,"d03:trees=85,gap=1.05m",11,0,20283622,20320820,85,1.05,1.418918918918919,0.0191,8.0,,"[12.9, 29.200000000000003, -0.8326815064915637]","[28.0, 12.600000000000001, -0.8326815064915637]",22.44036541591959,False,timeout,2.501248359680176,6193,0.0,True,True,9.444444444444443
density,d03,3,"d03:trees=85,gap=1.05m",11,1,20283622,20320821,85,1.05,1.418918918918919,0.0191,8.0,,"[24.0, 1.2000000000000002, 3.0718370187195783]","[1.1, 2.8000000000000003, 3.0718370187195783]",22.955827146935917,True,,1.1606009006500244,1849,23.30951190405615,False,True,9.444444444444443
density,d03,3,"d03:trees=85,gap=1.05m",11,2,20283622,20320822,85,1.05,1.418918918918919,0.0191,8.0,,"[1.4000000000000001, 14.700000000000001, -0.7429526295974885]","[14.9, 2.3000000000000003, -0.7429526295974885]",18.330575550156627,False,timeout,2.500349998474121,3941,0.0,True,True,9.444444444444443
density,d03,3,"d03:trees=85,gap=1.05m",11,3,20283622,20320823,85,1.05,1.418918918918919,0.0191,8.0,,"[24.400000000000002, 29.400000000000002, -2.9606661928356717]","[16.2, 27.900000000000002, -2.9606661928356717]",8.336066218546973,True,,0.1522216796875,21,8.400108384253238,False,True,9.444444444444443
density,d03,3,"d03:trees=85,gap=1.05m",11,4,20283622,20320824,85,1.05,1.418918918918919,0.0191,8.0,,"[19.1, 28.0, -0.4906680581880707]","[26.400000000000002, 24.1, -0.4906680581880707]",8.276472678623424,True,,0.1678619384765625,43,8.417249710007258,False,True,9.444444444444443
density,d04,4,"d04:trees=100,gap=0.95m",12,0,20284620,20330620,100,0.95,1.2837837837837838,0.021388888888888888,8.0,,"[27.5, 8.200000000000001, -3.061762667877556]","[5.0, 6.4, -3.061762667877556]",22.571885167172013,True,,0.18869948387145996,97,22.61369150164146,False,True,11.111111111111109
density,d04,4,"d04:trees=100,gap=0.95m",12,1,20284620,20330621,100,0.95,1.2837837837837838,0.021388888888888888,8.0,,"[6.6000000000000005, 27.200000000000003, -0.9911181927662666]","[21.200000000000003, 4.9, -0.9911181927662666]",26.65426795093049,False,timeout,2.5003809928894043,4274,0.0,True,True,11.111111111111109
density,d04,4,"d04:trees=100,gap=0.95m",12,2,20284620,20330622,100,0.95,1.2837837837837838,0.021388888888888888,8.0,,"[11.600000000000001, 11.700000000000001, 0.3856809751692638]","[24.900000000000002, 17.1, 0.3856809751692638]",14.354441821262157,False,timeout,2.500027656555176,2512,0.0,True,True,11.111111111111109
density,d04,4,"d04:trees=100,gap=0.95m",12,3,20284620,20330623,100,0.95,1.2837837837837838,0.021388888888888888,8.0,,"[21.5, 1.1, 1.8025131679853472]","[17.3, 18.900000000000002, 1.8025131679853472]",18.28879438344693,False,timeout,2.5013091564178467,4015,0.0,True,True,11.111111111111109
density,d04,4,"d04:trees=100,gap=0.95m",12,4,20284620,20330624,100,0.95,1.2837837837837838,0.021388888888888888,8.0,,"[26.0, 1.4000000000000001, 2.2865399164637767]","[18.0, 10.600000000000001, 2.2865399164637767]",12.191800523302538,True,,2.057065486907959,2217,12.385795935079443,False,True,11.111111111111109
density,d04,4,"d04:trees=100,gap=0.95m",13,0,20284621,20330720,100,0.95,1.2837837837837838,0.022811111111111112,8.0,,"[18.6, 27.5, -3.101152285982223]","[1.3, 26.8, -3.101152285982223]",17.31415605797753,True,,0.1789083480834961,41,17.393078485265967,False,True,11.111111111111109
density,d04,4,"d04:trees=100,gap=0.95m",13,1,20284621,20330721,100,0.95,1.2837837837837838,0.022811111111111112,8.0,,"[26.900000000000002, 27.5, -3.0926521728257255]","[2.4000000000000004, 26.3, -3.0926521728257255]",24.529370150902775,True,,0.206892728805542,153,24.745285910619575,False,True,11.111111111111109
density,d04,4,"d04:trees=100,gap=0.95m",13,2,20284621,20330722,100,0.95,1.2837837837837838,0.022811111111111112,8.0,,"[26.5, 26.8, -1.4527042983758025]","[27.900000000000002, 15.0, -1.4527042983758025]",11.882760622010359,True,,1.207355260848999,1570,12.085722045320848,False,True,11.111111111111109
density,d04,4,"d04:trees=100,gap=0.95m",13,3,20284621,20330723,100,0.95,1.2837837837837838,0.022811111111111112,8.0,,"[18.3, 5.7, 0.9717809526236045]","[25.400000000000002, 16.1, 0.9717809526236045]",12.592458060283546,True,,0.7752575874328613,1031,12.903433185341916,False,True,11.111111111111109
density,d04,4,"d04:trees=100,gap=0.95m",13,4,20284621,20330724,100,0.95,1.2837837837837838,0.022811111111111112,8.0,,"[10.200000000000001, 16.900000000000002, 1.6567906179891374]","[9.200000000000001, 28.5, 1.6567906179891374]",11.643023662262305,True,,0.47092175483703613,553,11.853485632927454,False,True,11.111111111111109
density,d04,4,"d04:trees=100,gap=0.95m",14,0,20284622,20330820,100,0.95,1.2837837837837838,0.0218,8.0,,"[3.3000000000000003, 11.600000000000001, 0.9662787083611618]","[13.8, 26.8, 0.9662787083611618]",18.47403583411053,True,,0.6821937561035156,926,18.804683354440876,False,True,11.111111111111109
density,d04,4,"d04:trees=100,gap=0.95m",14,1,20284622,20330821,100,0.95,1.2837837837837838,0.0218,8.0,,"[13.700000000000001, 0.8, 1.6064954394742206]","[13.3, 12.0, 1.6064954394742206]",11.20714058089752,False,open_set_exhausted,0.14127755165100098,1,0.0,False,True,11.111111111111109
density,d04,4,"d04:trees=100,gap=0.95m",14,2,20284622,20330822,100,0.95,1.2837837837837838,0.0218,8.0,,"[1.1, 18.1, -0.7013271316839731]","[20.400000000000002, 1.8, -0.7013271316839731]",25.262224763468478,False,timeout,2.5002269744873047,3477,0.0,True,True,11.111111111111109
density,d04,4,"d04:trees=100,gap=0.95m",14,3,20284622,20330823,100,0.95,1.2837837837837838,0.0218,8.0,,"[17.3, 20.1, 1.465307018269806]","[18.2, 28.6, 1.465307018269806]",8.54751425854324,True,,0.14416193962097168,7,8.58943766108016,False,True,11.111111111111109
density,d04,4,"d04:trees=100,gap=0.95m",14,4,20284622,20330824,100,0.95,1.2837837837837838,0.0218,8.0,,"[12.700000000000001, 6.2, 0.9234784426425643]","[28.5, 27.1, 0.9234784426425643]",26.200190838999628,False,timeout,2.500023126602173,4182,0.0,True,True,11.111111111111109
density,d05,5,"d05:trees=115,gap=0.90m",15,0,20285620,20340620,115,0.9,1.2162162162162162,0.0259,8.0,,"[18.900000000000002, 10.100000000000001, -1.4735431285433307]","[19.700000000000003, 1.9000000000000001, -1.4735431285433307]",8.238931969618394,False,timeout,2.5020015239715576,2737,0.0,True,True,12.777777777777775
density,d05,5,"d05:trees=115,gap=0.90m",15,1,20285620,20340621,115,0.9,1.2162162162162162,0.0259,8.0,,"[18.2, 23.400000000000002, -1.97568811307998]","[11.0, 6.6000000000000005, -1.97568811307998]",18.27785545407338,True,,0.24564576148986816,169,18.545991343579853,False,True,12.777777777777775
density,d05,5,"d05:trees=115,gap=0.90m",15,2,20285620,20340622,115,0.9,1.2162162162162162,0.0259,8.0,,"[21.5, 3.0, 2.9836827328802777]","[5.800000000000001, 5.5, 2.9836827328802777]",15.897798589741914,True,,0.37131667137145996,391,16.316508326741477,False,True,12.777777777777775
density,d05,5,"d05:trees=115,gap=0.90m",15,3,20285620,20340623,115,0.9,1.2162162162162162,0.0259,8.0,,"[23.900000000000002, 8.4, 2.608661100502057]","[2.2, 21.200000000000003, 2.608661100502057]",25.19384845552581,False,timeout,2.500382423400879,4028,0.0,True,True,12.777777777777775
density,d05,5,"d05:trees=115,gap=0.90m",15,4,20285620,20340624,115,0.9,1.2162162162162162,0.0259,8.0,,"[20.8, 28.200000000000003, -1.431356269703559]","[22.400000000000002, 16.8, -1.431356269703559]",11.511733144926529,False,timeout,2.500173568725586,3472,0.0,True,True,12.777777777777775
density,d05,5,"d05:trees=115,gap=0.90m",16,0,20285621,20340720,115,0.9,1.2162162162162162,0.025244444444444444,8.0,,"[2.7, 6.2, 0.4418781092420217]","[28.700000000000003, 18.5, 0.4418781092420217]",28.762649391180922,False,timeout,2.501136064529419,3606,0.0,True,True,12.777777777777775
density,d05,5,"d05:trees=115,gap=0.90m",16,1,20285621,20340721,115,0.9,1.2162162162162162,0.025244444444444444,8.0,,"[13.3, 1.0, 0.8960553845713439]","[28.1, 19.5, 0.8960553845713439]",23.69155967850154,False,timeout,2.5020790100097656,4161,0.0,True,True,12.777777777777775
density,d05,5,"d05:trees=115,gap=0.90m",16,2,20285621,20340722,115,0.9,1.2162162162162162,0.025244444444444444,8.0,,"[8.3, 25.8, -2.0831857871056343]","[1.1, 13.0, -2.0831857871056343]",14.686047800548657,True,,0.15299725532531738,17,14.875001089163286,False,True,12.777777777777775
density,d05,5,"d05:trees=115,gap=0.90m",16,3,20285621,20340723,115,0.9,1.2162162162162162,0.025244444444444444,8.0,,"[13.9, 20.900000000000002, -2.750985609892106]","[3.7, 16.7, -2.750985609892106]",11.030865786510141,True,,0.3436150550842285,249,11.29472039840296,False,True,12.777777777777775
density,d05,5,"d05:trees=115,gap=0.90m",16,4,20285621,20340724,115,0.9,1.2162162162162162,0.025244444444444444,8.0,,"[25.900000000000002, 19.0, -2.542210740378143]","[9.8, 8.0, -2.542210740378143]",19.498974332000135,True,,0.44646787643432617,540,20.192333969949587,False,True,12.777777777777775
density,d05,5,"d05:trees=115,gap=0.90m",17,0,20285622,20340820,115,0.9,1.2162162162162162,0.02668888888888889,8.0,,"[10.5, 28.400000000000002, -0.8383788393015515]","[23.0, 14.5, -0.8383788393015515]",18.69384925583814,False,timeout,2.5001485347747803,3619,0.0,True,True,12.777777777777775
density,d05,5,"d05:trees=115,gap=0.90m",17,1,20285622,20340821,115,0.9,1.2162162162162162,0.02668888888888889,8.0,,"[21.200000000000003, 7.7, 3.0567964790665902]","[1.2000000000000002, 9.4, 3.0567964790665902]",20.072119967756276,False,timeout,2.500913619995117,4114,0.0,True,True,12.777777777777775
density,d05,5,"d05:trees=115,gap=0.90m",17,2,20285622,20340822,115,0.9,1.2162162162162162,0.02668888888888889,8.0,,"[22.5, 9.1, 2.5699333198889405]","[6.800000000000001, 19.200000000000003, 2.5699333198889405]",18.66815470259447,False,timeout,2.5003018379211426,4055,0.0,True,True,12.777777777777775
density,d05,5,"d05:trees=115,gap=0.90m",17,3,20285622,20340823,115,0.9,1.2162162162162162,0.02668888888888889,8.0,,"[6.5, 20.400000000000002, -0.8144597465062615]","[23.200000000000003, 2.7, -0.8144597465062615]",24.334748817277738,True,,1.3626399040222168,3425,24.540421415593286,False,True,12.777777777777775
density,d05,5,"d05:trees=115,gap=0.90m",17,4,20285622,20340824,115,0.9,1.2162162162162162,0.02668888888888889,8.0,,"[27.6, 19.3, -2.830451780656686]","[4.9, 12.0, -2.830451780656686]",23.844915600605514,True,,0.3759181499481201,441,24.957145758047638,False,True,12.777777777777775
density,d06,6,"d06:trees=130,gap=0.85m",18,0,20286620,20350620,130,0.85,1.1486486486486487,0.0309,8.0,,"[24.6, 6.800000000000001, 2.922923707715851]","[10.200000000000001, 10.0, 2.922923707715851]",14.75127113166862,True,,0.4466133117675781,477,15.254769150442993,False,True,14.444444444444441
density,d06,6,"d06:trees=130,gap=0.85m",18,1,20286620,20350621,130,0.85,1.1486486486486487,0.0309,8.0,,"[1.3, 29.1, -0.42557078341100263]","[22.700000000000003, 19.400000000000002, -0.42557078341100263]",23.4957442955102,False,timeout,2.501365900039673,2997,0.0,True,True,14.444444444444441
density,d06,6,"d06:trees=130,gap=0.85m",18,2,20286620,20350622,130,0.85,1.1486486486486487,0.0309,8.0,,"[5.6000000000000005, 4.0, 0.3596470942354806]","[18.1, 8.700000000000001, 0.3596470942354806]",13.35440002396214,True,,1.4374923706054688,1617,13.760025080958819,False,True,14.444444444444441
density,d06,6,"d06:trees=130,gap=0.85m",18,3,20286620,20350623,130,0.85,1.1486486486486487,0.0309,8.0,,"[14.9, 16.400000000000002, -2.1415095869842555]","[9.700000000000001, 8.3, -2.1415095869842555]",9.625487000666512,True,,0.15326952934265137,25,9.723036331877896,False,True,14.444444444444441
density,d06,6,"d06:trees=130,gap=0.85m",18,4,20286620,20350624,130,0.85,1.1486486486486487,0.0309,8.0,,"[19.700000000000003, 3.2, 1.6128767342367871]","[18.900000000000002, 22.200000000000003, 1.6128767342367871]",19.016834647227707,False,timeout,2.5003204345703125,4535,0.0,True,True,14.444444444444441
density,d06,6,"d06:trees=130,gap=0.85m",19,0,20286621,20350720,130,0.85,1.1486486486486487,0.028255555555555555,8.0,,"[18.1, 16.400000000000002, -2.3988226790644314]","[7.1000000000000005, 6.300000000000001, -2.3988226790644314]",14.933519344079615,True,,0.26079392433166504,148,15.11844394612136,False,True,14.444444444444441
density,d06,6,"d06:trees=130,gap=0.85m",19,1,20286621,20350721,130,0.85,1.1486486486486487,0.028255555555555555,8.0,,"[8.3, 2.7, 0.5794068267216169]","[24.5, 13.3, 0.5794068267216169]",19.3597520645281,True,,0.258333683013916,239,19.992444060915197,False,True,14.444444444444441
density,d06,6,"d06:trees=130,gap=0.85m",19,2,20286621,20350722,130,0.85,1.1486486486486487,0.028255555555555555,8.0,,"[9.3, 23.6, -0.6052819895894721]","[29.1, 9.9, -0.6052819895894721]",24.077582935170216,True,,2.4310457706451416,4057,24.54038564285658,False,True,14.444444444444441
density,d06,6,"d06:trees=130,gap=0.85m",19,3,20286621,20350723,130,0.85,1.1486486486486487,0.028255555555555555,8.0,,"[9.1, 22.6, -1.7959220029578202]","[6.1000000000000005, 9.5, -1.7959220029578202]",13.439121995130487,True,,0.6241536140441895,575,13.705365912622101,False,True,14.444444444444441
density,d06,6,"d06:trees=130,gap=0.85m",19,4,20286621,20350724,130,0.85,1.1486486486486487,0.028255555555555555,8.0,,"[17.5, 11.700000000000001, 0.6060593315986423]","[27.6, 18.7, 0.6060593315986423]",12.288612614937456,True,,0.7344369888305664,821,13.495405178921994,False,True,14.444444444444441
density,d06,6,"d06:trees=130,gap=0.85m",20,0,20286622,20350820,130,0.85,1.1486486486486487,0.029366666666666666,8.0,,"[17.8, 14.3, 1.9513027039072615]","[14.8, 21.8, 1.9513027039072615]",8.077747210701755,True,,0.1636059284210205,31,8.094148913992802,False,True,14.444444444444441
density,d06,6,"d06:trees=130,gap=0.85m",20,1,20286622,20350821,130,0.85,1.1486486486486487,0.029366666666666666,8.0,,"[2.7, 13.5, 0.434107215546529]","[28.8, 25.6, 0.434107215546529]",28.768385425671703,True,,0.33960676193237305,427,29.88350456760045,False,True,14.444444444444441
density,d06,6,"d06:trees=130,gap=0.85m",20,2,20286622,20350822,130,0.85,1.1486486486486487,0.029366666666666666,8.0,,"[17.5, 27.6, -1.843805029881607]","[11.9, 7.6000000000000005, -1.843805029881607]",20.76920797719547,False,timeout,2.500349998474121,2624,0.0,True,True,14.444444444444441
density,d06,6,"d06:trees=130,gap=0.85m",20,3,20286622,20350823,130,0.85,1.1486486486486487,0.029366666666666666,8.0,,"[16.8, 1.1, 2.14717154738608]","[1.2000000000000002, 25.1, 2.14717154738608]",28.624465060503752,False,timeout,2.500088930130005,5833,0.0,True,True,14.444444444444441
density,d06,6,"d06:trees=130,gap=0.85m",20,4,20286622,20350824,130,0.85,1.1486486486486487,0.029366666666666666,8.0,,"[12.100000000000001, 18.0, -0.09625336522362572]","[26.6, 16.6, -0.09625336522362572]",14.567429423202983,True,,0.34432077407836914,345,14.802340814956008,False,True,14.444444444444441
density,d07,7,"d07:trees=145,gap=0.80m",21,0,20287620,20360620,145,0.8,1.0810810810810811,0.03228888888888889,8.0,,"[26.3, 27.700000000000003, -2.347185724901928]","[4.3, 5.300000000000001, -2.347185724901928]",31.39681512510465,False,timeout,2.5020322799682617,4889,0.0,True,True,16.111111111111107
density,d07,7,"d07:trees=145,gap=0.80m",21,1,20287620,20360621,145,0.8,1.0810810810810811,0.03228888888888889,8.0,,"[19.3, 1.1, 1.5244973908545731]","[20.5, 27.0, 1.5244973908545731]",25.927784324928343,False,timeout,2.5002191066741943,3876,0.0,True,True,16.111111111111107
density,d07,7,"d07:trees=145,gap=0.80m",21,2,20287620,20360622,145,0.8,1.0810810810810811,0.03228888888888889,8.0,,"[9.0, 15.700000000000001, 0.5294550273927663]","[22.5, 23.6, 0.5294550273927663]",15.641611170208778,True,,0.6834561824798584,876,16.36572228729639,False,True,16.111111111111107
density,d07,7,"d07:trees=145,gap=0.80m",21,3,20287620,20360623,145,0.8,1.0810810810810811,0.03228888888888889,8.0,,"[26.200000000000003, 5.7, 1.6884766631829067]","[23.8, 26.0, 1.6884766631829067]",20.441379601191308,True,,0.5710539817810059,1207,21.692913834781866,False,True,16.111111111111107
density,d07,7,"d07:trees=145,gap=0.80m",21,4,20287620,20360624,145,0.8,1.0810810810810811,0.03228888888888889,8.0,,"[21.0, 24.400000000000002, -1.6010900867136715]","[20.700000000000003, 14.5, -1.6010900867136715]",9.904544411531509,True,,0.8347063064575195,1037,10.040729537134252,False,True,16.111111111111107
density,d07,7,"d07:trees=145,gap=0.80m",22,0,20287621,20360720,145,0.8,1.0810810810810811,0.033555555555555554,8.0,,"[29.0, 23.1, -2.276119165917807]","[14.100000000000001, 5.6000000000000005, -2.276119165917807]",22.983907413666632,False,timeout,2.5004944801330566,6072,0.0,True,True,16.111111111111107
density,d07,7,"d07:trees=145,gap=0.80m",22,1,20287621,20360721,145,0.8,1.0810810810810811,0.033555555555555554,8.0,,"[3.2, 1.7000000000000002, 0.6457299312541676]","[24.700000000000003, 17.900000000000002, 0.6457299312541676]",26.92006686470151,False,timeout,2.500019073486328,5486,0.0,True,True,16.111111111111107
density,d07,7,"d07:trees=145,gap=0.80m",22,2,20287621,20360722,145,0.8,1.0810810810810811,0.033555555555555554,8.0,,"[18.400000000000002, 18.7, -2.5829933382462307]","[2.4000000000000004, 8.700000000000001, -2.5829933382462307]",18.867962264113206,True,,0.4782843589782715,595,19.48872624098097,False,True,16.111111111111107
density,d07,7,"d07:trees=145,gap=0.80m",22,3,20287621,20360723,145,0.8,1.0810810810810811,0.033555555555555554,8.0,,"[17.900000000000002, 26.200000000000003, -3.063321513068515]","[2.6, 25.0, -3.063321513068515]",15.346986674914397,False,timeout,2.5001792907714844,3458,0.0,True,True,16.111111111111107
density,d07,7,"d07:trees=145,gap=0.80m",22,4,20287621,20360724,145,0.8,1.0810810810810811,0.033555555555555554,8.0,,"[1.0, 8.8, 1.2841191029314798]","[6.1000000000000005, 26.1, 1.2841191029314798]",18.03607496103296,False,timeout,2.5009775161743164,2865,0.0,True,True,16.111111111111107
density,d07,7,"d07:trees=145,gap=0.80m",23,0,20287622,20360820,145,0.8,1.0810810810810811,0.030822222222222223,8.0,,"[2.0, 2.2, 0.11877978621987097]","[26.3, 5.1000000000000005, 0.11877978621987097]",24.472433471152804,True,,2.0178685188293457,3283,25.178839609157862,False,True,16.111111111111107
density,d07,7,"d07:trees=145,gap=0.80m",23,1,20287622,20360821,145,0.8,1.0810810810810811,0.030822222222222223,8.0,,"[27.400000000000002, 18.1, -2.8153035524434307]","[7.6000000000000005, 11.4, -2.8153035524434307]",20.902870616257474,True,,0.48391222953796387,501,21.39515805437759,False,True,16.111111111111107
density,d07,7,"d07:trees=145,gap=0.80m",23,2,20287622,20360822,145,0.8,1.0810810810810811,0.030822222222222223,8.0,,"[20.700000000000003, 14.3, 2.2817056999784633]","[11.4, 25.1, 2.2817056999784633]",14.252368224263645,False,timeout,2.5002622604370117,3757,0.0,True,True,16.111111111111107
density,d07,7,"d07:trees=145,gap=0.80m",23,3,20287622,20360823,145,0.8,1.0810810810810811,0.030822222222222223,8.0,,"[3.7, 23.700000000000003, -1.5707963267948966]","[3.7, 2.9000000000000004, -1.5707963267948966]",20.800000000000004,False,timeout,2.500138998031616,5854,0.0,True,True,16.111111111111107
density,d07,7,"d07:trees=145,gap=0.80m",23,4,20287622,20360824,145,0.8,1.0810810810810811,0.030822222222222223,8.0,,"[25.400000000000002, 19.3, -1.9743826307928976]","[17.5, 0.8, -1.9743826307928976]",20.116162655934158,True,,0.31638240814208984,351,20.70607181455517,False,True,16.111111111111107
distance,d04_08,0,"[4.0,8.0)m",24,0,20310620,20320620,90,1.0,1.3513513513513513,0.021144444444444445,4.0,8.0,"[13.9, 29.200000000000003, -1.0906212971913696]","[16.400000000000002, 24.400000000000002, -1.0906212971913696]",5.412023651093925,True,,0.1439061164855957,1,5.412023651093925,False,True,9.999999999999998
distance,d04_08,0,"[4.0,8.0)m",24,1,20310620,20320621,90,1.0,1.3513513513513513,0.021144444444444445,4.0,8.0,"[20.400000000000002, 8.4, 1.3212094013579119]","[21.700000000000003, 13.5, 1.3212094013579119]",5.263078946776306,True,,0.1422128677368164,1,5.263078946776306,False,True,9.999999999999998
distance,d04_08,0,"[4.0,8.0)m",24,2,20310620,20320622,90,1.0,1.3513513513513513,0.021144444444444445,4.0,8.0,"[10.9, 22.8, -1.484802035600656]","[11.4, 17.0, -1.484802035600656]",5.821511831131154,True,,0.14268970489501953,1,5.821511831131154,False,True,9.999999999999998
distance,d04_08,0,"[4.0,8.0)m",24,3,20310620,20320623,90,1.0,1.3513513513513513,0.021144444444444445,4.0,8.0,"[14.3, 15.5, 2.9010584056438886]","[9.0, 16.8, 2.9010584056438886]",5.457105459856902,True,,0.1474909782409668,13,5.565417154084703,False,True,9.999999999999998
distance,d04_08,0,"[4.0,8.0)m",24,4,20310620,20320624,90,1.0,1.3513513513513513,0.021144444444444445,4.0,8.0,"[3.0, 26.700000000000003, -0.9407624172489816]","[6.5, 21.900000000000002, -0.9407624172489816]",5.940538696111659,True,,0.21101689338684082,81,6.030559292706668,False,True,9.999999999999998
distance,d04_08,0,"[4.0,8.0)m",24,5,20310620,20320625,90,1.0,1.3513513513513513,0.021144444444444445,4.0,8.0,"[22.6, 9.8, -2.649381386750227]","[15.700000000000001, 6.1000000000000005, -2.649381386750227]",7.829431652425354,True,,0.14139008522033691,1,7.829431652425354,False,True,9.999999999999998
distance,d08_12,1,"[8.0,12.0)m",24,6,20310620,20321620,90,1.0,1.3513513513513513,0.021144444444444445,8.0,12.0,"[15.0, 8.200000000000001, -0.8086497862079113]","[21.3, 1.6, -0.8086497862079113]",9.124143795447331,True,,0.14136600494384766,1,9.124143795447331,False,True,9.999999999999998
distance,d08_12,1,"[8.0,12.0)m",24,7,20310620,20321621,90,1.0,1.3513513513513513,0.021144444444444445,8.0,12.0,"[8.6, 23.700000000000003, -0.7049271521319876]","[15.3, 18.0, -0.7049271521319876]",8.796590248499703,True,,1.230407953262329,1339,8.997224720797085,False,True,9.999999999999998
distance,d08_12,1,"[8.0,12.0)m",24,8,20310620,20321622,90,1.0,1.3513513513513513,0.021144444444444445,8.0,12.0,"[22.700000000000003, 24.1, -2.5766882515590166]","[15.600000000000001, 19.6, -2.5766882515590166]",8.405950273467004,True,,0.5946683883666992,721,8.903634327934308,False,True,9.999999999999998
distance,d08_12,1,"[8.0,12.0)m",24,9,20310620,20321623,90,1.0,1.3513513513513513,0.021144444444444445,8.0,12.0,"[4.800000000000001, 10.600000000000001, 1.3376165261480804]","[6.7, 18.6, 1.3376165261480804]",8.222530024268686,True,,0.21453595161437988,115,8.452757795730971,False,True,9.999999999999998
distance,d08_12,1,"[8.0,12.0)m",24,10,20310620,20321624,90,1.0,1.3513513513513513,0.021144444444444445,8.0,12.0,"[9.5, 16.3, -0.4417931655174436]","[16.900000000000002, 12.8, -0.4417931655174436]",8.185963596303127,True,,0.1446516513824463,1,8.185963596303127,False,True,9.999999999999998
distance,d08_12,1,"[8.0,12.0)m",24,11,20310620,20321625,90,1.0,1.3513513513513513,0.021144444444444445,8.0,12.0,"[11.0, 7.9, 0.4978223326170011]","[20.200000000000003, 12.9, 0.4978223326170011]",10.470912090166742,True,,0.3133068084716797,280,10.682765119470329,False,True,9.999999999999998
distance,d12_16,2,"[12.0,16.0)m",24,12,20310620,20322620,90,1.0,1.3513513513513513,0.021144444444444445,12.0,16.0,"[27.6, 27.8, -1.7136082942270368]","[25.400000000000002, 12.5, -1.7136082942270368]",15.457360706149029,True,,0.3072540760040283,265,15.64118424963467,False,True,9.999999999999998
distance,d12_16,2,"[12.0,16.0)m",24,13,20310620,20322621,90,1.0,1.3513513513513513,0.021144444444444445,12.0,16.0,"[2.7, 18.6, -1.2422431562434457]","[7.2, 5.4, -1.2422431562434457]",13.945967159003352,True,,0.14251112937927246,1,13.945967159003352,False,True,9.999999999999998
distance,d12_16,2,"[12.0,16.0)m",24,14,20310620,20322622,90,1.0,1.3513513513513513,0.021144444444444445,12.0,16.0,"[12.4, 5.4, 2.1660320772536235]","[3.8000000000000003, 18.1, 2.1660320772536235]",15.337861650177969,True,,0.20522165298461914,97,15.898934198980223,False,True,9.999999999999998
distance,d12_16,2,"[12.0,16.0)m",24,15,20310620,20322623,90,1.0,1.3513513513513513,0.021144444444444445,12.0,16.0,"[14.0, 21.400000000000002, 0.5531091744264264]","[25.5, 28.5, 0.5531091744264264]",13.515176654413363,True,,0.6856226921081543,921,14.13762900399476,False,True,9.999999999999998
distance,d12_16,2,"[12.0,16.0)m",24,16,20310620,20322624,90,1.0,1.3513513513513513,0.021144444444444445,12.0,16.0,"[8.3, 18.6, 0.3322764814283675]","[22.5, 23.5, 0.3322764814283675]",15.02165104108067,True,,0.28154683113098145,205,15.533638641800412,False,True,9.999999999999998
distance,d12_16,2,"[12.0,16.0)m",24,17,20310620,20322625,90,1.0,1.3513513513513513,0.021144444444444445,12.0,16.0,"[5.7, 27.400000000000002, -0.0487418513099317]","[18.0, 26.8, -0.0487418513099317]",12.314625451064275,True,,0.6284546852111816,865,12.363499330409068,False,True,9.999999999999998
distance,d16_20,3,"[16.0,20.0)m",24,18,20310620,20323620,90,1.0,1.3513513513513513,0.021144444444444445,16.0,20.0,"[21.5, 14.3, 3.023500625170699]","[3.8000000000000003, 16.400000000000002, 3.023500625170699]",17.82414093301554,True,,0.21256613731384277,127,18.003865445637324,False,True,9.999999999999998
distance,d16_20,3,"[16.0,20.0)m",24,19,20310620,20323621,90,1.0,1.3513513513513513,0.021144444444444445,16.0,20.0,"[10.700000000000001, 19.1, -1.0801944630861096]","[19.3, 3.0, -1.0801944630861096]",18.252944967867514,True,,1.911327600479126,1995,18.95085378019744,False,True,9.999999999999998
distance,d16_20,3,"[16.0,20.0)m",24,20,20310620,20323622,90,1.0,1.3513513513513513,0.021144444444444445,16.0,20.0,"[5.2, 3.7, 1.7479324419715985]","[2.3000000000000003, 19.900000000000002, 1.7479324419715985]",16.457521077003065,True,,0.17560791969299316,49,16.68640806589877,False,True,9.999999999999998
distance,d16_20,3,"[16.0,20.0)m",24,21,20310620,20323623,90,1.0,1.3513513513513513,0.021144444444444445,16.0,20.0,"[28.1, 4.1000000000000005, 1.606075800388488]","[27.5, 21.1, 1.606075800388488]",17.010584939971935,True,,0.1430528163909912,1,17.010584939971935,False,True,9.999999999999998
distance,d16_20,3,"[16.0,20.0)m",24,22,20310620,20323624,90,1.0,1.3513513513513513,0.021144444444444445,16.0,20.0,"[5.7, 9.1, 0.9512086540840813]","[15.9, 23.400000000000002, 0.9512086540840813]",17.565022060902745,True,,1.602463960647583,2437,18.038759276697245,False,True,9.999999999999998
distance,d16_20,3,"[16.0,20.0)m",24,23,20310620,20323625,90,1.0,1.3513513513513513,0.021144444444444445,16.0,20.0,"[9.3, 22.8, -1.6170061818277215]","[8.5, 5.5, -1.6170061818277215]",17.318487231857176,False,timeout,2.500088691711426,3741,0.0,True,True,9.999999999999998
distance,d20_inf,4,20.0m+,24,24,20310620,20324620,90,1.0,1.3513513513513513,0.021144444444444445,20.0,,"[6.2, 7.7, 0.3901715036555403]","[29.3, 17.2, 0.3901715036555403]",24.977189593707298,True,,0.3654327392578125,505,25.776281205163066,False,True,9.999999999999998
distance,d20_inf,4,20.0m+,24,25,20310620,20324621,90,1.0,1.3513513513513513,0.021144444444444445,20.0,,"[24.5, 3.6, 1.8912697426777385]","[16.7, 27.1, 1.8912697426777385]",24.76065427245411,True,,0.2793772220611572,216,25.844582949092015,False,True,9.999999999999998
distance,d20_inf,4,20.0m+,24,26,20310620,20324622,90,1.0,1.3513513513513513,0.021144444444444445,20.0,,"[19.8, 24.400000000000002, -2.5800989903226945]","[1.2000000000000002, 12.700000000000001, -2.5800989903226945]",21.973848092675986,False,timeout,2.500000476837158,2885,0.0,True,True,9.999999999999998
distance,d20_inf,4,20.0m+,24,27,20310620,20324623,90,1.0,1.3513513513513513,0.021144444444444445,20.0,,"[19.5, 2.1, 1.8536443624917311]","[13.600000000000001, 22.400000000000002, 1.8536443624917311]",21.140009460735822,True,,0.1530461311340332,25,21.39215257919496,False,True,9.999999999999998
distance,d20_inf,4,20.0m+,24,28,20310620,20324624,90,1.0,1.3513513513513513,0.021144444444444445,20.0,,"[26.0, 29.1, -1.763413766010716]","[20.5, 0.9, -1.763413766010716]",28.73134177166114,True,,1.488011121749878,2545,29.696080991578036,False,True,9.999999999999998
distance,d20_inf,4,20.0m+,24,29,20310620,20324625,90,1.0,1.3513513513513513,0.021144444444444445,20.0,,"[6.6000000000000005, 21.700000000000003, -0.5519297832910719]","[26.900000000000002, 9.200000000000001, -0.5519297832910719]",23.83988255004626,True,,0.19525814056396484,121,25.068739448976473,False,True,9.999999999999998
distance,d04_08,0,"[4.0,8.0)m",25,0,20310621,20330620,90,1.0,1.3513513513513513,0.020866666666666665,4.0,8.0,"[4.2, 17.1, -0.8584387287005677]","[8.0, 12.700000000000001, -0.8584387287005677]",5.813776741499454,True,,0.3640015125274658,319,6.563468472179014,False,True,9.999999999999998
distance,d04_08,0,"[4.0,8.0)m",25,1,20310621,20330621,90,1.0,1.3513513513513513,0.020866666666666665,4.0,8.0,"[12.600000000000001, 26.1, -1.7172805051884579]","[11.700000000000001, 20.0, -1.7172805051884579]",6.1660360037872,True,,0.1435222625732422,1,6.1660360037872,False,True,9.999999999999998
distance,d04_08,0,"[4.0,8.0)m",25,2,20310621,20330622,90,1.0,1.3513513513513513,0.020866666666666665,4.0,8.0,"[19.0, 20.400000000000002, -1.3734007669450157]","[19.8, 16.400000000000002, -1.3734007669450157]",4.079215610874228,True,,0.14276981353759766,1,4.079215610874228,False,True,9.999999999999998
distance,d04_08,0,"[4.0,8.0)m",25,3,20310621,20330623,90,1.0,1.3513513513513513,0.020866666666666665,4.0,8.0,"[21.0, 18.5, -1.8925468811915387]","[18.6, 11.3, -1.8925468811915387]",7.589466384404109,True,,0.15721940994262695,21,7.6733416093172595,False,True,9.999999999999998
distance,d04_08,0,"[4.0,8.0)m",25,4,20310621,20330624,90,1.0,1.3513513513513513,0.020866666666666665,4.0,8.0,"[24.8, 24.8, -1.6162196062164738]","[24.5, 18.2, -1.6162196062164738]",6.606814663663574,True,,0.6046202182769775,549,6.682860177878241,False,True,9.999999999999998
distance,d04_08,0,"[4.0,8.0)m",25,5,20310621,20330625,90,1.0,1.3513513513513513,0.020866666666666665,4.0,8.0,"[13.100000000000001, 6.6000000000000005, 2.7181532474300742]","[6.0, 9.8, 2.7181532474300742]",7.787810988975016,True,,0.14211606979370117,1,7.787810988975016,False,True,9.999999999999998
distance,d08_12,1,"[8.0,12.0)m",25,6,20310621,20331620,90,1.0,1.3513513513513513,0.020866666666666665,8.0,12.0,"[20.8, 19.400000000000002, -1.9246214389688399]","[16.7, 8.3, -1.9246214389688399]",11.833004690272038,True,,0.4087224006652832,309,12.233779427271418,False,True,9.999999999999998
distance,d08_12,1,"[8.0,12.0)m",25,7,20310621,20331621,90,1.0,1.3513513513513513,0.020866666666666665,8.0,12.0,"[18.6, 10.600000000000001, -2.439869624859741]","[10.200000000000001, 3.5, -2.439869624859741]",10.99863627910297,True,,0.3545706272125244,377,11.357189051959049,False,True,9.999999999999998
distance,d08_12,1,"[8.0,12.0)m",25,8,20310621,20331622,90,1.0,1.3513513513513513,0.020866666666666665,8.0,12.0,"[4.0, 23.3, -1.7345345679092559]","[2.1, 11.8, -1.7345345679092559]",11.655899793666725,True,,0.2849242687225342,205,11.827294557439176,False,True,9.999999999999998
distance,d08_12,1,"[8.0,12.0)m",25,9,20310621,20331623,90,1.0,1.3513513513513513,0.020866666666666665,8.0,12.0,"[13.4, 25.700000000000003, -1.1115539756409012]","[17.900000000000002, 16.6, -1.1115539756409012]",10.151847122568388,True,,1.4643690586090088,1415,11.33842755869217,False,True,9.999999999999998
distance,d08_12,1,"[8.0,12.0)m",25,10,20310621,20331624,90,1.0,1.3513513513513513,0.020866666666666665,8.0,12.0,"[29.400000000000002, 27.700000000000003, -2.066561401899338]","[24.1, 17.900000000000002, -2.066561401899338]",11.14136436887332,True,,0.18608641624450684,71,11.659164969986342,False,True,9.999999999999998
distance,d08_12,1,"[8.0,12.0)m",25,11,20310621,20331625,90,1.0,1.3513513513513513,0.020866666666666665,8.0,12.0,"[6.0, 11.200000000000001, 1.9804424354197345]","[2.7, 18.8, 1.9804424354197345]",8.285529554590942,True,,0.44281864166259766,417,8.36673417007062,False,True,9.999999999999998
distance,d12_16,2,"[12.0,16.0)m",25,12,20310621,20332620,90,1.0,1.3513513513513513,0.020866666666666665,12.0,16.0,"[13.100000000000001, 13.100000000000001, 0.35585805714758184]","[24.400000000000002, 17.3, 0.35585805714758184]",12.055289295574786,False,timeout,2.5002379417419434,2738,0.0,True,True,9.999999999999998
distance,d12_16,2,"[12.0,16.0)m",25,13,20310621,20332621,90,1.0,1.3513513513513513,0.020866666666666665,12.0,16.0,"[7.7, 4.0, 1.3550301303878542]","[10.9, 18.6, 1.3550301303878542]",14.946571513226706,True,,0.2373361587524414,136,15.367270971619508,False,True,9.999999999999998
distance,d12_16,2,"[12.0,16.0)m",25,14,20310621,20332622,90,1.0,1.3513513513513513,0.020866666666666665,12.0,16.0,"[20.400000000000002, 9.0, -2.728050564040926]","[6.5, 2.9000000000000004, -2.728050564040926]",15.179591562357666,True,,0.14265799522399902,1,15.179591562357666,False,True,9.999999999999998
distance,d12_16,2,"[12.0,16.0)m",25,15,20310621,20332623,90,1.0,1.3513513513513513,0.020866666666666665,12.0,16.0,"[3.2, 9.8, 1.7579732642344592]","[0.7000000000000001, 23.0, 1.7579732642344592]",13.434656675925886,False,timeout,2.5005414485931396,2813,0.0,True,True,9.999999999999998
distance,d12_16,2,"[12.0,16.0)m",25,16,20310621,20332624,90,1.0,1.3513513513513513,0.020866666666666665,12.0,16.0,"[24.1, 24.3, -1.3881417138803258]","[27.0, 8.6, -1.3881417138803258]",15.96558799418299,True,,0.38780879974365234,391,16.40676145309034,False,True,9.999999999999998
distance,d12_16,2,"[12.0,16.0)m",25,17,20310621,20332625,90,1.0,1.3513513513513513,0.020866666666666665,12.0,16.0,"[1.9000000000000001, 12.8, 0.6524963684180755]","[12.5, 20.900000000000002, 0.6524963684180755]",13.34053971921676,True,,0.3129420280456543,301,13.66409624837169,False,True,9.999999999999998
distance,d16_20,3,"[16.0,20.0)m",25,18,20310621,20333620,90,1.0,1.3513513513513513,0.020866666666666665,16.0,20.0,"[19.0, 25.900000000000002, -1.0631955622740255]","[28.400000000000002, 9.0, -1.0631955622740255]",19.338303958723994,True,,0.19069457054138184,105,19.5673355177,False,True,9.999999999999998
distance,d16_20,3,"[16.0,20.0)m",25,19,20310621,20333621,90,1.0,1.3513513513513513,0.020866666666666665,16.0,20.0,"[20.0, 27.200000000000003, -1.4833009859925053]","[21.5, 10.100000000000001, -1.4833009859925053]",17.165663401103963,True,,1.9922890663146973,2677,17.536807415454238,False,True,9.999999999999998
distance,d16_20,3,"[16.0,20.0)m",25,20,20310621,20333622,90,1.0,1.3513513513513513,0.020866666666666665,16.0,20.0,"[5.4, 10.100000000000001, 0.9357695914045828]","[16.6, 25.3, 0.9357695914045828]",18.880677953929514,True,,0.2361607551574707,201,19.370949670293395,False,True,9.999999999999998
distance,d16_20,3,"[16.0,20.0)m",25,21,20310621,20333623,90,1.0,1.3513513513513513,0.020866666666666665,16.0,20.0,"[0.8, 3.6, 0.5454750689277834]","[15.3, 12.4, 0.5454750689277834]",16.961426826773742,False,timeout,2.50014328956604,3370,0.0,True,True,9.999999999999998
distance,d16_20,3,"[16.0,20.0)m",25,22,20310621,20333624,90,1.0,1.3513513513513513,0.020866666666666665,16.0,20.0,"[15.3, 2.5, 0.6774856745807718]","[28.6, 13.200000000000001, 0.6774856745807718]",17.06985647274165,False,timeout,2.5000827312469482,3826,0.0,True,True,9.999999999999998
distance,d16_20,3,"[16.0,20.0)m",25,23,20310621,20333625,90,1.0,1.3513513513513513,0.020866666666666665,16.0,20.0,"[26.0, 11.4, 2.411898883843635]","[11.8, 24.1, 2.411898883843635]",19.050721771103582,False,timeout,2.5008366107940674,3817,0.0,True,True,9.999999999999998
distance,d20_inf,4,20.0m+,25,24,20310621,20334620,90,1.0,1.3513513513513513,0.020866666666666665,20.0,,"[19.6, 5.0, 1.3640377446812777]","[23.900000000000002, 25.5, 1.3640377446812777]",20.94612135933524,True,,0.21299457550048828,148,21.36652160680574,False,True,9.999999999999998
distance,d20_inf,4,20.0m+,25,25,20310621,20334621,90,1.0,1.3513513513513513,0.020866666666666665,20.0,,"[7.0, 3.4000000000000004, 1.0145453437294818]","[21.3, 26.400000000000002, 1.0145453437294818]",27.083020511013906,True,,0.25435853004455566,329,27.701280219978315,False,True,9.999999999999998
distance,d20_inf,4,20.0m+,25,26,20310621,20334622,90,1.0,1.3513513513513513,0.020866666666666665,20.0,,"[28.200000000000003, 0.7000000000000001, 1.9113240167839713]","[19.200000000000003, 26.1, 1.9113240167839713]",26.947356085523495,True,,0.30893373489379883,385,27.4035937742631,False,True,9.999999999999998
distance,d20_inf,4,20.0m+,25,27,20310621,20334623,90,1.0,1.3513513513513513,0.020866666666666665,20.0,,"[14.600000000000001, 1.6, 1.704325375886768]","[11.0, 28.400000000000002, 1.704325375886768]",27.040710049848915,False,timeout,2.5015969276428223,4169,0.0,True,True,9.999999999999998
distance,d20_inf,4,20.0m+,25,28,20310621,20334624,90,1.0,1.3513513513513513,0.020866666666666665,20.0,,"[18.5, 24.200000000000003, -2.4989859989407996]","[0.6000000000000001, 10.8, -2.4989859989407996]",22.360008944542038,False,timeout,2.5000007152557373,4966,0.0,True,True,9.999999999999998
distance,d20_inf,4,20.0m+,25,29,20310621,20334625,90,1.0,1.3513513513513513,0.020866666666666665,20.0,,"[28.6, 1.9000000000000001, 2.7297505013799883]","[0.9, 14.0, 2.7297505013799883]",30.227470949452588,True,,0.3840043544769287,473,31.38824739692709,False,True,9.999999999999998
distance,d04_08,0,"[4.0,8.0)m",26,0,20310622,20340620,90,1.0,1.3513513513513513,0.020555555555555556,4.0,8.0,"[15.9, 12.9, 2.7498927141523692]","[11.3, 14.8, 2.7498927141523692]",4.976946855251721,True,,0.14383172988891602,1,4.976946855251721,False,True,9.999999999999998
distance,d04_08,0,"[4.0,8.0)m",26,1,20310622,20340621,90,1.0,1.3513513513513513,0.020555555555555556,4.0,8.0,"[7.9, 13.8, -1.9917869010471423]","[4.9, 7.1000000000000005, -1.9917869010471423]",7.340980860893182,True,,0.2326514720916748,151,8.215656396901064,False,True,9.999999999999998
distance,d04_08,0,"[4.0,8.0)m",26,2,20310622,20340622,90,1.0,1.3513513513513513,0.020555555555555556,4.0,8.0,"[8.5, 28.6, -2.5535900500422257]","[4.0, 25.6, -2.5535900500422257]",5.408326913195984,True,,0.14057564735412598,1,5.408326913195984,False,True,9.999999999999998
distance,d04_08,0,"[4.0,8.0)m",26,3,20310622,20340623,90,1.0,1.3513513513513513,0.020555555555555556,4.0,8.0,"[18.8, 4.5, 1.209959543761806]","[20.8, 9.8, 1.209959543761806]",5.664803615307419,True,,0.15169310569763184,17,5.693148004712147,False,True,9.999999999999998
distance,d04_08,0,"[4.0,8.0)m",26,4,20310622,20340624,90,1.0,1.3513513513513513,0.020555555555555556,4.0,8.0,"[4.2, 7.0, 0.2003985538258786]","[10.600000000000001, 8.3, 0.2003985538258786]",6.530696746902279,True,,0.14199328422546387,1,6.530696746902279,False,True,9.999999999999998
distance,d04_08,0,"[4.0,8.0)m",26,5,20310622,20340625,90,1.0,1.3513513513513513,0.020555555555555556,4.0,8.0,"[7.800000000000001, 0.7000000000000001, 2.310771210770768]","[3.6, 5.300000000000001, 2.310771210770768]",6.228964600958976,True,,0.13930296897888184,1,6.228964600958976,False,True,9.999999999999998
distance,d08_12,1,"[8.0,12.0)m",26,6,20310622,20341620,90,1.0,1.3513513513513513,0.020555555555555556,8.0,12.0,"[12.700000000000001, 9.600000000000001, 3.0907889495315715]","[0.9, 10.200000000000001, 3.0907889495315715]",11.815244390193545,True,,1.7553365230560303,2170,12.21257548734741,False,True,9.999999999999998
distance,d08_12,1,"[8.0,12.0)m",26,7,20310622,20341621,90,1.0,1.3513513513513513,0.020555555555555556,8.0,12.0,"[6.4, 18.8, -1.8220119152869607]","[3.5, 7.5, -1.8220119152869607]",11.666190466471907,True,,0.14043188095092773,1,11.666190466471907,False,True,9.999999999999998
distance,d08_12,1,"[8.0,12.0)m",26,8,20310622,20341622,90,1.0,1.3513513513513513,0.020555555555555556,8.0,12.0,"[6.4, 16.0, 2.129395642138459]","[1.9000000000000001, 23.200000000000003, 2.129395642138459]",8.490583018850947,True,,0.4709467887878418,403,8.762091780827447,False,True,9.999999999999998
distance,d08_12,1,"[8.0,12.0)m",26,9,20310622,20341623,90,1.0,1.3513513513513513,0.020555555555555556,8.0,12.0,"[13.200000000000001, 22.5, 0.3535419597511188]","[21.6, 25.6, 0.3535419597511188]",8.95377015563835,True,,0.17726826667785645,55,9.207357995565589,False,True,9.999999999999998
distance,d08_12,1,"[8.0,12.0)m",26,10,20310622,20341624,90,1.0,1.3513513513513513,0.020555555555555556,8.0,12.0,"[11.100000000000001, 12.9, 0.5676664243718799]","[18.0, 17.3, 0.5676664243718799]",8.183520025025905,True,,0.14458417892456055,1,8.183520025025905,False,True,9.999999999999998
distance,d08_12,1,"[8.0,12.0)m",26,11,20310622,20341625,90,1.0,1.3513513513513513,0.020555555555555556,8.0,12.0,"[21.200000000000003, 19.3, 2.3895154860705925]","[15.0, 25.1, 2.3895154860705925]",8.489994110716452,True,,0.5383963584899902,617,8.593448375063991,False,True,9.999999999999998
distance,d12_16,2,"[12.0,16.0)m",26,12,20310622,20342620,90,1.0,1.3513513513513513,0.020555555555555556,12.0,16.0,"[17.0, 1.8, 1.3564532371386107]","[20.200000000000003, 16.5, 1.3564532371386107]",15.044268011438776,True,,0.3923370838165283,388,15.275510934366071,False,True,9.999999999999998
distance,d12_16,2,"[12.0,16.0)m",26,13,20310622,20342621,90,1.0,1.3513513513513513,0.020555555555555556,12.0,16.0,"[28.900000000000002, 22.5, -2.2625465640756457]","[20.700000000000003, 12.600000000000001, -2.2625465640756457]",12.85496013218244,True,,1.5587637424468994,2273,12.967595788076206,False,True,9.999999999999998
distance,d12_16,2,"[12.0,16.0)m",26,14,20310622,20342622,90,1.0,1.3513513513513513,0.020555555555555556,12.0,16.0,"[20.700000000000003, 3.1, 1.703347859091571]","[18.7, 18.1, 1.703347859091571]",15.132745950421558,True,,0.21319842338562012,97,15.267928027187454,False,True,9.999999999999998
distance,d12_16,2,"[12.0,16.0)m",26,15,20310622,20342623,90,1.0,1.3513513513513513,0.020555555555555556,12.0,16.0,"[18.1, 20.400000000000002, 2.456863142350174]","[7.2, 29.3, 2.456863142350174]",14.071957930579526,True,,0.1505742073059082,9,14.344059160915565,False,True,9.999999999999998
distance,d12_16,2,"[12.0,16.0)m",26,16,20310622,20342624,90,1.0,1.3513513513513513,0.020555555555555556,12.0,16.0,"[10.4, 12.5, 0.8194758749844561]","[18.900000000000002, 21.6, 0.8194758749844561]",12.452309022827857,True,,0.3920259475708008,441,12.550130257036027,False,True,9.999999999999998
distance,d12_16,2,"[12.0,16.0)m",26,17,20310622,20342625,90,1.0,1.3513513513513513,0.020555555555555556,12.0,16.0,"[16.0, 22.200000000000003, -2.549405974040151]","[5.0, 14.8, -2.549405974040151]",13.257450735341243,True,,0.2523324489593506,181,13.411085664066398,False,True,9.999999999999998
distance,d16_20,3,"[16.0,20.0)m",26,18,20310622,20343620,90,1.0,1.3513513513513513,0.020555555555555556,16.0,20.0,"[17.0, 9.5, 1.1117569801042109]","[25.6, 26.900000000000002, 1.1117569801042109]",19.409276132818558,True,,0.23847126960754395,183,19.8437522837145,False,True,9.999999999999998
distance,d16_20,3,"[16.0,20.0)m",26,19,20310622,20343621,90,1.0,1.3513513513513513,0.020555555555555556,16.0,20.0,"[20.3, 18.2, -1.865526432004274]","[15.200000000000001, 1.4000000000000001, -1.865526432004274]",17.55704986607944,True,,0.22296881675720215,161,17.812737507904767,False,True,9.999999999999998
distance,d16_20,3,"[16.0,20.0)m",26,20,20310622,20343622,90,1.0,1.3513513513513513,0.020555555555555556,16.0,20.0,"[27.200000000000003, 20.700000000000003, 2.846776946600108]","[8.1, 26.5, 2.846776946600108]",19.96121238802894,True,,0.1659252643585205,41,20.388022032940984,False,True,9.999999999999998
distance,d16_20,3,"[16.0,20.0)m",26,21,20310622,20343623,90,1.0,1.3513513513513513,0.020555555555555556,16.0,20.0,"[13.5, 25.5, -1.871882096661176]","[7.6000000000000005, 6.5, -1.871882096661176]",19.894974239742055,True,,0.2654695510864258,216,20.922960905604533,False,True,9.999999999999998
distance,d16_20,3,"[16.0,20.0)m",26,22,20310622,20343624,90,1.0,1.3513513513513513,0.020555555555555556,16.0,20.0,"[2.4000000000000004, 17.3, -0.9913259394047071]","[11.3, 3.7, -0.9913259394047071]",16.253307355735327,True,,1.5389814376831055,1786,16.625044554436247,False,True,9.999999999999998
distance,d16_20,3,"[16.0,20.0)m",26,23,20310622,20343625,90,1.0,1.3513513513513513,0.020555555555555556,16.0,20.0,"[12.3, 2.9000000000000004, 0.6718535585247936]","[25.0, 13.0, 0.6718535585247936]",16.2265215003093,True,,0.18745756149291992,129,16.504660218333875,False,True,9.999999999999998
distance,d20_inf,4,20.0m+,26,24,20310622,20344620,90,1.0,1.3513513513513513,0.020555555555555556,20.0,,"[13.0, 26.200000000000003, -0.8433975566054014]","[27.6, 9.8, -0.8433975566054014]",21.957231155134295,False,timeout,2.500281572341919,4902,0.0,True,True,9.999999999999998
distance,d20_inf,4,20.0m+,26,25,20310622,20344621,90,1.0,1.3513513513513513,0.020555555555555556,20.0,,"[1.2000000000000002, 22.8, -0.6938183132547626]","[22.6, 5.0, -0.6938183132547626]",27.83522947633089,False,timeout,2.500067949295044,5324,0.0,True,True,9.999999999999998
distance,d20_inf,4,20.0m+,26,26,20310622,20344622,90,1.0,1.3513513513513513,0.020555555555555556,20.0,,"[0.8, 24.8, -0.7725783529245477]","[16.6, 9.4, -0.7725783529245477]",22.06354459283458,False,timeout,2.5026729106903076,2969,0.0,True,True,9.999999999999998
distance,d20_inf,4,20.0m+,26,27,20310622,20344623,90,1.0,1.3513513513513513,0.020555555555555556,20.0,,"[27.900000000000002, 4.4, 2.6135182051634334]","[3.9000000000000004, 18.400000000000002, 2.6135182051634334]",27.78488797889961,True,,0.24541902542114258,233,28.910138427882423,False,True,9.999999999999998
distance,d20_inf,4,20.0m+,26,28,20310622,20344624,90,1.0,1.3513513513513513,0.020555555555555556,20.0,,"[12.200000000000001, 28.700000000000003, -1.4410937896389846]","[15.5, 3.4000000000000004, -1.4410937896389846]",25.51430971043505,True,,0.5916695594787598,727,26.038355080114584,False,True,9.999999999999998
distance,d20_inf,4,20.0m+,26,29,20310622,20344625,90,1.0,1.3513513513513513,0.020555555555555556,20.0,,"[21.8, 26.200000000000003, -1.418786588974394]","[25.400000000000002, 2.7, -1.418786588974394]",23.774145620820956,True,,1.7021777629852295,2557,24.408944360544094,False,True,9.999999999999998
