episode_index,curriculum_stage,curriculum_source,query_id,difficulty_bucket,profile_name,map_seed,query_seed,reward_total,reward_term_success,reward_term_terminal,reward_term_collision,reward_term_progress,reward_term_rs_progress,reward_term_clearance,reward_term_curvature,reward_term_path_length,reward_term_step,terminated,truncated,terminal_rs_success,collision,failure_reason,rollout_steps,rollout_collision_checks,rollout_length_m,min_clearance_m,mean_abs_curvature_delta,mean_abs_curvature_rate,nn_forward_time_s,rollout_sample_time_s,rollout_collision_time_s,terminal_rs_time_s
0,heldout_procedural,main_evaluation_build_query_set,complex_s00_q0008,Complex,complex_d04,20360708,20361711,1.1496785310555355,1.0,0.0,0.0,0.059678531055535444,0.0,0.1,0.0,0.0,-0.01,True,False,True,False,,1,4,0.29995634463941895,0.7300012066771369,0.590980652811746,1.9702222119094392,0.0,6.144e-06,1.5798e-05,0.000329814
1,obstacle_bypass,procedural_single_side_obstacle,,,,,,-0.9507392378679622,0.0,0.0,-1.0,0.05926076213203775,0.0,0.0,0.0,0.0,-0.01,True,False,False,True,collision,1,4,0.299901838491737,-0.011925135571779766,0.8862105636299183,2.9550021036444414,0.0,1.0441e-05,3.2743e-05,0.0
2,rs_failure_node,0_trials/module2_oracle_shape/oracle_connector_results.parquet,extreme_s00_q0008,Extreme,extreme_d07,20460621,20461624,1.3986046060007573,1.0,0.0,0.0,0.22799296580095457,0.0,0.22061164019980278,0.0,0.0,-0.05,True,False,True,False,,5,20,1.4998087298017748,0.07371276168125673,0.5445849294757915,1.8155146008110234,0.0,3.7494000000000004e-05,0.000131408,0.0006708630000000001
3,rs_failure_node,0_trials/module2_oracle_shape/oracle_connector_results.parquet,extreme_s00_q0008,Extreme,extreme_d07,20460621,20461624,-0.929762587200317,0.0,0.0,-1.0,0.05977195625810943,0.0,0.020465456541573612,0.0,0.0,-0.01,True,False,False,True,collision,1,4,0.2999018384917368,0.10232728270786806,0.8862105636299183,2.9550021036444436,0.0,5.63e-06,3.542e-05,0.0
4,heldout_procedural,main_evaluation_build_query_set,extreme_s00_q0009,Extreme,extreme_d05,20460708,20461712,0.43775209702930695,0.0,0.0,-1.0,0.6246997878814016,0.0,0.9230523091479055,0.0,0.0,-0.10999999999999999,True,False,False,True,collision,11,44,3.2995212755301293,-0.07563403697711424,0.777488830449094,2.5920054519320948,0.0,7.0775e-05,0.000233119,0.001930532
5,open_connector,procedural_empty_grid,,,,,,1.149999442203012,1.0,0.0,0.0,0.059999442203011816,0.0,0.1,0.0,0.0,-0.01,True,False,True,False,,1,4,0.299999930871377,1.3638110115935187,0.023516568553834605,0.07838857990909731,0.0,8.131e-06,1.8824e-05,0.000136158
6,heldout_procedural,main_evaluation_build_query_set,complex_s00_q0001,Complex,complex_d03,20360707,20361708,-0.9504089729750258,0.0,0.0,-1.0,0.05959102702497426,0.0,0.0,0.0,0.0,-0.01,True,False,False,True,collision,1,4,0.2999440682504824,-0.23618917616111235,0.6689387304960055,2.230211567102493,0.0,6.591e-06,2.6358e-05,0.0
7,rs_failure_node,0_trials/module2_oracle_shape/oracle_connector_results.parquet,extreme_s00_q0004,Extreme,extreme_d06,20460620,20461624,-0.5802065240910993,0.0,0.0,-1.0,0.23876466100461705,0.0,0.2210288149042837,0.0,0.0,-0.04,True,False,False,True,collision,4,16,1.1998910402580654,-0.15334645362597898,0.4642700358387633,1.5477073176208096,0.0,2.522e-05,0.000106054,0.000293632
8,rs_failure_node,0_trials/module2_oracle_shape/oracle_connector_results.parquet,complex_s00_q0006,Complex,complex_d02,20360621,20361622,1.1413104247409251,1.0,0.0,0.0,0.05131042474092498,0.0,0.1,0.0,0.0,-0.01,True,False,True,False,,1,4,0.29990183849173635,0.956649656574903,0.8862105636299183,2.9550021036444476,0.0,6.816e-06,1.7396e-05,0.000153509
9,heldout_procedural,main_evaluation_build_query_set,complex_s00_q0001,Complex,complex_d03,20360707,20361708,-0.950128524162786,0.0,0.0,-1.0,0.05987147583721395,0.0,0.0,0.0,0.0,-0.01,True,False,False,True,collision,1,4,0.2999824474545925,-0.23618917616111235,0.37473034045924014,1.249174222154988,0.0,5.837e-06,2.3672e-05,0.0
10,heldout_procedural,main_evaluation_build_query_set,complex_s00_q0006,Complex,complex_d02,20360708,20361709,1.1069625570083979,1.0,0.0,0.0,0.05997833597097468,0.0,0.056984221037423226,0.0,0.0,-0.01,True,False,True,False,,1,4,0.29999703107441245,0.2849211051871161,0.15411513623966475,0.5137222048088783,0.0,6.146e-06,1.74e-05,0.000567301
11,open_connector,procedural_empty_grid,,,,,,1.1499275309823223,1.0,0.0,0.0,0.059927530982322175,0.0,0.1,0.0,0.0,-0.01,True,False,True,False,,1,4,0.29999106723250357,1.4638107970167975,0.26732522951328724,0.8911106319912547,0.0,5.668e-06,1.6813e-05,0.000119865
12,rs_failure_node,0_trials/module2_oracle_shape/oracle_connector_results.parquet,complex_s00_q0008,Complex,complex_d04,20360621,20361624,-0.7013161550774827,0.0,0.0,-1.0,0.2215907852152464,0.0,0.1170930597072709,0.0,0.0,-0.04,True,False,False,True,collision,4,16,1.1998674483877647,-0.03618917318088011,0.2964819882462872,0.9883824705626058,0.0,2.662e-05,8.7404e-05,0.000280941
13,rs_failure_node,0_trials/module2_oracle_shape/oracle_connector_results.parquet,complex_s00_q0008,Complex,complex_d04,20360621,20361624,-0.34332148368126325,0.0,0.0,-1.0,0.3291737974265685,0.0,0.38750471889216825,0.0,0.0,-0.060000000000000005,True,False,False,True,collision,6,24,1.7998017111153923,-0.011925135571779766,0.19096830422182673,0.6366311456726346,0.0,4.1228e-05,0.000117031,0.000895459
14,open_connector,procedural_empty_grid,,,,,,1.1499683059370729,1.0,0.0,0.0,0.059968305937072856,0.0,0.1,0.0,0.0,-0.01,True,False,True,False,,1,4,0.2999961491651931,0.9638107970167975,0.1755186516774959,0.5850696822806428,0.0,6.204e-06,1.6387e-05,0.00011014
15,heldout_procedural,main_evaluation_build_query_set,extreme_s00_q0002,Extreme,extreme_d07,20460707,20461709,-0.5268265853581022,0.0,0.0,-1.0,0.41119384725601194,0.0,0.13197956738588576,0.0,0.0,-0.07,True,False,False,True,collision,7,28,2.099805960996598,-0.023878608662905254,0.6267674193160231,2.0894177922658397,0.0,5.4021e-05,0.000286357,0.00103419
16,obstacle_bypass,procedural_single_side_obstacle,,,,,,-0.9379770736962312,0.0,0.0,-1.0,0.05926076213203775,0.0,0.012762164171731084,0.0,0.0,-0.01,True,False,False,True,collision,1,4,0.299901838491737,0.06381082085865541,0.8862105636299183,2.9550021036444414,0.0,6.249e-06,4.343e-05,0.0
17,heldout_procedural,main_evaluation_build_query_set,complex_s00_q0004,Complex,complex_d03,20360707,20361711,0.00895728980954602,0.0,0.0,-1.0,0.46177769279695546,0.0,0.6271795970125905,0.0,0.0,-0.08,True,False,False,True,collision,8,32,2.3995208047187444,-0.11996141525012449,0.4466025662519966,1.4889725160915013,0.0,5.4165e-05,0.000142601,0.000874582
18,obstacle_bypass,procedural_single_side_obstacle,,,,,,-0.9373791097241462,0.0,0.0,-1.0,0.059858726104122795,0.0,0.012762164171731084,0.0,0.0,-0.01,True,False,False,True,collision,1,4,0.2999812992068782,0.06381082085865541,0.3867934110235887,1.2893917455729187,0.0,6.917e-06,3.7812e-05,0.0
19,open_connector,procedural_empty_grid,,,,,,1.1495905498129952,1.0,0.0,0.0,0.05959054981299512,0.0,0.1,0.0,0.0,-0.01,True,False,True,False,,1,4,0.2999505009220333,1.5638108208586554,0.629295023404009,2.0979962409450446,0.0,6.916e-06,1.5868e-05,0.000111143
20,obstacle_bypass,procedural_single_side_obstacle,,,,,,-0.9507392378679622,0.0,0.0,-1.0,0.05926076213203775,0.0,0.0,0.0,0.0,-0.01,True,False,False,True,collision,1,4,0.299901838491737,-0.011925135571779766,0.8862105636299183,2.9550021036444414,0.0,7.758e-06,3.7233e-05,0.0
21,obstacle_bypass,procedural_single_side_obstacle,,,,,,-0.9372752143102326,0.0,0.0,-1.0,0.05996262151803631,0.0,0.012762164171731084,0.0,0.0,-0.01,True,False,False,True,collision,1,4,0.29999505479316385,0.06381082085865541,0.19890160967624,0.6630162947631778,0.0,7.766e-06,4.8965e-05,0.0
22,rs_failure_node,0_trials/module2_oracle_shape/oracle_connector_results.parquet,extreme_s00_q0007,Extreme,extreme_d06,20460621,20461623,1.1499126059017768,1.0,0.0,0.0,0.059912605901776675,0.0,0.1,0.0,0.0,-0.01,True,False,True,False,,1,4,0.2999733985094942,0.7721154644896369,0.4613215639805319,1.5378749124847182,0.0,7.073e-06,2.205e-05,0.000154665
23,open_connector,procedural_empty_grid,,,,,,1.149446508992787,1.0,0.0,0.0,0.05944650899278701,0.0,0.1,0.0,0.0,-0.01,True,False,True,False,,1,4,0.29992932197619815,2.0638108208586554,0.751973508697825,2.507169034835148,0.0,5.891e-06,1.6394e-05,0.000145565
24,heldout_procedural,main_evaluation_build_query_set,extreme_s00_q0006,Extreme,extreme_d05,20460708,20461709,0.06657241773343348,0.0,0.0,-1.0,0.6043636737704211,0.0,0.5722087439630122,0.0,0.0,-0.10999999999999999,True,False,False,True,collision,11,44,3.2995919955483317,-0.011925135571779766,0.5826460082242906,1.9423935138387074,0.0,7.5634e-05,0.00030136000000000003,0.001692692
25,obstacle_bypass,procedural_single_side_obstacle,,,,,,1.1464254273741652,1.0,0.0,0.0,0.11657876807901246,0.0,0.04984665929515284,0.0,0.0,-0.02,True,False,True,False,,2,8,0.599900533489856,0.10232728270786806,0.835122334381224,2.7842026728097435,0.0,1.2425e-05,6.6322e-05,0.000310827
26,obstacle_bypass,procedural_single_side_obstacle,,,,,,-0.8759190085629149,0.0,0.0,-1.0,0.11855666309362292,0.0,0.025524328343462167,0.0,0.0,-0.02,True,False,False,True,collision,2,8,0.5999275993357062,0.06381082085865541,0.34992370278571,1.1665531079856204,0.0,1.1972999999999999e-05,7.4355e-05,9.371e-05
27,open_connector,procedural_empty_grid,,,,,,1.1493260276342454,1.0,0.0,0.0,0.059326027634245375,0.0,0.1,0.0,0.0,-0.01,True,False,True,False,,1,4,0.29991584303445923,1.6638107254912238,0.8205561472263844,2.735954656227032,0.0,5.867e-06,1.6199e-05,0.00012544
28,open_connector,procedural_empty_grid,,,,,,1.1493760762954817,1.0,0.0,0.0,0.05937607629548154,0.0,0.1,0.0,0.0,-0.01,True,False,True,False,,1,4,0.2999268064283806,2.2638108685423712,0.7652394632584663,2.55142070284137,0.0,6.046e-06,1.6736e-05,0.000101727
29,rs_failure_node,0_trials/module2_oracle_shape/oracle_connector_results.parquet,complex_s00_q0000,Complex,complex_d02,20360620,20361620,-0.8247778051583343,0.0,0.0,-1.0,0.11738240486261393,0.0,0.07783978997905176,0.0,0.0,-0.02,True,False,False,True,collision,2,8,0.5999818763438636,0.06381082085865541,0.1565386923833993,0.5218114031620626,0.0,1.1325e-05,4.3896e-05,9.7083e-05
30,heldout_procedural,main_evaluation_build_query_set,complex_s00_q0007,Complex,complex_d03,20360708,20361710,0.55748898456827,0.0,0.0,-1.0,0.6793371356635896,0.0,0.9981518489046803,0.0,0.0,-0.11999999999999998,True,False,False,True,collision,12,48,3.5992461246456884,-0.21258236916762785,0.7376862887175207,2.4594693327569166,0.0,7.6739e-05,0.00021683,0.001913718
31,heldout_procedural,main_evaluation_build_query_set,extreme_s00_q0003,Extreme,extreme_d05,20460707,20461710,-0.6046033897088581,0.0,0.0,-1.0,0.23549003640706093,0.0,0.19990657388408106,0.0,0.0,-0.04,True,False,False,True,collision,4,16,1.199830895391782,-0.023878608662905254,0.5614630645240244,1.8718073244502986,0.0,2.5147e-05,9.3314e-05,0.000404187
32,open_connector,procedural_empty_grid,,,,,,1.1497607603385287,1.0,0.0,0.0,0.059760760338528576,0.0,0.1,0.0,0.0,-0.01,True,False,True,False,,1,4,0.29996938067316625,2.6638107254912238,0.49493647608732494,1.6499566554980705,0.0,8.35e-06,1.8287e-05,0.000159336
33,obstacle_bypass,procedural_single_side_obstacle,,,,,,-0.9500127888644395,0.0,0.0,-1.0,0.05998721113556052,0.0,0.0,0.0,0.0,-0.01,True,False,False,True,collision,1,4,0.29999830823853113,-0.011925135571779766,0.11633621382737393,0.3877895662494005,0.0,6.177e-06,3.1987e-05,0.0
34,open_connector,procedural_empty_grid,,,,,,1.149600928054052,1.0,0.0,0.0,0.059600928054051844,0.0,0.1,0.0,0.0,-0.01,True,False,True,False,,1,4,0.2999497601582243,1.2638108685423712,0.6339865362022532,2.1136424175429367,0.0,5.615e-06,1.5701e-05,0.000129429
35,open_connector,procedural_empty_grid,,,,,,1.1499795290960957,1.0,0.0,0.0,0.059979529096095524,0.0,0.1,0.0,0.0,-0.01,True,False,True,False,,1,4,0.299997429974462,0.963810916226087,0.1433884833085239,0.477965705641979,0.0,5.661e-06,1.7058e-05,0.000129234
36,rs_failure_node,0_trials/module2_oracle_shape/oracle_connector_results.parquet,extreme_s00_q0008,Extreme,extreme_d07,20460621,20461624,1.2480172480681313,1.0,0.0,0.0,0.09033085570502451,0.0,0.17768639236310682,0.0,0.0,-0.02,True,False,True,False,,2,8,0.5998036769834716,0.3884319618155341,1.3293158454448775,4.43250315546668,0.0,1.2584e-05,3.3186000000000004e-05,0.000334022
37,obstacle_bypass,procedural_single_side_obstacle,,,,,,-0.8594147351279285,0.0,0.0,-1.0,0.11844189794676119,0.0,0.042143366925310316,0.0,0.0,-0.02,True,False,False,True,collision,2,8,0.599803676983474,0.06381082085865541,1.3293158454448775,4.432503155466661,0.0,1.4120999999999999e-05,6.6371e-05,0.000100821
38,open_connector,procedural_empty_grid,,,,,,1.1493057437209866,1.0,0.0,0.0,0.05930574372098656,0.0,0.1,0.0,0.0,-0.01,True,False,True,False,,1,4,0.29991536532312024,1.5638108208586554,0.8228819639902695,2.7437139244390494,0.0,5.252e-06,1.5571e-05,0.000112656
39,open_connector,procedural_empty_grid,,,,,,1.1496738106802349,1.0,0.0,0.0,0.0596738106802349,0.0,0.1,0.0,0.0,-0.01,True,False,True,False,,1,4,0.29996000039076437,0.963810916226087,0.5656939759389055,1.8858980370781562,0.0,6.829e-06,1.6852e-05,0.000129507
40,heldout_procedural,main_evaluation_build_query_set,complex_s00_q0009,Complex,complex_d02,20360708,20361712,1.0840829717279674,0.0,-0.25,0.0,0.30991925650730356,0.0,1.1641637152206636,0.0,0.0,-0.13999999999999999,False,True,False,False,no_progress,14,56,4.199279269255936,0.26381080893772646,0.5921283267611075,1.9740998497878806,0.0,9.2643e-05,0.000242857,0.002763745
41,rs_failure_node,0_trials/module2_oracle_shape/oracle_connector_results.parquet,complex_s00_q0003,Complex,complex_d02,20360620,20361623,0.9840319426358067,0.0,0.0,-1.0,0.7882590560804349,0.0,1.3657728865553715,0.0,0.0,-0.17,True,False,False,True,collision,17,68,5.099373406876028,-0.011925135571779766,0.5263349458310802,1.7546654000790047,0.0,0.00010859199999999999,0.000297109,0.002783082
42,rs_failure_node,0_trials/module2_oracle_shape/oracle_connector_results.parquet,extreme_s00_q0004,Extreme,extreme_d06,20460620,20461624,0.4491561229965285,0.0,-0.25,0.0,0.0895352866269432,0.0,0.6796208363695853,0.0,0.0,-0.07,False,True,False,False,no_progress,7,28,2.0996985260892544,0.41233890799778505,0.6088758894166713,2.02987770527945,0.0,5.188e-05,0.000118896,0.00104402
43,rs_failure_node,0_trials/module2_oracle_shape/oracle_connector_results.parquet,extreme_s00_q0008,Extreme,extreme_d07,20460621,20461624,-0.8734008217774691,0.0,0.0,-1.0,0.1172179754689516,0.0,0.02938120275357923,0.0,0.0,-0.02,True,False,False,True,collision,2,8,0.5998053938547653,-0.15334645362597898,0.4431052818149592,1.477496822651952,0.0,1.1867e-05,4.9517999999999996e-05,0.000102664
44,rs_failure_node,0_trials/module2_oracle_shape/oracle_connector_results.parquet,extreme_s00_q0005,Extreme,extreme_d07,20460621,20461621,-0.5664182577141444,0.0,0.0,-1.0,0.2327570914655649,0.0,0.24082465082029067,0.0,0.0,-0.04,True,False,False,True,collision,4,16,1.199784074065053,-0.07563403697711424,0.43656317648436355,1.4554724834952022,0.0,2.6535999999999998e-05,8.4158e-05,0.000341531
45,open_connector,procedural_empty_grid,,,,,,1.1492308419632826,1.0,0.0,0.0,0.05923084196328254,0.0,0.1,0.0,0.0,-0.01,True,False,True,False,,1,4,0.29990183849173674,1.963810916226087,0.8862105636299183,2.955002103644444,0.0,5.626e-06,1.6748e-05,0.000141772
46,rs_failure_node,0_trials/module2_oracle_shape/oracle_connector_results.parquet,extreme_s00_q0003,Extreme,extreme_d05,20460620,20461623,-0.9519089514396777,0.0,0.0,-1.0,0.05809104856032228,0.0,0.0,0.0,0.0,-0.01,True,False,False,True,collision,1,4,0.29995252954743756,-0.07563403697711424,0.616264269088231,2.0545393300001114,0.0,6.284e-06,3.2572e-05,0.0
47,obstacle_bypass,procedural_single_side_obstacle,,,,,,-0.9500298856402332,0.0,0.0,-1.0,0.059970114359766846,0.0,0.0,0.0,0.0,-0.01,True,False,False,True,collision,1,4,0.2999960462572843,-0.011925135571779766,0.17784843767131142,0.5928359386402847,0.0,5.45e-06,2.929e-05,0.0
48,obstacle_bypass,procedural_single_side_obstacle,,,,,,-0.9372380838528398,0.0,0.0,-1.0,0.05999975197542913,0.0,0.012762164171731084,0.0,0.0,-0.01,True,False,False,True,collision,1,4,0.2999999671924748,0.06381082085865541,0.016200623789278196,0.05400208520317656,0.0,5.639e-06,4.1758e-05,0.0
49,open_connector,procedural_empty_grid,,,,,,1.149593000517876,1.0,0.0,0.0,0.05959300051787593,0.0,0.1,0.0,0.0,-0.01,True,False,True,False,,1,4,0.29994950670713516,1.0638108208586554,0.6355837797409019,2.1189692449185236,0.0,5.618e-06,1.631e-05,0.000123557
50,rs_failure_node,0_trials/module2_oracle_shape/oracle_connector_results.parquet,extreme_s00_q0008,Extreme,extreme_d07,20460621,20461624,-0.5643512837171124,0.0,0.0,-1.0,0.2370748569564542,0.0,0.23857385932643335,0.0,0.0,-0.04,True,False,False,True,collision,4,16,1.1997815050985179,-0.07563403697711424,0.6938161516558315,2.3131416802390534,0.0,2.6253e-05,8.393699999999999e-05,0.00033745
51,rs_failure_node,0_trials/module2_oracle_shape/oracle_connector_results.parquet,extreme_s00_q0003,Extreme,extreme_d05,20460620,20461623,-0.890744507525047,0.0,0.0,-1.0,0.11649332830322195,0.0,0.012762164171731084,0.0,0.0,-0.02,True,False,False,True,collision,2,8,0.5999873948223867,-0.03618917318088011,0.15520017496626543,0.5173447852590606,0.0,1.1937e-05,6.6721e-05,8.6704e-05
52,rs_failure_node,0_trials/module2_oracle_shape/oracle_connector_results.parquet,extreme_s00_q0005,Extreme,extreme_d07,20460621,20461621,-0.7139187727755409,0.0,0.0,-1.0,0.17479139374971683,0.0,0.14128983347474222,0.0,0.0,-0.03,True,False,False,True,collision,3,12,0.89998208277395,0.011024440806088887,0.3240928684708661,1.0803310688317416,0.0,1.9043e-05,6.015e-05,0.000199488
53,open_connector,procedural_empty_grid,,,,,,1.1492949544226312,1.0,0.0,0.0,0.05929495442263111,0.0,0.1,0.0,0.0,-0.01,True,False,True,False,,1,4,0.2999092849047904,2.463810916226087,0.851931103203681,2.8406293038714563,0.0,5.67e-06,1.5817e-05,0.000148393
54,heldout_procedural,main_evaluation_build_query_set,extreme_s00_q0005,Extreme,extreme_d07,20460708,20461708,-0.950288643949987,0.0,0.0,-1.0,0.059711356050013015,0.0,0.0,0.0,0.0,-0.01,True,False,False,True,collision,1,4,0.2999605545473638,-0.03618917318088011,0.5617615769981346,1.87278483281185,0.0,5.66e-06,2.4177e-05,0.0
55,open_connector,procedural_empty_grid,,,,,,1.1498706484072927,1.0,0.0,0.0,0.05987064840729257,0.0,0.1,0.0,0.0,-0.01,True,False,True,False,,1,4,0.299983749258214,1.8638107731749396,0.3605662866014547,1.2019527307497369,0.0,5.922e-06,1.6767e-05,0.000129878
56,heldout_procedural,main_evaluation_build_query_set,complex_s00_q0007,Complex,complex_d03,20360708,20361710,0.574733284204465,0.0,0.0,-1.0,0.6879637957581586,0.0,1.0067694884463063,0.0,0.0,-0.11999999999999998,True,False,False,True,collision,12,48,3.5995099841300666,-0.13618916722041563,0.7404033027866709,2.4683469896215184,0.0,7.755300000000001e-05,0.000260082,0.001897601
57,rs_failure_node,0_trials/module2_oracle_shape/oracle_connector_results.parquet,extreme_s00_q0005,Extreme,extreme_d07,20460621,20461621,-0.9525630773449926,0.0,0.0,-1.0,0.057436922655007466,0.0,0.0,0.0,0.0,-0.01,True,False,False,True,collision,1,4,0.29990183849173624,-0.011925135571779766,0.8862105636299183,2.955002103644449,0.0,6.202e-06,3.5553e-05,0.0
58,rs_failure_node,0_trials/module2_oracle_shape/oracle_connector_results.parquet,complex_s00_q0006,Complex,complex_d02,20360621,20361622,1.133951755635726,1.0,0.0,0.0,0.04395175563572576,0.0,0.1,0.0,0.0,-0.01,True,False,True,False,,1,4,0.2999018384917366,1.3329914763380866,0.8862105636299183,2.955002103644445,0.0,5.818e-06,1.717e-05,0.000136226
59,obstacle_bypass,procedural_single_side_obstacle,,,,,,-0.9372466524620849,0.0,0.0,-1.0,0.05999118336618406,0.0,0.012762164171731084,0.0,0.0,-0.01,True,False,False,True,collision,1,4,0.29999883372501834,0.06381082085865541,0.09659301597358103,0.32197797162811326,0.0,6.057e-06,4.1184e-05,0.0
60,heldout_procedural,main_evaluation_build_query_set,complex_s00_q0008,Complex,complex_d04,20360708,20361711,1.1497445030464073,1.0,0.0,0.0,0.059744503046407264,0.0,0.1,0.0,0.0,-0.01,True,False,True,False,,1,4,0.2999653151543371,0.7300012066771369,0.5267716679228277,1.7561085942612897,0.0,5.386e-06,1.545e-05,0.000322079
61,heldout_procedural,main_evaluation_build_query_set,extreme_s00_q0006,Extreme,extreme_d05,20460708,20461709,-0.9372748198116525,0.0,0.0,-1.0,0.059963016016616424,0.0,0.012762164171731084,0.0,0.0,-0.01,True,False,False,True,collision,1,4,0.29999492056312466,0.06381082085865541,0.2015829889121634,0.6719546735450358,0.0,5.376e-06,3.0806e-05,0.0
62,obstacle_bypass,procedural_single_side_obstacle,,,,,,-0.950056307700788,0.0,0.0,-1.0,0.059943692299212085,0.0,0.0,0.0,0.0,-0.01,True,False,False,True,collision,1,4,0.2999925497053521,-0.011925135571779766,0.24413684941815336,0.8138097084675625,0.0,6.006e-06,3.2572e-05,0.0
63,rs_failure_node,0_trials/module2_oracle_shape/oracle_connector_results.parquet,extreme_s00_q0008,Extreme,extreme_d07,20460621,20461624,-0.9527365175905494,0.0,0.0,-1.0,0.05726348240945054,0.0,0.0,0.0,0.0,-0.01,True,False,False,True,collision,1,4,0.2999018384917381,-0.023878608662905254,0.8862105636299183,2.9550021036444303,0.0,5.281e-06,3.1353e-05,0.0
64,open_connector,procedural_empty_grid,,,,,,1.1499654826832106,1.0,0.0,0.0,0.05996548268321065,0.0,0.1,0.0,0.0,-0.01,True,False,True,False,,1,4,0.2999959641814259,2.3638107731749396,0.17968494342753152,0.5989578690427484,0.0,5.542e-06,1.6033e-05,0.000101707
65,rs_failure_node,0_trials/module2_oracle_shape/oracle_connector_results.parquet,complex_s00_q0002,Complex,complex_d04,20360620,20361622,1.0247059626585142,0.0,0.0,-1.0,1.1313731481371827,0.0,1.0933328145213312,0.0,0.0,-0.20000000000000004,True,False,False,True,collision,20,80,5.999187511236815,-0.03618917318088011,0.6217854741012754,2.0728989481880213,0.0,0.000129522,0.000520445,0.002734805
66,rs_failure_node,0_trials/module2_oracle_shape/oracle_connector_results.parquet,extreme_s00_q0008,Extreme,extreme_d07,20460621,20461624,-0.9522376313225416,0.0,0.0,-1.0,0.05776236867745848,0.0,0.0,0.0,0.0,-0.01,True,False,False,True,collision,1,4,0.2999018384917387,-0.11996141525012449,0.8862105636299183,2.955002103644425,0.0,5.129e-06,1.9826e-05,0.0
67,rs_failure_node,0_trials/module2_oracle_shape/oracle_connector_results.parquet,complex_s00_q0009,Complex,complex_d02,20360621,20361625,2.124343097051586,1.0,0.0,0.0,0.4043430970515861,0.0,0.7999999999999999,0.0,0.0,-0.08,True,False,True,False,,8,32,2.3996198689030837,0.583614702503858,0.710288133718667,2.368002175422408,0.0,5.0696e-05,0.00013293,0.001243147
68,heldout_procedural,main_evaluation_build_query_set,extreme_s00_q0007,Extreme,extreme_d06,20460708,20461710,-0.7809934019637685,0.0,0.0,-1.0,0.17788006727730307,0.0,0.07112653075892848,0.0,0.0,-0.03,True,False,False,True,collision,3,12,0.8997055154752122,-0.23618917616111235,0.8862105636299183,2.9550021036444374,0.0,1.8252e-05,5.529600000000001e-05,0.000266069
69,open_connector,procedural_empty_grid,,,,,,1.149537535546437,1.0,0.0,0.0,0.05953753554643684,0.0,0.1,0.0,0.0,-0.01,True,False,True,False,,1,4,0.2999462275505876,2.6638107254912238,0.6558984136329812,2.1867199964112243,0.0,5.618e-06,1.6424e-05,9.7907e-05
70,open_connector,procedural_empty_grid,,,,,,1.1491958836516163,1.0,0.0,0.0,0.05919588365161617,0.0,0.1,0.0,0.0,-0.01,True,False,True,False,,1,4,0.29990183849173724,1.2638108685423712,0.8862105636299183,2.955002103644439,0.0,5.706e-06,1.6082e-05,0.000112123
71,rs_failure_node,0_trials/module2_oracle_shape/oracle_connector_results.parquet,extreme_s00_q0007,Extreme,extreme_d06,20460621,20461623,1.149935574241795,1.0,0.0,0.0,0.059935574241794944,0.0,0.1,0.0,0.0,-0.01,True,False,True,False,,1,4,0.2999819856751117,0.6818448260237555,0.3796277061911087,1.2655016778315995,0.0,5.78e-06,1.6035e-05,0.000163221
72,obstacle_bypass,procedural_single_side_obstacle,,,,,,1.1993132834735802,1.0,0.0,0.0,0.17788970075224073,0.0,0.051423582721339484,0.0,0.0,-0.03,True,False,True,False,,3,12,0.8999654800337152,0.06381082085865541,0.3770965959457057,1.2570368674526669,0.0,1.9477e-05,0.00013897,0.000428764
73,rs_failure_node,0_trials/module2_oracle_shape/oracle_connector_results.parquet,complex_s00_q0003,Complex,complex_d02,20360620,20361623,4.291380011811722,1.0,0.0,0.0,0.7713800118117219,0.0,2.800000000000001,0.0,0.0,-0.2800000000000001,True,False,True,False,,28,112,8.398329590633555,0.8168072655608039,0.770792370129246,2.5698189301464134,0.0,0.000187966,0.000481019,0.00516727
74,rs_failure_node,0_trials/module2_oracle_shape/oracle_connector_results.parquet,extreme_s00_q0003,Extreme,extreme_d05,20460620,20461623,-0.5062492776536232,0.0,0.0,-1.0,0.35062474931944754,0.0,0.20312597302692934,0.0,0.0,-0.060000000000000005,True,False,False,True,collision,6,24,1.7998842676703573,-0.011925135571779766,0.3517320377012851,1.1725155134220115,0.0,3.6057e-05,0.000115573,0.000542567
75,heldout_procedural,main_evaluation_build_query_set,extreme_s00_q0000,Extreme,extreme_d05,20460707,20461707,-0.008541825862166452,0.0,0.0,-1.0,0.46358967500069637,0.0,0.6078684991371369,0.0,0.0,-0.08,True,False,False,True,collision,8,32,2.3998318974622372,0.07371276168125673,0.48329159189243515,1.6110848177441228,0.0,5.1707e-05,0.000141428,0.000940403
76,rs_failure_node,0_trials/module2_oracle_shape/oracle_connector_results.parquet,extreme_s00_q0007,Extreme,extreme_d06,20460621,20461623,1.1472911522820255,1.0,0.0,0.0,0.057291152282025415,0.0,0.1,0.0,0.0,-0.01,True,False,True,False,,1,4,0.299977730714761,0.7342808201720099,0.42208796407921173,1.4070643279869375,0.0,5.461e-06,1.5338e-05,0.000144529
77,heldout_procedural,main_evaluation_build_query_set,complex_s00_q0002,Complex,complex_d04,20360707,20361709,-0.8613026189862294,0.0,0.0,-1.0,0.11787273019347994,0.0,0.04082465082029066,0.0,0.0,-0.02,True,False,False,True,collision,2,8,0.5998850646785209,-0.023878608662905254,1.0693722112653659,3.565256994149183,0.0,1.1652e-05,5.0060999999999994e-05,0.000121764
78,rs_failure_node,0_trials/module2_oracle_shape/oracle_connector_results.parquet,complex_s00_q0009,Complex,complex_d02,20360621,20361625,-0.8888175815019144,0.0,0.0,-1.0,0.09192914876986649,0.0,0.039253269728219124,0.0,0.0,-0.02,True,False,False,True,collision,2,8,0.5998597366125993,-0.011925135571779766,0.4431052818149592,1.4773629726081279,0.0,1.1222e-05,5.0589e-05,9.4279e-05
79,open_connector,procedural_empty_grid,,,,,,1.1492308197496663,1.0,0.0,0.0,0.059230819749666354,0.0,0.1,0.0,0.0,-0.01,True,False,True,False,,1,4,0.2999018384917374,1.0638108208586554,0.8862105636299183,2.9550021036444374,0.0,5.718e-06,1.5798e-05,0.000140971
80,rs_failure_node,0_trials/module2_oracle_shape/oracle_connector_results.parquet,complex_s00_q0003,Complex,complex_d02,20360620,20361623,3.6496943132886774,0.0,-0.25,0.0,1.4460118921673089,0.0,2.773682421121369,0.0,0.0,-0.3200000000000001,False,True,False,False,no_rs_terminal:terminal_rs_collision,32,128,9.598291376109774,0.10232728270786806,0.7603564260861008,2.534972598906123,0.0,0.000205156,0.000664576,0.007298831
81,rs_failure_node,0_trials/module2_oracle_shape/oracle_connector_results.parquet,extreme_s00_q0005,Extreme,extreme_d07,20460621,20461621,-0.5062105710747433,0.0,0.0,-1.0,0.29785923766191635,0.0,0.24593019126334037,0.0,0.0,-0.05,True,False,False,True,collision,5,20,1.4997822061080037,-0.13618916722041563,0.531726338177951,1.7726785129615674,0.0,3.1232e-05,8.839e-05,0.000394713
82,rs_failure_node,0_trials/module2_oracle_shape/oracle_connector_results.parquet,complex_s00_q0002,Complex,complex_d04,20360620,20361622,-0.8928689539851615,0.0,0.0,-1.0,0.1066655894732648,0.0,0.020465456541573612,0.0,0.0,-0.02,True,False,False,True,collision,2,8,0.5999549292997486,-0.07563403697711424,0.31629943425914064,1.0544106525745756,0.0,1.1739e-05,4.8511e-05,0.000111509
83,rs_failure_node,0_trials/module2_oracle_shape/oracle_connector_results.parquet,extreme_s00_q0005,Extreme,extreme_d07,20460621,20461621,-0.7606705586915177,0.0,0.0,-1.0,0.17690049660912416,0.0,0.09242894469935817,0.0,0.0,-0.03,True,False,False,True,collision,3,12,0.8997919402410803,-0.13618916722041563,0.8629613032098288,2.877202821949983,0.0,1.8583e-05,5.4482e-05,0.00017840100000000002
84,heldout_procedural,main_evaluation_build_query_set,complex_s00_q0006,Complex,complex_d02,20360708,20361709,1.1069143768747878,1.0,0.0,0.0,0.059930155837364656,0.0,0.056984221037423226,0.0,0.0,-0.01,True,False,True,False,,1,4,0.2999904259892865,0.2849211051871161,0.2767540767904427,0.9225430307576763,0.0,6.297e-06,1.6938e-05,0.000569577
85,rs_failure_node,0_trials/module2_oracle_shape/oracle_connector_results.parquet,complex_s00_q0002,Complex,complex_d04,20360620,20361622,0.6251211105401775,0.0,0.0,-1.0,0.5036293371325414,0.0,1.271491773407636,0.0,0.0,-0.15,True,False,False,True,collision,15,60,4.49924174682178,-0.03618917318088011,0.586115879355804,1.9540488564650826,0.0,9.3304e-05,0.00026141,0.00539284
86,open_connector,procedural_empty_grid,,,,,,1.149789239489847,1.0,0.0,0.0,0.059789239489847025,0.0,0.1,0.0,0.0,-0.01,True,False,True,False,,1,4,0.2999732866386202,2.463810916226087,0.46229060135615213,1.5411058982497887,0.0,6.229e-06,1.6337e-05,0.000139537
87,rs_failure_node,0_trials/module2_oracle_shape/oracle_connector_results.parquet,extreme_s00_q0004,Extreme,extreme_d06,20460620,20461624,-0.9504632603980028,0.0,0.0,-1.0,0.059536739601997284,0.0,0.0,0.0,0.0,-0.01,True,False,False,True,collision,1,4,0.2999942933985486,-0.023878608662905254,0.21366579543355113,0.712232866208864,0.0,5.787e-06,2.7753e-05,0.0
88,rs_failure_node,0_trials/module2_oracle_shape/oracle_connector_results.parquet,extreme_s00_q0001,Extreme,extreme_d06,20460620,20461621,-0.8877055686962853,0.0,0.0,-1.0,0.11755187896746336,0.0,0.014742552336251347,0.0,0.0,-0.02,True,False,False,True,collision,2,8,0.5998036769834738,-0.03618917318088011,0.4431052818149592,1.4775010518222211,0.0,1.2522e-05,3.7455e-05,9.3647e-05
89,rs_failure_node,0_trials/module2_oracle_shape/oracle_connector_results.parquet,complex_s00_q0009,Complex,complex_d02,20360621,20361625,-0.29791041365393245,0.0,0.0,-1.0,0.35366484115156177,0.0,0.40842474519450594,0.0,0.0,-0.060000000000000005,True,False,False,True,collision,6,24,1.799693672324911,-0.03618917318088011,0.7778055795159867,2.5931265686271665,0.0,3.6732e-05,0.000107678,0.000478887
90,open_connector,procedural_empty_grid,,,,,,1.149293530774741,1.0,0.0,0.0,0.059293530774740824,0.0,0.1,0.0,0.0,-0.01,True,False,True,False,,1,4,0.2999195218847586,1.2638108685423712,0.8024193056646577,2.675448735787796,0.0,5.498e-06,1.5941e-05,9.2043e-05
91,obstacle_bypass,procedural_single_side_obstacle,,,,,,1.123471004499031,1.0,0.0,0.0,0.11794667615556895,0.0,0.025524328343462167,0.0,0.0,-0.02,True,False,True,False,,2,8,0.599888052739409,0.06381082085865541,0.4431052818149592,1.4772932376015957,0.0,1.1886000000000001e-05,8.5375e-05,0.000345366
92,rs_failure_node,0_trials/module2_oracle_shape/oracle_connector_results.parquet,complex_s00_q0003,Complex,complex_d02,20360620,20361623,2.3424123136808968,0.0,0.0,-1.0,1.4761259158632314,0.0,2.126286397817666,0.0,0.0,-0.26000000000000006,True,False,False,True,collision,26,104,7.798584903968647,-0.21258236916762785,0.764557540216799,2.548987577928496,0.0,0.000162409,0.000451129,0.004838448
93,rs_failure_node,0_trials/module2_oracle_shape/oracle_connector_results.parquet,complex_s00_q0009,Complex,complex_d02,20360621,20361625,-0.632691262005808,0.0,0.0,-1.0,0.21207879222290382,0.0,0.1952299457712881,0.0,0.0,-0.04,True,False,False,True,collision,4,16,1.1997967857720049,-0.13618916722041563,0.8107901680827012,2.7030916491779107,0.0,2.3578e-05,9.7255e-05,0.000298102
94,obstacle_bypass,procedural_single_side_obstacle,,,,,,-0.9372386561330728,0.0,0.0,-1.0,0.05999917969519615,0.0,0.012762164171731084,0.0,0.0,-0.01,True,False,False,True,collision,1,4,0.2999998914936097,0.06381082085865541,0.02946270890233648,0.09820906519549212,0.0,5.861e-06,4.1003e-05,0.0
95,obstacle_bypass,procedural_single_side_obstacle,,,,,,-0.9373643893179722,0.0,0.0,-1.0,0.0598734465102968,0.0,0.012762164171731084,0.0,0.0,-0.01,True,False,False,True,collision,1,4,0.2999832490718388,0.06381082085865541,0.36607331246077657,1.22031251276004,0.0,5.24e-06,3.9644e-05,0.0
96,obstacle_bypass,procedural_single_side_obstacle,,,,,,-0.9372604439761496,0.0,0.0,-1.0,0.059977391852119415,0.0,0.012762164171731084,0.0,0.0,-0.01,True,False,False,True,collision,1,4,0.2999970091519175,0.06381082085865541,0.15468308317639426,0.5156154176792584,0.0,5.419e-06,4.1759e-05,0.0
97,heldout_procedural,main_evaluation_build_query_set,complex_s00_q0002,Complex,complex_d04,20360707,20361709,-0.7907324404537688,0.0,0.0,-1.0,0.17957914819877133,0.0,0.059688411347459974,0.0,0.0,-0.03,True,False,False,True,collision,3,12,0.8999891575804178,-0.023878608662905254,0.13850905849131068,0.46170242382814813,0.0,1.7851e-05,5.5651e-05,0.000229205
98,rs_failure_node,0_trials/module2_oracle_shape/oracle_connector_results.parquet,extreme_s00_q0004,Extreme,extreme_d06,20460620,20461624,0.3415506222230459,0.0,-0.25,0.0,0.1257283180602959,0.0,0.5458223041627499,0.0,0.0,-0.08,False,True,False,False,no_progress,8,32,2.3996744385233595,0.20412325410145327,0.7204920271293753,2.401965918585957,0.0,5.42e-05,0.000137527,0.0011266499999999999
99,obstacle_bypass,procedural_single_side_obstacle,,,,,,-0.9379770736962312,0.0,0.0,-1.0,0.05926076213203775,0.0,0.012762164171731084,0.0,0.0,-0.01,True,False,False,True,collision,1,4,0.299901838491737,0.06381082085865541,0.8862105636299183,2.9550021036444414,0.0,6.321e-06,4.2964e-05,0.0
100,open_connector,procedural_empty_grid,,,,,,1.1499301105842923,1.0,0.0,0.0,0.059930110584292255,0.0,0.1,0.0,0.0,-0.01,True,False,True,False,,1,4,0.2999914524776422,2.763810630123792,0.2614971574484711,0.8716820272336259,0.0,5.733e-06,1.5995e-05,0.00011915
101,rs_failure_node,0_trials/module2_oracle_shape/oracle_connector_results.parquet,extreme_s00_q0001,Extreme,extreme_d06,20460620,20461621,1.913452020736049,1.0,0.0,0.0,0.19345202073604892,0.0,0.7999999999999999,0.0,0.0,-0.08,True,False,True,False,,8,32,2.399673462250049,0.5933738902022223,0.5011902440920454,1.6708614800352224,0.0,4.9881e-05,0.00013137,0.001147443
102,obstacle_bypass,procedural_single_side_obstacle,,,,,,-0.9379770736962312,0.0,0.0,-1.0,0.05926076213203775,0.0,0.012762164171731084,0.0,0.0,-0.01,True,False,False,True,collision,1,4,0.299901838491737,0.06381082085865541,0.8862105636299183,2.9550021036444414,0.0,5.803e-06,4.3111e-05,0.0
103,rs_failure_node,0_trials/module2_oracle_shape/oracle_connector_results.parquet,extreme_s00_q0004,Extreme,extreme_d06,20460620,20461624,-0.9517753700170926,0.0,0.0,-1.0,0.0582246299829075,0.0,0.0,0.0,0.0,-0.01,True,False,False,True,collision,1,4,0.29999432163485446,-0.13618916722041563,0.2131365269501726,0.7104685374998432,0.0,5.875e-06,2.5715e-05,0.0
104,open_connector,procedural_empty_grid,,,,,,1.1491243494735353,1.0,0.0,0.0,0.05912434947353529,0.0,0.1,0.0,0.0,-0.01,True,False,True,False,,1,4,0.29990183849173685,3.1638107254912238,0.8862105636299183,2.9550021036444427,0.0,5.644e-06,1.5977e-05,9.6387e-05
105,obstacle_bypass,procedural_single_side_obstacle,,,,,,-0.9507392378679622,0.0,0.0,-1.0,0.05926076213203775,0.0,0.0,0.0,0.0,-0.01,True,False,False,True,collision,1,4,0.299901838491737,-0.011925135571779766,0.8862105636299183,2.9550021036444414,0.0,5.527e-06,3.3351e-05,0.0
106,rs_failure_node,0_trials/module2_oracle_shape/oracle_connector_results.parquet,extreme_s00_q0001,Extreme,extreme_d06,20460620,20461621,-0.9566627066795168,0.0,0.0,-1.0,0.05333729332048325,0.0,0.0,0.0,0.0,-0.01,True,False,False,True,collision,1,4,0.2999994617299593,-0.011925135571779766,0.0656213580201354,0.21873825253461165,0.0,5.665e-06,3.5336e-05,0.0
107,rs_failure_node,0_trials/module2_oracle_shape/oracle_connector_results.parquet,complex_s00_q0009,Complex,complex_d02,20360621,20361625,0.4891411663467471,0.0,0.0,-1.0,0.74761634874277,0.0,0.8915248176039771,0.0,0.0,-0.15,True,False,False,True,collision,15,60,4.4990945163505796,0.06381082085865541,0.4703219086811028,1.5680552174616316,0.0,0.00010088,0.000340226,0.001821034
108,rs_failure_node,0_trials/module2_oracle_shape/oracle_connector_results.parquet,complex_s00_q0000,Complex,complex_d02,20360620,20361620,-0.9511749574975836,0.0,0.0,-1.0,0.05882504250241638,0.0,0.0,0.0,0.0,-0.01,True,False,False,True,collision,1,4,0.299901838491737,-0.023878608662905254,0.8862105636299183,2.9550021036444414,0.0,5.864e-06,4.4063e-05,0.0
109,obstacle_bypass,procedural_single_side_obstacle,,,,,,-0.9500004153906567,0.0,0.0,-1.0,0.05999958460934334,0.0,0.0,0.0,0.0,-0.01,True,False,False,True,collision,1,4,0.29999994505402705,-0.011925135571779766,0.020965872459343494,0.06988625433103911,0.0,5.914e-06,3.2923e-05,0.0
110,obstacle_bypass,procedural_single_side_obstacle,,,,,,1.1491313014578413,1.0,0.0,0.0,0.11385084432638469,0.0,0.05528045713145655,0.0,0.0,-0.02,True,False,True,False,,2,8,0.5998036769834739,0.12949627188938662,0.4431052818149592,1.477501051822221,0.0,1.4534e-05,7.560999999999999e-05,0.000328232
111,open_connector,procedural_empty_grid,,,,,,1.1499748963848233,1.0,0.0,0.0,0.05997489638482332,0.0,0.1,0.0,0.0,-0.01,True,False,True,False,,1,4,0.2999968047920144,1.7638108685423712,0.1598804101968269,0.5329403768405827,0.0,5.961e-06,1.6916e-05,0.000155223
112,heldout_procedural,main_evaluation_build_query_set,extreme_s00_q0006,Extreme,extreme_d05,20460708,20461709,1.1371857724681158,0.0,0.0,-1.0,0.9765291325874401,0.0,1.4006566398806757,0.0,0.0,-0.24000000000000007,True,False,False,True,collision,24,96,7.198863351550409,-0.23618917616111235,0.6745044719445835,2.248703237738718,0.0,0.000153868,0.000510733,0.004269335
113,rs_failure_node,0_trials/module2_oracle_shape/oracle_connector_results.parquet,extreme_s00_q0008,Extreme,extreme_d07,20460621,20461624,-0.9505265550436905,0.0,0.0,-1.0,0.057268556795091734,0.0,0.0022048881612177773,0.0,0.0,-0.01,True,False,False,True,collision,1,4,0.29998591032338845,0.011024440806088887,0.3357365054250447,1.119174247427543,0.0,6.419e-06,3.8913e-05,0.0
114,rs_failure_node,0_trials/module2_oracle_shape/oracle_connector_results.parquet,complex_s00_q0003,Complex,complex_d02,20360620,20361623,0.8611593065626639,0.0,0.0,-1.0,0.7520281712257174,0.0,1.2491311353369465,0.0,0.0,-0.13999999999999999,True,False,False,True,collision,14,56,4.199432425819464,0.011024440806088887,0.7246153970754629,2.4157111081688356,0.0,8.7272e-05,0.000248398,0.002254243
115,rs_failure_node,0_trials/module2_oracle_shape/oracle_connector_results.parquet,extreme_s00_q0008,Extreme,extreme_d07,20460621,20461624,1.258746657373436,1.0,0.0,0.0,0.07874665737343599,0.0,0.2,0.0,0.0,-0.02,True,False,True,False,,2,8,0.5998895210698636,0.5124940827299933,0.7570170349491878,2.523854837801126,0.0,1.2732e-05,3.4077e-05,0.000298007
116,obstacle_bypass,procedural_single_side_obstacle,,,,,,-0.9379770736962312,0.0,0.0,-1.0,0.05926076213203775,0.0,0.012762164171731084,0.0,0.0,-0.01,True,False,False,True,collision,1,4,0.299901838491737,0.06381082085865541,0.8862105636299183,2.9550021036444414,0.0,2.8562e-05,4.3584e-05,0.0
117,heldout_procedural,main_evaluation_build_query_set,extreme_s00_q0002,Extreme,extreme_d07,20460707,20461709,-0.7975713677220602,0.0,0.0,-1.0,0.1792010067962636,0.0,0.053227625481676276,0.0,0.0,-0.03,True,False,False,True,collision,3,12,0.8998911550007436,-0.011925135571779766,0.5710327136887896,1.9036726070109593,0.0,1.7882e-05,9.4692e-05,0.000354742
118,rs_failure_node,0_trials/module2_oracle_shape/oracle_connector_results.parquet,complex_s00_q0009,Complex,complex_d02,20360621,20361625,-0.3917361721760888,0.0,0.0,-1.0,0.39003713338190366,0.0,0.2882266944420076,0.0,0.0,-0.07,True,False,False,True,collision,7,28,2.0997964821357527,-0.11996141525012449,0.3110475149625656,1.0369255417188539,0.0,4.1633e-05,0.000163197,0.000677855
119,open_connector,procedural_empty_grid,,,,,,1.149209842206558,1.0,0.0,0.0,0.05920984220655781,0.0,0.1,0.0,0.0,-0.01,True,False,True,False,,1,4,0.29990183849173707,1.963810916226087,0.8862105636299183,2.9550021036444405,0.0,5.237e-06,1.5427e-05,0.000119093
120,open_connector,procedural_empty_grid,,,,,,1.1499769572463074,1.0,0.0,0.0,0.05997695724630741,0.0,0.1,0.0,0.0,-0.01,True,False,True,False,,1,4,0.2999972543277756,2.463810916226087,0.14820741582872204,0.4940292409036228,0.0,6.509e-06,1.6352e-05,0.000106501
121,obstacle_bypass,procedural_single_side_obstacle,,,,,,1.1239192227251267,1.0,0.0,0.0,0.11839489438166453,0.0,0.025524328343462167,0.0,0.0,-0.02,True,False,True,False,,2,8,0.5999308984637943,0.06381082085865541,0.3260806183368718,1.0870605903841464,0.0,1.1706e-05,8.6505e-05,0.00030025500000000003
122,heldout_procedural,main_evaluation_build_query_set,complex_s00_q0001,Complex,complex_d03,20360707,20361708,-0.9500114423501776,0.0,0.0,-1.0,0.05998855764982239,0.0,0.0,0.0,0.0,-0.01,True,False,False,True,collision,1,4,0.29999843823012806,-0.23618917616111235,0.11177736121424718,0.3725931437299785,0.0,6.222e-06,2.1576e-05,0.0
123,rs_failure_node,0_trials/module2_oracle_shape/oracle_connector_results.parquet,extreme_s00_q0008,Extreme,extreme_d07,20460621,20461624,1.476985173445306,1.0,0.0,0.0,0.11698517344530597,0.0,0.4,0.0,0.0,-0.04,True,False,True,False,,4,16,1.1996282688912014,0.583614702503858,0.7146918325261742,2.383044318176174,0.0,2.6266999999999998e-05,6.5762e-05,0.000644082
124,rs_failure_node,0_trials/module2_oracle_shape/oracle_connector_results.parquet,extreme_s00_q0003,Extreme,extreme_d05,20460620,20461623,-0.9500007364456912,0.0,0.0,-1.0,0.059999263554308874,0.0,0.0,0.0,0.0,-0.01,True,False,False,True,collision,1,4,0.2999998948280722,-0.07563403697711424,0.029006473460292944,0.09668827876395206,0.0,5.897e-06,2.2872e-05,0.0
125,open_connector,procedural_empty_grid,,,,,,1.1495160383444774,1.0,0.0,0.0,0.05951603834447727,0.0,0.1,0.0,0.0,-0.01,True,False,True,False,,1,4,0.2999435020278807,1.6638107254912238,0.6723163803743474,2.241476730880649,0.0,6.339e-06,2.0026e-05,0.00010532
126,open_connector,procedural_empty_grid,,,,,,1.149998968364745,1.0,0.0,0.0,0.05999896836474483,0.0,0.1,0.0,0.0,-0.01,True,False,True,False,,1,4,0.29999987984824655,1.4638107970167975,0.031003453937370317,0.10334488784813267,0.0,6.291e-06,1.6738e-05,0.000102732
127,heldout_procedural,main_evaluation_build_query_set,complex_s00_q0003,Complex,complex_d02,20360707,20361710,0.6136420763689137,0.0,0.0,-1.0,0.7711438931487209,0.0,0.9724981832201925,0.0,0.0,-0.12999999999999998,True,False,False,True,collision,13,52,3.8992517579719337,-0.011925135571779766,0.866490277099587,2.8888551705503165,0.0,8.1231e-05,0.000223601,0.002065596
128,open_connector,procedural_empty_grid,,,,,,1.1492264198579443,1.0,0.0,0.0,0.05922641985794411,0.0,0.1,0.0,0.0,-0.01,True,False,True,False,,1,4,0.29990183849173724,1.2638106301237921,0.8862105636299183,2.955002103644439,0.0,5.766e-06,1.5933e-05,0.000132509
129,obstacle_bypass,procedural_single_side_obstacle,,,,,,-0.9507392378679622,0.0,0.0,-1.0,0.05926076213203775,0.0,0.0,0.0,0.0,-0.01,True,False,False,True,collision,1,4,0.299901838491737,-0.07563403697711424,0.8862105636299183,2.9550021036444414,0.0,5.871e-06,3.1812e-05,0.0
130,heldout_procedural,main_evaluation_build_query_set,complex_s00_q0002,Complex,complex_d04,20360707,20361709,2.2669351260524873,0.0,0.0,-1.0,1.5716282146444511,0.0,1.965306911408037,0.0,0.0,-0.2700000000000001,True,False,False,True,collision,27,108,8.098671529990185,-0.07563403697711424,0.8890158681271962,2.963872327769711,0.0,0.000196765,0.000540346,0.004468971
131,rs_failure_node,0_trials/module2_oracle_shape/oracle_connector_results.parquet,extreme_s00_q0003,Extreme,extreme_d05,20460620,20461623,-0.9570863185743179,0.0,0.0,-1.0,0.05291368142568214,0.0,0.0,0.0,0.0,-0.01,True,False,False,True,collision,1,4,0.2999481169121552,-0.011925135571779766,0.6442718675350037,2.147944365070608,0.0,5.402e-06,2.9503e-05,0.0
132,heldout_procedural,main_evaluation_build_query_set,extreme_s00_q0006,Extreme,extreme_d05,20460708,20461709,1.2218085984167666,0.0,0.0,-1.0,0.6343933768116947,0.0,1.8274152216050723,0.0,0.0,-0.24000000000000007,True,False,False,True,collision,24,96,7.1988758755294375,-0.07563403697711424,0.7214314722718679,2.4051470860027093,0.0,0.000151199,0.000499198,0.005507628
133,heldout_procedural,main_evaluation_build_query_set,extreme_s00_q0004,Extreme,extreme_d06,20460707,20461711,1.0793232302105322,1.0,0.0,0.0,0.059942027456953186,0.0,0.02938120275357923,0.0,0.0,-0.01,True,False,True,False,,1,4,0.299992154417285,0.14690601376789614,0.25052974704458814,0.8351209968514866,0.0,6.148e-06,1.737e-05,0.000406228
134,rs_failure_node,0_trials/module2_oracle_shape/oracle_connector_results.parquet,extreme_s00_q0004,Extreme,extreme_d06,20460620,20461624,2.748755457838338,1.0,0.0,0.0,0.48875545783833796,0.0,1.4000000000000001,0.0,0.0,-0.13999999999999999,True,False,True,False,,14,56,4.199157210765576,0.583614702503858,0.9613317752821386,3.205082395925874,0.0,8.4544e-05,0.000229537,0.0020754799999999998
135,rs_failure_node,0_trials/module2_oracle_shape/oracle_connector_results.parquet,extreme_s00_q0005,Extreme,extreme_d07,20460621,20461621,1.1769152855714686,1.0,0.0,0.0,0.14697353153970438,0.0,0.0599417540317643,0.0,0.0,-0.03,True,False,True,False,,3,12,0.8999480663683055,0.06381082085865541,0.18494083268887826,0.6165050171234798,0.0,1.7623e-05,6.2732e-05,0.000381578
136,obstacle_bypass,procedural_single_side_obstacle,,,,,,-0.9501141195049387,0.0,0.0,-1.0,0.05988588049506127,0.0,0.0,0.0,0.0,-0.01,True,False,False,True,collision,1,4,0.2999848958440605,-0.011925135571779766,0.34761339537239483,1.1587696587000593,0.0,5.408e-06,3.1205e-05,0.0
137,rs_failure_node,0_trials/module2_oracle_shape/oracle_connector_results.parquet,complex_s00_q0006,Complex,complex_d02,20360621,20361622,1.1498190616058435,1.0,0.0,0.0,0.05981906160584343,0.0,0.1,0.0,0.0,-0.01,True,False,True,False,,1,4,0.2999268787154655,1.0504177763869147,0.7648614611928954,2.550159773837756,0.0,5.54e-06,1.5761e-05,0.000142649
138,rs_failure_node,0_trials/module2_oracle_shape/oracle_connector_results.parquet,extreme_s00_q0003,Extreme,extreme_d05,20460620,20461623,-0.8744156212357458,0.0,0.0,-1.0,0.11968512438637688,0.0,0.025899254377877323,0.0,0.0,-0.02,True,False,False,True,collision,2,8,0.5998667700230665,-0.023878608662905254,0.9727821533833751,3.243327358659887,0.0,1.1178e-05,7.071700000000001e-05,9.7884e-05
139,heldout_procedural,main_evaluation_build_query_set,complex_s00_q0007,Complex,complex_d03,20360708,20361710,2.1916887463735075,0.0,-0.25,0.0,0.6416887463735074,0.0,2.0000000000000004,0.0,0.0,-0.20000000000000004,False,True,False,False,no_progress,20,80,5.998967758261005,0.7300012066771369,0.44271185861475776,1.4759601199893502,0.0,0.000128616,0.000337055,0.004955115
140,obstacle_bypass,procedural_single_side_obstacle,,,,,,-0.9376322629678236,0.0,0.0,-1.0,0.0596055728604453,0.0,0.012762164171731084,0.0,0.0,-0.01,True,False,False,True,collision,1,4,0.29994771956004923,0.06381082085865541,0.6467344024437531,2.1561570909502366,0.0,5.435e-06,3.2514e-05,0.0
141,obstacle_bypass,procedural_single_side_obstacle,,,,,,-0.9500008577542733,0.0,0.0,-1.0,0.05999914224572667,0.0,0.0,0.0,0.0,-0.01,True,False,False,True,collision,1,4,0.29999988653993304,-0.011925135571779766,0.030127738700566252,0.10042583364962687,0.0,6.029e-06,3.248e-05,0.0
142,heldout_procedural,main_evaluation_build_query_set,extreme_s00_q0007,Extreme,extreme_d06,20460708,20461710,1.855830839921236,0.0,-0.25,0.0,0.790182433841307,0.0,1.5556484060799294,0.0,0.0,-0.24000000000000007,False,True,False,False,no_progress,24,96,7.198589723320306,0.07371276168125673,0.7028695859975423,2.343357617575176,0.0,0.000145801,0.000419185,0.004975404
143,rs_failure_node,0_trials/module2_oracle_shape/oracle_connector_results.parquet,extreme_s00_q0004,Extreme,extreme_d06,20460620,20461624,0.13609480747773986,0.0,-0.25,0.0,0.08181853007751083,0.0,0.38427627740022896,0.0,0.0,-0.08,False,True,False,False,no_progress,8,32,2.399617506440217,0.06381082085865541,0.9288364240789561,3.096614928291187,0.0,4.9995e-05,0.000240574,0.000942336
144,heldout_procedural,main_evaluation_build_query_set,extreme_s00_q0001,Extreme,extreme_d06,20460707,20461708,-0.41172058277152157,0.0,0.0,-1.0,0.43403588692945005,0.0,0.24424353029902823,0.0,0.0,-0.09,True,False,False,True,collision,9,36,2.6995211023380534,0.06381082085865541,0.8775295161121685,2.925617302331612,0.0,5.7054e-05,0.000283163,0.001010195
145,obstacle_bypass,procedural_single_side_obstacle,,,,,,1.1440558189049086,1.0,0.0,0.0,0.11420915960975578,0.0,0.04984665929515284,0.0,0.0,-0.02,True,False,True,False,,2,8,0.599822189750953,0.10232728270786806,0.4870737813704965,1.6240605622567255,0.0,1.1713000000000001e-05,6.1473e-05,0.000288588
146,open_connector,procedural_empty_grid,,,,,,1.1497969128218806,1.0,0.0,0.0,0.059796912821880537,0.0,0.1,0.0,0.0,-0.01,True,False,True,False,,1,4,0.29997432208915886,2.0638108208586554,0.453242277129479,1.5109369161096582,0.0,5.617e-06,1.5639e-05,0.000131593
147,open_connector,procedural_empty_grid,,,,,,1.1493324548784318,1.0,0.0,0.0,0.05933245487843167,0.0,0.1,0.0,0.0,-0.01,True,False,True,False,,1,4,0.2999202215516952,1.6638109639098029,0.7989233439046998,2.6637861887781877,0.0,5.27e-06,1.5547e-05,0.00010228
148,obstacle_bypass,procedural_single_side_obstacle,,,,,,1.1491313014578413,1.0,0.0,0.0,0.11385084432638469,0.0,0.05528045713145655,0.0,0.0,-0.02,True,False,True,False,,2,8,0.5998036769834739,0.12949627188938662,0.4431052818149592,1.477501051822221,0.0,1.1656e-05,6.3326e-05,0.00030265800000000003
149,open_connector,procedural_empty_grid,,,,,,1.1496733110202781,1.0,0.0,0.0,0.05967331102027798,0.0,0.1,0.0,0.0,-0.01,True,False,True,False,,1,4,0.29996278129859766,2.263810630123792,0.5456745309266163,1.8191407899482874,0.0,5.681e-06,1.5538e-05,0.000118856
150,rs_failure_node,0_trials/module2_oracle_shape/oracle_connector_results.parquet,extreme_s00_q0004,Extreme,extreme_d06,20460620,20461624,-0.8795129205526987,0.0,0.0,-1.0,0.11238293690820611,0.0,0.0281041425390951,0.0,0.0,-0.02,True,False,False,True,collision,2,8,0.599830393301759,0.011024440806088887,0.508188619956784,1.6944410474416476,0.0,1.1736e-05,7.9267e-05,8.5218e-05
151,open_connector,procedural_empty_grid,,,,,,1.1493758400067398,1.0,0.0,0.0,0.059375840006739636,0.0,0.1,0.0,0.0,-0.01,True,False,True,False,,1,4,0.29992195746155736,1.963810916226087,0.790182914543886,2.63462842544687,0.0,7.429e-06,1.9742e-05,0.000174211
152,open_connector,procedural_empty_grid,,,,,,1.1499999919268715,1.0,0.0,0.0,0.05999999192687149,0.0,0.1,0.0,0.0,-0.01,True,False,True,False,,1,4,0.2999999989835308,2.3638107731749396,0.002851622799637954,0.009505409364333034,0.0,8.39e-06,2.572e-05,0.000176481
153,rs_failure_node,0_trials/module2_oracle_shape/oracle_connector_results.parquet,complex_s00_q0006,Complex,complex_d02,20360621,20361622,1.146400477087489,1.0,0.0,0.0,0.05640047708748881,0.0,0.1,0.0,0.0,-0.01,True,False,True,False,,1,4,0.29999420081749456,0.8791054442335944,0.2153920357993525,0.7179873317964206,0.0,5.757e-06,1.6628e-05,0.000261285
154,open_connector,procedural_empty_grid,,,,,,1.1497529683132641,1.0,0.0,0.0,0.05975296831326409,0.0,0.1,0.0,0.0,-0.01,True,False,True,False,,1,4,0.29996892145545406,1.0638108208586554,0.498634218381973,1.6622862660658035,0.0,6.743e-06,2.0044e-05,0.000146156
155,heldout_procedural,main_evaluation_build_query_set,complex_s00_q0000,Complex,complex_d02,20360707,20361707,1.8998255294106638,0.0,0.0,-1.0,1.004192208013765,0.0,2.125633321396899,0.0,0.0,-0.23000000000000007,True,False,False,True,collision,23,92,6.898945826647325,-0.07563403697711424,0.7567999339315096,2.5230519151479833,0.0,0.000147944,0.000402467,0.005163742
156,rs_failure_node,0_trials/module2_oracle_shape/oracle_connector_results.parquet,extreme_s00_q0008,Extreme,extreme_d07,20460621,20461624,-0.8553558743991209,0.0,0.0,-1.0,0.11771787842515025,0.0,0.04692624717572889,0.0,0.0,-0.02,True,False,False,True,collision,2,8,0.5999042742162821,-0.011925135571779766,0.8154313158617003,2.718538109857556,0.0,1.1705e-05,4.9229e-05,0.000101494
157,obstacle_bypass,procedural_single_side_obstacle,,,,,,-0.8594147351279285,0.0,0.0,-1.0,0.11844189794676119,0.0,0.042143366925310316,0.0,0.0,-0.02,True,False,False,True,collision,2,8,0.599803676983474,0.06381082085865541,1.3293158454448775,4.432503155466661,0.0,1.2375e-05,6.446300000000001e-05,9.8989e-05
158,obstacle_bypass,procedural_single_side_obstacle,,,,,,-0.8854841690092091,0.0,0.0,-1.0,0.11954877865784203,0.0,0.014967052332948861,0.0,0.0,-0.02,True,False,False,True,collision,2,8,0.5999876403314495,0.011024440806088887,0.2643917368313427,0.8813239442242028,0.0,1.2414999999999999e-05,7.3123e-05,9.0487e-05
159,open_connector,procedural_empty_grid,,,,,,1.1499867956056686,1.0,0.0,0.0,0.05998679560566847,0.0,0.1,0.0,0.0,-0.01,True,False,True,False,,1,4,0.2999984523530369,1.5638108208586554,0.11127081766937981,0.37090463899605985,0.0,7.089e-06,1.8684e-05,0.000109391
160,heldout_procedural,main_evaluation_build_query_set,extreme_s00_q0007,Extreme,extreme_d06,20460708,20461710,-0.7810974955896218,0.0,0.0,-1.0,0.1777759736514497,0.0,0.07112653075892848,0.0,0.0,-0.03,True,False,False,True,collision,3,12,0.8998644227364812,-0.03618917318088011,0.7887846032093161,2.6296781491059327,0.0,1.8186e-05,5.4578000000000005e-05,0.000257543
161,rs_failure_node,0_trials/module2_oracle_shape/oracle_connector_results.parquet,extreme_s00_q0005,Extreme,extreme_d07,20460621,20461621,-0.839182206893227,0.0,0.0,-1.0,0.10909101973309854,0.0,0.07172677337367457,0.0,0.0,-0.02,True,False,False,True,collision,2,8,0.5999860537053671,0.07371276168125673,0.27654587695751404,0.9218410169690924,0.0,1.2332e-05,4.9348e-05,0.000100839
162,heldout_procedural,main_evaluation_build_query_set,complex_s00_q0001,Complex,complex_d03,20360707,20361708,-0.9500033686569941,0.0,0.0,-1.0,0.0599966313430059,0.0,0.0,0.0,0.0,-0.01,True,False,False,True,collision,1,4,0.29999954022947783,-0.23618917616111235,0.060647884547979675,0.2021599249838465,0.0,6.855e-06,2.1751e-05,0.0
163,heldout_procedural,main_evaluation_build_query_set,extreme_s00_q0003,Extreme,extreme_d05,20460707,20461710,-0.6133512646168693,0.0,0.0,-1.0,0.23421979068377255,0.0,0.19242894469935817,0.0,0.0,-0.04,True,False,False,True,collision,4,16,1.1997551112405442,-0.13618916722041563,0.7549156352363189,2.5168990843664343,0.0,2.4797e-05,7.1625e-05,0.000419032
164,rs_failure_node,0_trials/module2_oracle_shape/oracle_connector_results.parquet,extreme_s00_q0004,Extreme,extreme_d06,20460620,20461624,-0.8783455785970533,0.0,0.0,-1.0,0.09447483154291358,0.0,0.04717958986003322,0.0,0.0,-0.02,True,False,False,True,collision,2,8,0.5998036769834734,0.06381082085865541,0.4431052818149592,1.4775010518222222,0.0,1.1427000000000001e-05,4.4632e-05,9.406e-05
165,rs_failure_node,0_trials/module2_oracle_shape/oracle_connector_results.parquet,extreme_s00_q0004,Extreme,extreme_d06,20460620,20461624,1.5512930698457776,0.0,0.0,-1.0,1.080577635015412,0.0,1.6707154348303659,0.0,0.0,-0.20000000000000004,True,False,False,True,collision,20,80,5.998959237065064,0.06381082085865541,0.6940423261426272,2.313875786501197,0.0,0.000124818,0.000412997,0.002742942
166,open_connector,procedural_empty_grid,,,,,,1.14921984456664,1.0,0.0,0.0,0.059219844566639784,0.0,0.1,0.0,0.0,-0.01,True,False,True,False,,1,4,0.299901838491737,2.763810630123792,0.8862105636299183,2.9550021036444414,0.0,5.434e-06,1.7206e-05,0.000129165
167,open_connector,procedural_empty_grid,,,,,,1.149404488497928,1.0,0.0,0.0,0.059404488497927815,0.0,0.1,0.0,0.0,-0.01,True,False,True,False,,1,4,0.29992944566200996,1.7638108685423712,0.7513152011786134,2.504973126330748,0.0,9.035e-06,1.6805e-05,0.000108141
168,rs_failure_node,0_trials/module2_oracle_shape/oracle_connector_results.parquet,complex_s00_q0006,Complex,complex_d02,20360621,20361622,1.1363920219565664,1.0,0.0,0.0,0.054744409805861954,0.0,0.09164761215070448,0.0,0.0,-0.01,True,False,True,False,,1,4,0.29990183849173685,0.45823806075352236,0.8862105636299183,2.9550021036444427,0.0,5.474e-06,1.7167e-05,0.000152935
169,rs_failure_node,0_trials/module2_oracle_shape/oracle_connector_results.parquet,extreme_s00_q0005,Extreme,extreme_d07,20460621,20461621,-0.23431502448829855,0.0,0.0,-1.0,0.3539582021380269,0.0,0.4717267733736746,0.0,0.0,-0.060000000000000005,True,False,False,True,collision,6,24,1.7997938609496393,0.07371276168125673,0.5764788552418975,1.9218162737961293,0.0,3.5531e-05,0.00010802400000000001,0.000596705
170,heldout_procedural,main_evaluation_build_query_set,complex_s00_q0009,Complex,complex_d02,20360708,20361712,1.4339766600265014,1.0,0.0,0.0,0.16397666002650127,0.0,0.30000000000000004,0.0,0.0,-0.03,True,False,True,False,,3,12,0.8997388779393689,0.8676513388563971,0.29540352120997276,0.98496417722836,0.0,1.979e-05,5.1204e-05,0.000848087
171,obstacle_bypass,procedural_single_side_obstacle,,,,,,-0.9500015574590199,0.0,0.0,-1.0,0.05999844254098008,0.0,0.0,0.0,0.0,-0.01,True,False,False,True,collision,1,4,0.2999997939852303,-0.011925135571779766,0.04059702571490648,0.13532351197849546,0.0,5.666e-06,3.2787e-05,0.0
172,obstacle_bypass,procedural_single_side_obstacle,,,,,,-0.9379770736962312,0.0,0.0,-1.0,0.05926076213203775,0.0,0.012762164171731084,0.0,0.0,-0.01,True,False,False,True,collision,1,4,0.299901838491737,0.06381082085865541,0.8862105636299183,2.9550021036444414,0.0,5.78e-06,4.2863e-05,0.0
173,rs_failure_node,0_trials/module2_oracle_shape/oracle_connector_results.parquet,complex_s00_q0003,Complex,complex_d02,20360620,20361623,3.624629733461751,1.0,0.0,0.0,0.6474766786917225,0.0,2.1971530547700286,0.0,0.0,-0.22000000000000006,True,False,True,False,,22,88,6.5991764119120475,0.485765273850141,0.6743119906967521,2.2479871531469318,0.0,0.000140039,0.000364015,0.003795114
174,rs_failure_node,0_trials/module2_oracle_shape/oracle_connector_results.parquet,complex_s00_q0009,Complex,complex_d02,20360621,20361625,1.0302453426776896,0.0,0.0,-1.0,0.8390129859619042,0.0,1.3412323567157853,0.0,0.0,-0.15,True,False,False,True,collision,15,60,4.499222262626818,-0.03618917318088011,0.6596788969654869,2.1993097644180657,0.0,9.2265e-05,0.000253464,0.0023370970000000002
175,open_connector,procedural_empty_grid,,,,,,1.1498986600250567,1.0,0.0,0.0,0.059898660025056664,0.0,0.1,0.0,0.0,-0.01,True,False,True,False,,1,4,0.2999875977777498,2.2638108685423712,0.31499048961036596,1.0500117069630701,0.0,5.513e-06,1.6269e-05,0.000117159
176,heldout_procedural,main_evaluation_build_query_set,extreme_s00_q0004,Extreme,extreme_d06,20460707,20461711,1.1062613248523703,1.0,0.0,0.0,0.0592771038149472,0.0,0.056984221037423226,0.0,0.0,-0.01,True,False,True,False,,1,4,0.2999018384917367,0.2849211051871161,0.8862105636299183,2.9550021036444445,0.0,5.639e-06,1.9055e-05,0.000354805
177,open_connector,procedural_empty_grid,,,,,,1.1499861998341532,1.0,0.0,0.0,0.0599861998341531,0.0,0.1,0.0,0.0,-0.01,True,False,True,False,,1,4,0.299998245436833,2.163810963909803,0.11847586233430517,0.3949218508321283,0.0,6.546e-06,1.752e-05,0.000147304
178,obstacle_bypass,procedural_single_side_obstacle,,,,,,-0.9379192333678645,0.0,0.0,-1.0,0.059318602460404435,0.0,0.012762164171731084,0.0,0.0,-0.01,True,False,False,True,collision,1,4,0.29990954641487316,0.06381082085865541,0.8507021481383478,2.836529074541522,0.0,7.874e-06,5.2e-05,0.0
179,heldout_procedural,main_evaluation_build_query_set,extreme_s00_q0007,Extreme,extreme_d06,20460708,20461710,-0.7617483125912128,0.0,0.0,-1.0,0.17712515188148714,0.0,0.09112653552730006,0.0,0.0,-0.03,True,False,False,True,collision,3,12,0.8997998442234865,-0.03618917318088011,0.8862105636299183,2.9546923218064274,0.0,2.0098e-05,5.8341e-05,0.00027485300000000003
180,obstacle_bypass,procedural_single_side_obstacle,,,,,,1.1425405362914085,1.0,0.0,0.0,0.11617582537195759,0.0,0.046364710919450935,0.0,0.0,-0.02,True,False,True,False,,2,8,0.5998551360496082,0.10232728270786806,0.4431052818149592,1.477374303179474,0.0,1.2271e-05,8.051099999999999e-05,0.000304183
181,rs_failure_node,0_trials/module2_oracle_shape/oracle_connector_results.parquet,complex_s00_q0000,Complex,complex_d02,20360620,20361620,1.7370660730484428,1.0,0.0,0.0,0.2737736406285949,0.0,0.5232924324198477,0.0,0.0,-0.060000000000000005,True,False,True,False,,6,24,1.7995822243957171,0.20412325410145327,0.6261035304571895,2.0874962709773235,0.0,3.8932e-05,0.000111383,0.000952779
182,rs_failure_node,0_trials/module2_oracle_shape/oracle_connector_results.parquet,complex_s00_q0006,Complex,complex_d02,20360621,20361622,1.1413436594300808,1.0,0.0,0.0,0.05858148810579218,0.0,0.09276217132428846,0.0,0.0,-0.01,True,False,True,False,,1,4,0.2999282053041065,0.4638108566214423,0.7578910261335179,2.526908149118782,0.0,5.406e-06,1.6458e-05,0.0001695
183,open_connector,procedural_empty_grid,,,,,,1.149996215879468,1.0,0.0,0.0,0.05999621587946811,0.0,0.1,0.0,0.0,-0.01,True,False,True,False,,1,4,0.29999955726527483,1.5638108208586554,0.059513690686488395,0.1983792617195877,0.0,1.1019e-05,2.0057e-05,0.000117163
184,rs_failure_node,0_trials/module2_oracle_shape/oracle_connector_results.parquet,complex_s00_q0006,Complex,complex_d02,20360621,20361622,1.1457417925194677,1.0,0.0,0.0,0.05574179251946774,0.0,0.1,0.0,0.0,-0.01,True,False,True,False,,1,4,0.299975289968199,1.0504177763869147,0.44461797003322007,1.4821819826571547,0.0,5.657e-06,1.7302e-05,0.000147112
185,rs_failure_node,0_trials/module2_oracle_shape/oracle_connector_results.parquet,complex_s00_q0006,Complex,complex_d02,20360621,20361622,1.1470795149534678,1.0,0.0,0.0,0.05707951495346775,0.0,0.1,0.0,0.0,-0.01,True,False,True,False,,1,4,0.29999981608291115,0.5638108208586554,0.038358010965140105,0.12786011493600075,0.0,6.324e-06,1.8261e-05,0.000169304
186,heldout_procedural,main_evaluation_build_query_set,extreme_s00_q0007,Extreme,extreme_d06,20460708,20461710,-0.8610792044991624,0.0,0.0,-1.0,0.11966752577261844,0.0,0.039253269728219124,0.0,0.0,-0.02,True,False,False,True,collision,2,8,0.5998809513290765,-0.03618917318088011,0.8549621340746545,2.850439348608848,0.0,1.3328e-05,4.7541e-05,0.00014332
187,heldout_procedural,main_evaluation_build_query_set,complex_s00_q0005,Complex,complex_d04,20360708,20361708,3.665384998466451,0.0,-0.25,0.0,1.4051021741478655,0.0,2.8202828243185873,0.0,0.0,-0.3100000000000001,False,True,False,False,no_progress,31,124,9.298231299267531,0.20412325410145327,0.6702014391220786,2.2344297473457226,0.0,0.000202396,0.000548517,0.007236738
188,rs_failure_node,0_trials/module2_oracle_shape/oracle_connector_results.parquet,complex_s00_q0003,Complex,complex_d02,20360620,20361623,3.949914929576823,0.0,-0.25,0.0,1.787215673663758,0.0,2.732699255913065,0.0,0.0,-0.3200000000000001,False,True,False,False,no_rs_terminal:terminal_rs_collision,32,128,9.598185420361935,0.10232728270786806,0.8045818621816238,2.6824465732024887,0.0,0.000207589,0.000596886,0.007690832
189,obstacle_bypass,procedural_single_side_obstacle,,,,,,1.1491313014578413,1.0,0.0,0.0,0.11385084432638469,0.0,0.05528045713145655,0.0,0.0,-0.02,True,False,True,False,,2,8,0.5998036769834739,0.12949627188938662,0.4431052818149592,1.477501051822221,0.0,1.3596999999999999e-05,6.9231e-05,0.000297224
190,heldout_procedural,main_evaluation_build_query_set,complex_s00_q0004,Complex,complex_d03,20360707,20361711,0.37036770285201337,0.0,0.0,-1.0,0.3748433625876219,0.0,1.125524340264391,0.0,0.0,-0.12999999999999998,True,False,False,True,collision,13,52,3.89952223395917,-0.03618917318088011,0.34939412879477766,1.164789787522383,0.0,8.1968e-05,0.000221568,0.00241188
191,rs_failure_node,0_trials/module2_oracle_shape/oracle_connector_results.parquet,complex_s00_q0000,Complex,complex_d02,20360620,20361620,-0.939619998214733,0.0,0.0,-1.0,0.057617837613535984,0.0,0.012762164171731084,0.0,0.0,-0.01,True,False,False,True,collision,1,4,0.29995334044230426,0.06381082085865541,0.6109778062400809,2.03690949178678,0.0,5.893e-06,2.9539e-05,0.0
192,open_connector,procedural_empty_grid,,,,,,1.1492177453298922,1.0,0.0,0.0,0.05921774532989206,0.0,0.1,0.0,0.0,-0.01,True,False,True,False,,1,4,0.29990183849173757,1.1638107254912238,0.8862105636299183,2.9550021036444356,0.0,5.699e-06,1.6474e-05,0.000129316
193,rs_failure_node,0_trials/module2_oracle_shape/oracle_connector_results.parquet,extreme_s00_q0005,Extreme,extreme_d07,20460621,20461621,1.3352612153327301,1.0,0.0,0.0,0.10689684874553276,0.0,0.2583643665871974,0.0,0.0,-0.03,True,False,True,False,,3,12,0.8999131120191313,0.29182183293598696,0.5740906435230636,1.9138202428287068,0.0,1.832e-05,4.9824e-05,0.000448251
194,rs_failure_node,0_trials/module2_oracle_shape/oracle_connector_results.parquet,extreme_s00_q0007,Extreme,extreme_d06,20460621,20461623,1.1482001258244021,1.0,0.0,0.0,0.058200125824401955,0.0,0.1,0.0,0.0,-0.01,True,False,True,False,,1,4,0.29990183849173657,0.836603040974317,0.8862105636299183,2.955002103644446,0.0,6.595e-06,1.881e-05,0.000136527
195,open_connector,procedural_empty_grid,,,,,,1.1499045812877364,1.0,0.0,0.0,0.059904581287736396,0.0,0.1,0.0,0.0,-0.01,True,False,True,False,,1,4,0.2999877761711069,1.2638108685423712,0.3127168472301,1.0424319658002756,0.0,5.488e-06,1.5558e-05,0.000149458
196,rs_failure_node,0_trials/module2_oracle_shape/oracle_connector_results.parquet,extreme_s00_q0004,Extreme,extreme_d06,20460620,20461624,-0.9538056363291112,0.0,0.0,-1.0,0.05619436367088877,0.0,0.0,0.0,0.0,-0.01,True,False,False,True,collision,1,4,0.29990183849173685,-0.07563403697711424,0.8862105636299183,2.9550021036444427,0.0,6.226e-06,2.2145e-05,0.0
197,obstacle_bypass,procedural_single_side_obstacle,,,,,,-0.9372824910401414,0.0,0.0,-1.0,0.05995534478812754,0.0,0.012762164171731084,0.0,0.0,-0.01,True,False,False,True,collision,1,4,0.29999409185115206,0.06381082085865541,0.21740623274576,0.7247017146378681,0.0,5.825e-06,4.0706e-05,0.0
198,obstacle_bypass,procedural_single_side_obstacle,,,,,,-0.9500691360023948,0.0,0.0,-1.0,0.059930863997605145,0.0,0.0,0.0,0.0,-0.01,True,False,False,True,collision,1,4,0.2999908517301913,-0.011925135571779766,0.27053064152670403,0.9017963046753723,0.0,5.619e-06,3.1492e-05,0.0
199,obstacle_bypass,procedural_single_side_obstacle,,,,,,-0.9500350790443841,0.0,0.0,-1.0,0.059964920955615855,0.0,0.0,0.0,0.0,-0.01,True,False,False,True,collision,1,4,0.2999953590664497,-0.011925135571779766,0.19268534119100242,0.6422944067888802,0.0,8.335e-06,4.3564e-05,0.0
200,rs_failure_node,0_trials/module2_oracle_shape/oracle_connector_results.parquet,extreme_s00_q0005,Extreme,extreme_d07,20460621,20461621,1.6146184805626012,0.0,0.0,-1.0,1.2169813729414252,0.0,1.6076371076211762,0.0,0.0,-0.21000000000000005,True,False,False,True,collision,21,84,6.298816328003875,-0.15334645362597898,0.9930943985070296,3.3109367351971453,0.0,0.000129953,0.000385009,0.003730338
201,open_connector,procedural_empty_grid,,,,,,1.1492819992265888,1.0,0.0,0.0,0.05928199922658872,0.0,0.1,0.0,0.0,-0.01,True,False,True,False,,1,4,0.29991598495961874,1.463810916226087,0.819863890226643,2.7336451917927316,0.0,6.045e-06,1.5932e-05,9.949e-05
202,rs_failure_node,0_trials/module2_oracle_shape/oracle_connector_results.parquet,complex_s00_q0003,Complex,complex_d02,20360620,20361623,4.458485963102894,0.0,-0.25,0.0,1.855723796546978,0.0,3.1727621665559185,0.0,0.0,-0.3200000000000001,False,True,False,False,no_rs_terminal:terminal_rs_collision,32,128,9.598373515148838,0.36381083277958437,0.7175498260414627,2.3922380596136605,0.0,0.00019987,0.000561453,0.007537513
203,heldout_procedural,main_evaluation_build_query_set,extreme_s00_q0000,Extreme,extreme_d05,20460707,20461707,-0.45781428222707266,0.0,0.0,-1.0,0.33098039146930386,0.0,0.27120532630362354,0.0,0.0,-0.060000000000000005,True,False,False,True,collision,6,24,1.7997707123902702,-0.023878608662905254,0.5551193365107635,1.850633525778996,0.0,3.675e-05,0.00010571300000000001,0.0007061249999999999
204,rs_failure_node,0_trials/module2_oracle_shape/oracle_connector_results.parquet,extreme_s00_q0004,Extreme,extreme_d06,20460620,20461624,0.3163866623473027,0.0,-0.25,0.0,0.1418181514241463,0.0,0.5045685109231565,0.0,0.0,-0.08,False,True,False,False,no_progress,8,32,2.3996373266222406,0.17208712844151064,0.5964710845116503,1.9885374440353467,0.0,4.9139e-05,0.000140452,0.001067952
205,heldout_procedural,main_evaluation_build_query_set,complex_s00_q0005,Complex,complex_d04,20360708,20361708,3.4423334042343816,0.0,-0.25,0.0,1.27825514210299,0.0,2.694078262131392,0.0,0.0,-0.2800000000000001,False,True,False,False,no_progress,28,112,8.39838942256555,0.20412325410145327,0.7633957988340468,2.5451406563645183,0.0,0.000178068,0.000475685,0.007010001
206,open_connector,procedural_empty_grid,,,,,,1.1491553043819178,1.0,0.0,0.0,0.05915530438191783,0.0,0.1,0.0,0.0,-0.01,True,False,True,False,,1,4,0.2999018384917375,2.763810630123792,0.8862105636299183,2.9550021036444365,0.0,6.163e-06,1.6815e-05,0.000104912
207,obstacle_bypass,procedural_single_side_obstacle,,,,,,1.1491313014578413,1.0,0.0,0.0,0.11385084432638469,0.0,0.05528045713145655,0.0,0.0,-0.02,True,False,True,False,,2,8,0.5998036769834739,0.12949627188938662,0.4431052818149592,1.477501051822221,0.0,1.3026e-05,7.0391e-05,0.000310001
208,open_connector,procedural_empty_grid,,,,,,1.1491373968857403,1.0,0.0,0.0,0.05913739688574027,0.0,0.1,0.0,0.0,-0.01,True,False,True,False,,1,4,0.2999018384917368,1.8638110115935187,0.8862105636299183,2.9550021036444436,0.0,5.589e-06,1.6147e-05,9.4656e-05
209,rs_failure_node,0_trials/module2_oracle_shape/oracle_connector_results.parquet,extreme_s00_q0008,Extreme,extreme_d07,20460621,20461624,1.1753690130764183,1.0,0.0,0.0,0.14233996345660208,0.0,0.07302904961981618,0.0,0.0,-0.04,True,False,True,False,,4,16,1.199784204319464,0.06381082085865541,0.8545852396673108,2.8491298238154243,0.0,2.5237000000000002e-05,0.000131648,0.000566168
210,rs_failure_node,0_trials/module2_oracle_shape/oracle_connector_results.parquet,extreme_s00_q0007,Extreme,extreme_d06,20460621,20461623,1.148212884335033,1.0,0.0,0.0,0.05821288433503283,0.0,0.1,0.0,0.0,-0.01,True,False,True,False,,1,4,0.2999995814686924,0.7300012066771369,0.05786408086787036,0.19288053864804805,0.0,5.638e-06,1.5828e-05,0.000138587
211,open_connector,procedural_empty_grid,,,,,,1.149192368946942,1.0,0.0,0.0,0.05919236894694211,0.0,0.1,0.0,0.0,-0.01,True,False,True,False,,1,4,0.29990183849173696,2.5638108208586554,0.8862105636299183,2.955002103644442,0.0,5.935e-06,1.6042e-05,0.000112816
212,open_connector,procedural_empty_grid,,,,,,1.1496145500570574,1.0,0.0,0.0,0.05961455005705721,0.0,0.1,0.0,0.0,-0.01,True,False,True,False,,1,4,0.2999551860505618,2.2638108685423712,0.5987717953627463,1.9962041771860366,0.0,8.064e-06,1.9269e-05,0.000325127
213,rs_failure_node,0_trials/module2_oracle_shape/oracle_connector_results.parquet,extreme_s00_q0004,Extreme,extreme_d06,20460620,20461624,0.20958851445604634,0.0,-0.25,0.0,0.1253873898739849,0.0,0.4242011245820615,0.0,0.0,-0.09,False,True,False,False,no_progress,9,36,2.6994109302032716,0.06381082085865541,0.8092607736413358,2.698124572765055,0.0,5.5337e-05,0.00024926799999999997,0.0011682749999999999
214,rs_failure_node,0_trials/module2_oracle_shape/oracle_connector_results.parquet,extreme_s00_q0005,Extreme,extreme_d07,20460621,20461621,-0.9550609337901025,0.0,0.0,-1.0,0.05493906620989755,0.0,0.0,0.0,0.0,-0.01,True,False,False,True,collision,1,4,0.29999239197288957,-0.023878608662905254,0.24670768115807662,0.8223797928194515,0.0,5.558e-06,2.9369e-05,0.0
215,heldout_procedural,main_evaluation_build_query_set,complex_s00_q0006,Complex,complex_d02,20360708,20361709,1.1062704048907939,1.0,0.0,0.0,0.05928618385337075,0.0,0.056984221037423226,0.0,0.0,-0.01,True,False,True,False,,1,4,0.2999018384917384,0.2849211051871161,0.8862105636299183,2.9550021036444276,0.0,5.887e-06,1.6766e-05,0.000585655
216,open_connector,procedural_empty_grid,,,,,,1.1498572910017861,1.0,0.0,0.0,0.0598572910017861,0.0,0.1,0.0,0.0,-0.01,True,False,True,False,,1,4,0.29998239356714557,0.9638107970167975,0.3753051329133945,1.2510905338495786,0.0,5.419e-06,1.5622e-05,0.000122403
217,open_connector,procedural_empty_grid,,,,,,1.1499002087012948,1.0,0.0,0.0,0.05990020870129471,0.0,0.1,0.0,0.0,-0.01,True,False,True,False,,1,4,0.299988321764635,1.963810916226087,0.3056582634045247,1.018900541216195,0.0,5.392e-06,1.5698e-05,0.000102093
218,rs_failure_node,0_trials/module2_oracle_shape/oracle_connector_results.parquet,extreme_s00_q0005,Extreme,extreme_d07,20460621,20461621,1.39155432763239,1.0,0.0,0.0,0.12768445166866682,0.0,0.29386987596372327,0.0,0.0,-0.03,True,False,True,False,,3,12,0.8998784613930415,0.46934937981861635,0.6938924827014138,2.3132873353605286,0.0,1.846e-05,5.1394e-05,0.00040796500000000004
219,obstacle_bypass,procedural_single_side_obstacle,,,,,,1.1235753092520704,1.0,0.0,0.0,0.11805098090860824,0.0,0.025524328343462167,0.0,0.0,-0.02,True,False,True,False,,2,8,0.5998896736828034,0.06381082085865541,0.4431052818149592,1.477289245853079,0.0,1.1718e-05,8.8174e-05,0.000302883
220,heldout_procedural,main_evaluation_build_query_set,extreme_s00_q0008,Extreme,extreme_d07,20460708,20461711,-0.9507203966532141,0.0,0.0,-1.0,0.05927960334678595,0.0,0.0,0.0,0.0,-0.01,True,False,False,True,collision,1,4,0.2999018384917383,-0.21258236916762785,0.8862105636299183,2.9550021036444285,0.0,5.259e-06,2.7857e-05,0.0
221,rs_failure_node,0_trials/module2_oracle_shape/oracle_connector_results.parquet,complex_s00_q0009,Complex,complex_d02,20360621,20361625,2.6615598361882786,0.0,-0.25,0.0,0.9315598361882782,0.0,2.2000000000000006,0.0,0.0,-0.22000000000000006,False,True,False,False,no_progress,22,88,6.599071263233008,0.6268254473616461,0.6602235912034086,2.2010550313952755,0.0,0.000140551,0.00036843,0.003991133
222,open_connector,procedural_empty_grid,,,,,,1.1492373347687632,1.0,0.0,0.0,0.05923733476876319,0.0,0.1,0.0,0.0,-0.01,True,False,True,False,,1,4,0.29990183849173724,1.3638110115935187,0.8862105636299183,2.955002103644439,0.0,5.638e-06,1.6744e-05,0.000150129
223,open_connector,procedural_empty_grid,,,,,,1.1491930242620425,1.0,0.0,0.0,0.059193024262042516,0.0,0.1,0.0,0.0,-0.01,True,False,True,False,,1,4,0.29990183849173696,1.3638108923842291,0.8862105636299183,2.955002103644442,0.0,5.858e-06,1.6502e-05,0.000108752
224,open_connector,procedural_empty_grid,,,,,,1.1497951017553347,1.0,0.0,0.0,0.059795101755334736,0.0,0.1,0.0,0.0,-0.01,True,False,True,False,,1,4,0.299975300053382,1.963810916226087,0.44452722506539616,1.4818794246936013,0.0,6.682e-06,1.7974e-05,0.000123235
225,rs_failure_node,0_trials/module2_oracle_shape/oracle_connector_results.parquet,complex_s00_q0008,Complex,complex_d04,20360621,20361624,-0.8556899996348626,0.0,0.0,-1.0,0.1173837531894085,0.0,0.04692624717572889,0.0,0.0,-0.02,True,False,False,True,collision,2,8,0.5999822953305857,-0.03618917318088011,0.18356271350806236,0.611893767321653,0.0,1.3276e-05,4.1701e-05,8.6507e-05
226,heldout_procedural,main_evaluation_build_query_set,extreme_s00_q0005,Extreme,extreme_d07,20460708,20461708,-0.9379545986468252,0.0,0.0,-1.0,0.05928323718144384,0.0,0.012762164171731084,0.0,0.0,-0.01,True,False,False,True,collision,1,4,0.2999018384917371,0.06381082085865541,0.8862105636299183,2.95500210364444,0.0,6.228e-06,3.8045e-05,0.0
227,open_connector,procedural_empty_grid,,,,,,1.149811259663519,1.0,0.0,0.0,0.059811259663519016,0.0,0.1,0.0,0.0,-0.01,True,False,True,False,,1,4,0.2999781939616778,0.963810916226087,0.4176746469811462,1.3923500287307689,0.0,5.858e-06,1.6164e-05,0.000100854
228,heldout_procedural,main_evaluation_build_query_set,extreme_s00_q0006,Extreme,extreme_d05,20460708,20461709,0.7520816843477482,0.0,-0.25,0.0,0.30213925113239454,0.0,0.8199424332153534,0.0,0.0,-0.11999999999999998,False,True,False,False,no_progress,12,48,3.5991577392657232,0.06381082085865541,0.5639174752239763,1.8801648032431824,0.0,7.6668e-05,0.000326735,0.002390536
229,heldout_procedural,main_evaluation_build_query_set,complex_s00_q0004,Complex,complex_d03,20360707,20361711,1.857479674634551,1.0,0.0,0.0,0.3174796746345507,0.0,0.6,0.0,0.0,-0.060000000000000005,True,False,True,False,,6,24,1.7995769725281745,0.9091732457091193,0.9207052752399241,3.0697390196534404,0.0,3.8602e-05,0.000123606,0.001044486
230,open_connector,procedural_empty_grid,,,,,,1.1499687003496457,1.0,0.0,0.0,0.05996870034964559,0.0,0.1,0.0,0.0,-0.01,True,False,True,False,,1,4,0.2999964538870656,1.8638110115935187,0.1684310068876873,0.561443326097093,0.0,6.41e-06,1.6899e-05,0.000127866
231,open_connector,procedural_empty_grid,,,,,,1.149974254595258,1.0,0.0,0.0,0.059974254595257875,0.0,0.1,0.0,0.0,-0.01,True,False,True,False,,1,4,0.2999969870694749,1.3638108923842291,0.15525307349403303,0.5175154424403559,0.0,5.602e-06,1.6181e-05,0.000103194
232,heldout_procedural,main_evaluation_build_query_set,extreme_s00_q0002,Extreme,extreme_d07,20460707,20461709,0.47768125459934707,0.0,-0.25,0.0,0.330792835843462,0.0,0.5168884187558851,0.0,0.0,-0.11999999999999998,False,True,False,False,no_progress,12,48,3.599242130865767,0.06381082085865541,0.7537228609802035,2.5129385584255823,0.0,7.6192e-05,0.000333601,0.002842469
233,obstacle_bypass,procedural_single_side_obstacle,,,,,,1.1231485889601516,1.0,0.0,0.0,0.11762426061668947,0.0,0.025524328343462167,0.0,0.0,-0.02,True,False,True,False,,2,8,0.5998827447270432,0.06381082085865541,0.4431052818149592,1.4773063093074283,0.0,1.0879e-05,8.408600000000001e-05,0.000290241
234,open_connector,procedural_empty_grid,,,,,,1.1499996694030366,1.0,0.0,0.0,0.05999966940303639,0.0,0.1,0.0,0.0,-0.01,True,False,True,False,,1,4,0.299999959748005,1.3638110115935187,0.017944804694963148,0.059816023675591454,0.0,5.687e-06,1.6158e-05,0.000113267
235,rs_failure_node,0_trials/module2_oracle_shape/oracle_connector_results.parquet,complex_s00_q0003,Complex,complex_d02,20360620,20361623,2.1931924203966737,0.0,-0.25,0.0,0.7331924203966739,0.0,1.9000000000000006,0.0,0.0,-0.19000000000000003,False,True,False,False,oscillation,19,76,5.698889091317801,0.5537603452612738,0.694200460446071,2.3144526129785343,0.0,0.000117972,0.000311311,0.004035906
236,obstacle_bypass,procedural_single_side_obstacle,,,,,,1.1491313014578413,1.0,0.0,0.0,0.11385084432638469,0.0,0.05528045713145655,0.0,0.0,-0.02,True,False,True,False,,2,8,0.5998036769834739,0.12949627188938662,0.4431052818149592,1.477501051822221,0.0,1.2315e-05,6.4067e-05,0.000293953
237,rs_failure_node,0_trials/module2_oracle_shape/oracle_connector_results.parquet,extreme_s00_q0001,Extreme,extreme_d06,20460620,20461621,1.985258135313828,1.0,0.0,0.0,0.30644214523101637,0.0,0.7588159900828115,0.0,0.0,-0.08,True,False,True,False,,8,32,2.3994114307408196,0.3700365975310187,0.7754342431761786,2.5854148504636,0.0,5.1086e-05,0.000130421,0.001125438
238,rs_failure_node,0_trials/module2_oracle_shape/oracle_connector_results.parquet,extreme_s00_q0008,Extreme,extreme_d07,20460621,20461624,-0.9528939227945901,0.0,0.0,-1.0,0.05710607720540999,0.0,0.0,0.0,0.0,-0.01,True,False,False,True,collision,1,4,0.29990183849173624,-0.07563403697711424,0.8862105636299183,2.955002103644449,0.0,5.994e-06,4.0189e-05,0.0
239,open_connector,procedural_empty_grid,,,,,,1.1499998242287235,1.0,0.0,0.0,0.0599998242287235,0.0,0.1,0.0,0.0,-0.01,True,False,True,False,,1,4,0.2999999783119471,1.3638108923842291,0.013172105815062616,0.043907022557734814,0.0,5.879e-06,1.5584e-05,0.000122086
240,obstacle_bypass,procedural_single_side_obstacle,,,,,,-0.9500220392594447,0.0,0.0,-1.0,0.05997796074055533,0.0,0.0,0.0,0.0,-0.01,True,False,False,True,collision,1,4,0.29999708441922057,-0.011925135571779766,0.1527243079592598,0.5090859741351368,0.0,5.299e-06,2.9248e-05,0.0
241,rs_failure_node,0_trials/module2_oracle_shape/oracle_connector_results.parquet,extreme_s00_q0004,Extreme,extreme_d06,20460620,20461624,2.3485385977232123,1.0,0.0,0.0,0.600986977437524,0.0,0.8675516202856878,0.0,0.0,-0.11999999999999998,True,False,True,False,,12,48,3.599168806440579,0.06381082085865541,0.9203733451639823,3.0686196552393152,0.0,7.58e-05,0.00029130599999999997,0.001922635
242,obstacle_bypass,procedural_single_side_obstacle,,,,,,-0.8009839824792873,0.0,0.0,-1.0,0.17759243479937326,0.0,0.051423582721339484,0.0,0.0,-0.03,True,False,False,True,collision,3,12,0.8999556597382663,0.06381082085865541,0.4638230241489551,1.5461529214134233,0.0,1.793e-05,0.00013956,0.000200175
243,rs_failure_node,0_trials/module2_oracle_shape/oracle_connector_results.parquet,extreme_s00_q0008,Extreme,extreme_d07,20460621,20461624,1.5352125797496345,1.0,0.0,0.0,0.2613238752822317,0.0,0.3238887044674027,0.0,0.0,-0.05,True,False,True,False,,5,20,1.4998599272685695,0.16381084470051333,0.5168258902872183,1.722913856457323,0.0,3.3347e-05,8.446e-05,0.000662191
244,rs_failure_node,0_trials/module2_oracle_shape/oracle_connector_results.parquet,complex_s00_q0009,Complex,complex_d02,20360621,20361625,-0.9461636610216938,0.0,0.0,-1.0,0.051074174806575195,0.0,0.012762164171731084,0.0,0.0,-0.01,True,False,False,True,collision,1,4,0.2999184985052139,0.06381082085865541,0.8075054828502028,2.6924163960368883,0.0,6.075e-06,3.5862e-05,0.0
245,heldout_procedural,main_evaluation_build_query_set,extreme_s00_q0003,Extreme,extreme_d05,20460707,20461710,0.7315424704458139,0.0,0.0,-1.0,0.6875833380582278,0.0,1.2039591323875856,0.0,0.0,-0.16,True,False,False,True,collision,16,64,4.799186396462402,-0.011925135571779766,0.5732644019158539,1.9112052904247976,0.0,0.000107811,0.000325529,0.002515407
246,open_connector,procedural_empty_grid,,,,,,1.1494842740714972,1.0,0.0,0.0,0.059484274071497235,0.0,0.1,0.0,0.0,-0.01,True,False,True,False,,1,4,0.2999417491434277,1.5638108208586554,0.6826668296363112,2.2759980282367094,0.0,5.792e-06,1.7115e-05,9.5598e-05
247,obstacle_bypass,procedural_single_side_obstacle,,,,,,-0.9502195238311537,0.0,0.0,-1.0,0.059780476168846346,0.0,0.0,0.0,0.0,-0.01,True,False,False,True,collision,1,4,0.29997092918848667,-0.07563403697711424,0.48225849220346617,1.607684096282674,0.0,5.807e-06,3.3112e-05,0.0
248,rs_failure_node,0_trials/module2_oracle_shape/oracle_connector_results.parquet,complex_s00_q0002,Complex,complex_d04,20360620,20361622,-0.6394881048799693,0.0,0.0,-1.0,0.23938269735505102,0.0,0.16112919776497964,0.0,0.0,-0.04,True,False,False,True,collision,4,16,1.1999215560510916,-0.023878608662905254,0.5188140381475306,1.7294931840542414,0.0,2.5623e-05,7.6053e-05,0.000380395
249,rs_failure_node,0_trials/module2_oracle_shape/oracle_connector_results.parquet,extreme_s00_q0005,Extreme,extreme_d07,20460621,20461621,2.0409533191666656,1.0,0.0,0.0,0.38471531908311274,0.0,0.7362380000835526,0.0,0.0,-0.08,True,False,True,False,,8,32,2.3997361574010903,0.3253881290366034,0.39999935845956874,1.3334777899676014,0.0,5.1291e-05,0.00012969499999999998,0.001170237
250,rs_failure_node,0_trials/module2_oracle_shape/oracle_connector_results.parquet,extreme_s00_q0004,Extreme,extreme_d06,20460620,20461624,-0.354529100902536,0.0,0.0,-1.0,0.32187778242326986,0.0,0.403593116674194,0.0,0.0,-0.08,True,False,False,True,collision,8,32,2.3993044930955194,0.06381082085865541,0.9252451050020276,3.085044379034362,0.0,4.8327e-05,0.000179009,0.000781009
251,rs_failure_node,0_trials/module2_oracle_shape/oracle_connector_results.parquet,complex_s00_q0009,Complex,complex_d02,20360621,20361625,1.5647438505921394,1.0,0.0,0.0,0.24987787075318507,0.0,0.3648659798389542,0.0,0.0,-0.05,True,False,True,False,,5,20,1.4997803454408727,0.17208712844151064,0.6873122999957929,2.2913765408552274,0.0,3.0344999999999998e-05,8.1558e-05,0.000677879
252,obstacle_bypass,procedural_single_side_obstacle,,,,,,1.1448636156706644,1.0,0.0,0.0,0.11501695637551174,0.0,0.04984665929515284,0.0,0.0,-0.02,True,False,True,False,,2,8,0.5998587686997037,0.10232728270786806,0.5927087845472956,1.9761611081624866,0.0,1.2118e-05,6.2333e-05,0.00029139
253,rs_failure_node,0_trials/module2_oracle_shape/oracle_connector_results.parquet,extreme_s00_q0007,Extreme,extreme_d06,20460621,20461623,1.149172194866976,1.0,0.0,0.0,0.05917219486697589,0.0,0.1,0.0,0.0,-0.01,True,False,True,False,,1,4,0.2999018384917375,0.6268254473616461,0.8862105636299183,2.9550021036444365,0.0,6.16e-06,1.6649e-05,0.000116639
254,rs_failure_node,0_trials/module2_oracle_shape/oracle_connector_results.parquet,extreme_s00_q0003,Extreme,extreme_d05,20460620,20461623,-0.7730531741747815,0.0,0.0,-1.0,0.1695356871231967,0.0,0.08741113870202187,0.0,0.0,-0.03,True,False,False,True,collision,3,12,0.8998877991022572,0.06381082085865541,0.519861453165991,1.7330875705325037,0.0,1.8466e-05,8.1409e-05,0.000197851
255,heldout_procedural,main_evaluation_build_query_set,extreme_s00_q0003,Extreme,extreme_d05,20460707,20461710,-0.40923074327776754,0.0,0.0,-1.0,0.34724750289353,0.0,0.30352175382870245,0.0,0.0,-0.060000000000000005,True,False,False,True,collision,6,24,1.7997600583934337,0.011024440806088887,0.44009681502101644,1.467184960468135,0.0,3.8098e-05,0.000105728,0.000716872
256,rs_failure_node,0_trials/module2_oracle_shape/oracle_connector_results.parquet,complex_s00_q0002,Complex,complex_d04,20360620,20361622,0.590835886196059,0.0,-0.25,0.0,0.12451597115494764,0.0,0.8163199150411112,0.0,0.0,-0.09999999999999999,False,True,False,False,no_progress,10,40,2.999350337752006,0.20412325410145327,0.8969815865941356,2.9905862456415067,0.0,6.2545e-05,0.000179313,0.002833718
257,rs_failure_node,0_trials/module2_oracle_shape/oracle_connector_results.parquet,extreme_s00_q0008,Extreme,extreme_d07,20460621,20461624,1.2553784685779104,1.0,0.0,0.0,0.07537846857791033,0.0,0.2,0.0,0.0,-0.02,True,False,True,False,,2,8,0.5998036769834741,0.8979772284437995,0.4431052818149592,1.4775010518222202,0.0,1.3996e-05,3.4735e-05,0.00036185899999999997
258,obstacle_bypass,procedural_single_side_obstacle,,,,,,-0.9372459153487128,0.0,0.0,-1.0,0.05999192047955618,0.0,0.012762164171731084,0.0,0.0,-0.01,True,False,False,True,collision,1,4,0.2999989312353716,0.06381082085865541,0.09246689226667189,0.30822407228552656,0.0,6.668e-06,4.8995e-05,0.0
259,open_connector,procedural_empty_grid,,,,,,1.1496576571408008,1.0,0.0,0.0,0.059657657140800784,0.0,0.1,0.0,0.0,-0.01,True,False,True,False,,1,4,0.29995652156243235,1.0638108208586554,0.5897818448716643,1.9662244441280077,0.0,7.245e-06,2.0474e-05,0.000180267
260,obstacle_bypass,procedural_single_side_obstacle,,,,,,-0.9372404094641638,0.0,0.0,-1.0,0.05999742636410517,0.0,0.012762164171731084,0.0,0.0,-0.01,True,False,False,True,collision,1,4,0.2999996595674064,0.06381082085865541,0.05218679598668566,0.17395618402346855,0.0,5.216e-06,4.0034e-05,0.0
261,open_connector,procedural_empty_grid,,,,,,1.1492117700783095,1.0,0.0,0.0,0.059211770078309384,0.0,0.1,0.0,0.0,-0.01,True,False,True,False,,1,4,0.2999018384917369,2.163810963909803,0.8862105636299183,2.9550021036444423,0.0,5.642e-06,1.5844e-05,0.000118593
262,obstacle_bypass,procedural_single_side_obstacle,,,,,,1.1424766157944186,1.0,0.0,0.0,0.11611190487496775,0.0,0.046364710919450935,0.0,0.0,-0.02,True,False,True,False,,2,8,0.5998538160208342,0.10232728270786806,0.4431052818149592,1.4773775542658854,0.0,1.1359000000000001e-05,7.5665e-05,0.000298594
263,heldout_procedural,main_evaluation_build_query_set,extreme_s00_q0006,Extreme,extreme_d05,20460708,20461709,2.0301769849960256,0.0,-0.25,0.0,0.8063645619947533,0.0,1.7138124230012728,0.0,0.0,-0.24000000000000007,False,True,False,False,no_progress,24,96,7.198834552819358,0.06381082085865541,0.7398017467188982,2.4664050536207807,0.0,0.000159415,0.000506962,0.004607503
264,heldout_procedural,main_evaluation_build_query_set,complex_s00_q0007,Complex,complex_d03,20360708,20361710,0.5704625084902271,0.0,0.0,-1.0,0.695232562718939,0.0,0.995229945771288,0.0,0.0,-0.11999999999999998,True,False,False,True,collision,12,48,3.5995386127092415,-0.21258236916762785,0.6197474789681178,2.066089726432988,0.0,7.2675e-05,0.00023206,0.001970875
265,rs_failure_node,0_trials/module2_oracle_shape/oracle_connector_results.parquet,complex_s00_q0008,Complex,complex_d04,20360621,20361624,-0.9383468015282016,0.0,0.0,-1.0,0.05889103430006735,0.0,0.012762164171731084,0.0,0.0,-0.01,True,False,False,True,collision,1,4,0.2999018384917357,0.06381082085865541,0.8862105636299183,2.9550021036444543,0.0,6.494e-06,4.9947e-05,0.0
266,open_connector,procedural_empty_grid,,,,,,1.1499309232501862,1.0,0.0,0.0,0.05993092325018615,0.0,0.1,0.0,0.0,-0.01,True,False,True,False,,1,4,0.29999225322642575,1.7638108685423712,0.2489471202910978,0.829845163045592,0.0,6.202e-06,1.6487e-05,9.8323e-05
267,rs_failure_node,0_trials/module2_oracle_shape/oracle_connector_results.parquet,extreme_s00_q0001,Extreme,extreme_d06,20460620,20461621,-0.9516641334915977,0.0,0.0,-1.0,0.05613097834718453,0.0,0.0022048881612177773,0.0,0.0,-0.01,True,False,False,True,collision,1,4,0.2999808387842761,0.011024440806088887,0.3915260694863073,1.3051702604507474,0.0,5.778e-06,2.4679e-05,0.0
268,open_connector,procedural_empty_grid,,,,,,1.1497669288086159,1.0,0.0,0.0,0.05976692880861574,0.0,0.1,0.0,0.0,-0.01,True,False,True,False,,1,4,0.29997038769316264,1.2638106301237921,0.486729360242833,1.6225913630538247,0.0,6.38e-06,1.8225e-05,0.000151624
269,rs_failure_node,0_trials/module2_oracle_shape/oracle_connector_results.parquet,extreme_s00_q0005,Extreme,extreme_d07,20460621,20461621,1.0824703092547288,1.0,0.0,0.0,0.038286791266011734,0.0,0.05418351798871717,0.0,0.0,-0.01,True,False,True,False,,1,4,0.29990183849173585,0.27091758994358583,0.8862105636299183,2.955002103644453,0.0,6.02e-06,1.6431e-05,0.000175783
270,rs_failure_node,0_trials/module2_oracle_shape/oracle_connector_results.parquet,extreme_s00_q0004,Extreme,extreme_d06,20460620,20461624,1.40495983020495,1.0,0.0,0.0,0.29404488611910434,0.0,0.18091494408584563,0.0,0.0,-0.07,True,False,True,False,,7,28,2.099593562708127,0.06381082085865541,1.137998468281628,3.7940625364161407,0.0,4.3244e-05,0.000240475,0.0008942900000000001
271,rs_failure_node,0_trials/module2_oracle_shape/oracle_connector_results.parquet,complex_s00_q0009,Complex,complex_d02,20360621,20361625,-0.8423152804052912,0.0,0.0,-1.0,0.17051277910054202,0.0,0.01717194049416664,0.0,0.0,-0.03,True,False,False,True,collision,3,12,0.8998168719274016,0.011024440806088887,0.327515796346866,1.0919415046485939,0.0,1.8883999999999997e-05,0.000126539,0.000273528
272,obstacle_bypass,procedural_single_side_obstacle,,,,,,1.1491313014578413,1.0,0.0,0.0,0.11385084432638469,0.0,0.05528045713145655,0.0,0.0,-0.02,True,False,True,False,,2,8,0.5998036769834739,0.12949627188938662,0.4431052818149592,1.477501051822221,0.0,1.279e-05,6.7291e-05,0.000295352
273,rs_failure_node,0_trials/module2_oracle_shape/oracle_connector_results.parquet,extreme_s00_q0004,Extreme,extreme_d06,20460620,20461624,4.043020501695633,1.0,0.0,0.0,0.944733997259511,0.0,2.338286504436123,0.0,0.0,-0.24000000000000007,True,False,True,False,,24,96,7.198311216430371,0.36381083277958437,0.8198641509027363,2.733521659462694,0.0,0.000152824,0.000418838,0.004228036
274,rs_failure_node,0_trials/module2_oracle_shape/oracle_connector_results.parquet,complex_s00_q0006,Complex,complex_d02,20360621,20361622,1.1441812875289745,1.0,0.0,0.0,0.0541812875289744,0.0,0.1,0.0,0.0,-0.01,True,False,True,False,,1,4,0.29990183849173757,0.7803634360243659,0.8862105636299183,2.9550021036444356,0.0,5.674e-06,1.723e-05,0.00016223
