bucket,query_id,distance_bin_key,time_delta_f_minus_v_s,time_reduction_vs_vanilla,f_n3p_failure_reason,f_n3p_fallback_f1_count,f_n3p_fallback_f2_count,f_n3p_fallback_f3_count,f_n3p_fallback_triggered,f_n3p_feasible,f_n3p_path_inflation_ratio,f_n3p_subgoal_reachability_rate,f_n3p_success,f_n3p_time_s,map_seed,profile_name,query_seed,vanilla_failure_reason,vanilla_feasible,vanilla_success,vanilla_time_s
Complex,complex_s00_q0000,d08_12,-0.3100703612435609,0.4886794104135448,,4,1,0,True,True,-0.0057450273061034896,,True,0.3244363411795348,20360620,complex_d02,20361620,,True,True,0.6345067024230957
Complex,complex_s00_q0001,d12_16,0.0820693327113986,-0.36554059585673104,,0,0,0,False,True,0.03447259109623069,1.0,True,0.3065842939540744,20360620,complex_d02,20361621,,True,True,0.22451496124267578
Complex,complex_s00_q0002,d16_20,1.0153996997978538,-0.406159298903604,f2_failed:prediction:goal_in_collision;goal:timeout;f3_failed:timeout,4,1,1,True,False,,,False,3.5154032760765404,20360620,complex_d02,20361622,timeout,False,False,2.5000035762786865
Complex,complex_s00_q0003,d20_inf,-1.6791025998536497,0.6715714218941653,,10,1,0,True,True,,0.5,True,0.8211565611418337,20360620,complex_d02,20361623,timeout,False,False,2.5002591609954834
Complex,complex_s00_q0004,d08_12,0.21005781483836472,-0.8562593377000709,,4,0,0,True,True,0.06703401166235223,0.3333333333333333,True,0.45537813496775925,20360620,complex_d02,20361624,,True,True,0.24532032012939453
Complex,complex_s00_q0005,d12_16,-0.6403718893416226,0.6042148313044382,,8,1,0,True,True,0.016001819890275826,0.0,True,0.4194695050828159,20360621,complex_d02,20361621,,True,True,1.0598413944244385
Complex,complex_s00_q0006,d16_20,0.208108322462067,-0.4782241641391898,,4,1,0,True,True,0.1368873155905701,1.0,True,0.643277304014191,20360621,complex_d02,20361622,,True,True,0.435168981552124
Complex,complex_s00_q0007,d20_inf,-0.5439410745166242,0.4809433265185592,,4,1,0,True,True,-0.014207299534739537,1.0,True,0.5870468080975115,20360621,complex_d02,20361623,,True,True,1.1309878826141357
Complex,complex_s00_q0008,d08_12,0.012341674184426665,-0.045821663626128606,,4,1,0,True,True,0.0,,True,0.2816831429954618,20360621,complex_d02,20361624,,True,True,0.26934146881103516
Complex,complex_s00_q0009,d12_16,-2.0068741051945835,0.802555236493432,,6,0,0,True,True,,0.3333333333333333,True,0.49373147799633443,20360621,complex_d02,20361625,timeout,False,False,2.500605583190918
Complex,complex_s00_q0010,d16_20,0.9228223490063101,-0.36899046823826254,f2_failed:prediction:goal_in_collision;goal:node_budget_exhausted;f3_failed:timeout,4,1,1,True,False,,,False,3.4237605261150748,20360622,complex_d02,20361622,timeout,False,False,2.5009381771087646
Complex,complex_s00_q0011,d20_inf,0.5679540974088013,-1.8453518949341894,,8,1,0,True,True,0.09269579367137415,0.75,True,0.8757295948453248,20360622,complex_d02,20361623,,True,True,0.30777549743652344
Complex,complex_s00_q0012,d08_12,-0.01309514930471778,0.07327119074692545,,0,0,0,False,True,0.14866101445076407,1.0,True,0.1656265170313418,20360622,complex_d02,20361624,,True,True,0.17872166633605957
Complex,complex_s00_q0013,d12_16,0.012068317970260978,-0.0747143047660297,,4,1,0,True,True,0.0015973852267467947,,True,0.17359452112577856,20360622,complex_d02,20361625,,True,True,0.16152620315551758
Complex,complex_s00_q0014,d16_20,0.3344367581885308,-0.6684967372292436,,4,1,0,True,True,0.006868727330908042,1.0,True,0.8347185689490288,20360622,complex_d02,20361626,,True,True,0.500281810760498
Complex,complex_s00_q0015,d20_inf,-1.72877626423724,0.6915043066778646,,9,1,0,True,True,,0.0,True,0.7712461471091956,20360623,complex_d02,20361623,timeout,False,False,2.5000224113464355
Complex,complex_s00_q0016,d08_12,-0.15559415612369776,0.997231432680568,,0,0,0,False,True,0.0,,True,0.0004319688305258751,20360623,complex_d02,20361624,,True,True,0.15602612495422363
Complex,complex_s00_q0017,d12_16,-0.16021248092874885,0.9953885607010812,,0,0,0,False,True,0.0,,True,0.0007422328926622868,20360623,complex_d02,20361625,,True,True,0.16095471382141113
Complex,complex_s00_q0018,d16_20,-0.1543695277068764,0.9955620319532174,,0,0,0,False,True,0.0,,True,0.0006881409790366888,20360623,complex_d02,20361626,,True,True,0.15505766868591309
Complex,complex_s00_q0019,d20_inf,-1.8380690971389413,0.7985397501124617,,4,0,0,True,True,0.05343676273063269,0.3333333333333333,True,0.4637187561020255,20360623,complex_d02,20361627,,True,True,2.301787853240967
Complex,complex_s01_q0020,d08_12,0.28382928390055895,-1.7383409592485863,,5,0,0,True,True,0.04734876773733343,0.0,True,0.4471052410081029,20370620,complex_d02,20371620,,True,True,0.16327595710754395
Complex,complex_s01_q0021,d12_16,0.6277515322435647,-0.8460765004938362,,5,1,0,True,True,0.002739106102503941,0.0,True,1.369707527803257,20370620,complex_d02,20371621,,True,True,0.7419559955596924
Complex,complex_s01_q0022,d16_20,-2.036184986354783,0.8143256636610241,,1,0,0,True,True,,0.6666666666666666,True,0.4642703931313008,20370620,complex_d02,20371622,timeout,False,False,2.500455379486084
Complex,complex_s01_q0023,d20_inf,-0.8562776416074485,0.6414999405750543,,6,1,0,True,True,0.003178628551239626,0.0,True,0.4785278469789773,20370620,complex_d02,20371623,,True,True,1.3348054885864258
Complex,complex_s01_q0024,d08_12,0.010191284585744143,-0.049271731433629284,,4,1,0,True,True,0.0,,True,0.21702965395525098,20370620,complex_d02,20371624,,True,True,0.20683836936950684
Complex,complex_s01_q0025,d12_16,-1.8858173948246986,0.7542116585821252,,4,0,0,True,True,,0.25,True,0.6145647901576012,20370621,complex_d02,20371621,timeout,False,False,2.5003821849823
Complex,complex_s01_q0026,d16_20,0.14741067052818835,-0.8831497120218121,,2,0,0,True,True,0.02465062628100756,0.0,True,0.31432537198998034,20370621,complex_d02,20371622,,True,True,0.166914701461792
Complex,complex_s01_q0027,d20_inf,-1.7434947425499558,0.7892618438602197,,1,0,0,True,True,-0.0025142882101275577,0.6666666666666666,True,0.4655246799811721,20370621,complex_d02,20371623,,True,True,2.209019422531128
Complex,complex_s01_q0028,d08_12,0.8916561196092516,-0.525293553129794,,4,1,1,True,True,0.0,,True,2.5890996048692614,20370621,complex_d02,20371624,,True,True,1.6974434852600098
Complex,complex_s01_q0029,d12_16,0.007130806799978018,-0.039141868579966044,,4,1,0,True,True,0.0,,True,0.18930930411443114,20370621,complex_d02,20371625,,True,True,0.18217849731445312
Complex,complex_s01_q0030,d16_20,-0.1475134501233697,0.9952294805161642,,0,0,0,False,True,0.0,,True,0.0007070889696478844,20370622,complex_d02,20371622,,True,True,0.14822053909301758
Complex,complex_s01_q0031,d20_inf,0.13663781760260463,-0.7944668024119204,,0,0,0,False,True,0.032017362273593086,1.0,True,0.30862463591620326,20370622,complex_d02,20371623,,True,True,0.17198681831359863
Complex,complex_s01_q0032,d08_12,-1.6225179184693843,0.8455592849674519,,1,0,0,True,True,0.4683407174195393,0.5,True,0.2963515769224614,20370622,complex_d02,20371624,,True,True,1.9188694953918457
Complex,complex_s01_q0033,d12_16,0.013993785483762622,-0.02216455903632686,,4,1,0,True,True,0.0,,True,0.6453524089884013,20370622,complex_d02,20371625,,True,True,0.6313586235046387
Complex,complex_s01_q0034,d16_20,0.0004722962621599436,-0.0031043938950663374,,0,0,0,False,True,-0.0004941173982762059,1.0,True,0.1526102910283953,20370622,complex_d02,20371626,,True,True,0.15213799476623535
Complex,complex_s01_q0035,d20_inf,0.14250097516924143,-0.8269594846363033,,4,0,0,True,True,-0.01109515475843692,0.0,True,0.31482014898210764,20370623,complex_d02,20371623,,True,True,0.1723191738128662
Complex,complex_s01_q0036,d08_12,-0.14437712263315916,0.9969075842367148,,0,0,0,False,True,0.0,,True,0.0004478590562939644,20370623,complex_d02,20371624,,True,True,0.14482498168945312
Complex,complex_s01_q0037,d12_16,-0.7167077967897058,0.5624253497103298,,10,1,0,True,True,0.18841985058292998,0.0,True,0.5576085140928626,20370623,complex_d02,20371625,,True,True,1.2743163108825684
Complex,complex_s01_q0038,d16_20,-0.14978391933254898,0.9937146056664249,,0,0,0,False,True,0.0,,True,0.0009474058169871569,20370623,complex_d02,20371626,,True,True,0.15073132514953613
Complex,complex_s01_q0039,d20_inf,0.3906064804177731,-1.7275320798454041,,7,0,0,True,True,0.006678693528471502,0.25,True,0.6167131240945309,20370623,complex_d02,20371627,,True,True,0.2261066436767578
Complex,complex_s02_q0040,d08_12,-0.1476422136183828,0.9966480892852976,,0,0,0,False,True,0.0,,True,0.0004965479020029306,20380620,complex_d02,20381620,,True,True,0.14813876152038574
Complex,complex_s02_q0041,d12_16,-0.15026387246325612,0.9957836149031632,,0,0,0,False,True,2.220446049250313e-16,,True,0.0006362530402839184,20380620,complex_d02,20381621,,True,True,0.15090012550354004
Complex,complex_s02_q0042,d16_20,0.12505412637256086,-0.3693629902975013,,0,0,0,False,True,-0.0012903631693084172,1.0,True,0.463621144881472,20380620,complex_d02,20381622,,True,True,0.33856701850891113
Complex,complex_s02_q0043,d20_inf,-2.0352987439837307,0.8140197417943699,,4,0,0,True,True,,0.3333333333333333,True,0.46500762389041483,20380620,complex_d02,20381623,timeout,False,False,2.5003063678741455
Complex,complex_s02_q0044,d08_12,0.1277737591881305,-0.13995807156131912,,5,1,0,True,True,0.0220700061209822,0.0,True,1.0407168839592487,20380620,complex_d02,20381624,,True,True,0.9129431247711182
Complex,complex_s02_q0045,d12_16,-0.14655802748166025,0.9960429795924134,,0,0,0,False,True,2.220446049250313e-16,,True,0.0005822370294481516,20380621,complex_d02,20381621,,True,True,0.1471402645111084
Complex,complex_s02_q0046,d16_20,-1.4960101393517107,0.8265593700854994,,4,0,0,True,True,-0.01243979433118736,0.0,True,0.31391446315683424,20380621,complex_d02,20381622,,True,True,1.809924602508545
Complex,complex_s02_q0047,d20_inf,0.28968419786542654,-1.6546399013006035,,4,0,0,True,True,0.0551189114783337,0.0,True,0.4647580599412322,20380621,complex_d02,20381623,,True,True,0.17507386207580566
Complex,complex_s02_q0048,d08_12,-0.14629988139495254,0.9972618362655227,,0,0,0,False,True,0.0,,True,0.0004016929306089878,20380621,complex_d02,20381624,,True,True,0.14670157432556152
Complex,complex_s02_q0049,d12_16,-0.010049056028947234,0.05899094732292065,,0,0,0,False,True,-0.007387354467406793,1.0,True,0.16030006506480277,20380621,complex_d02,20381625,,True,True,0.17034912109375
Complex,complex_s02_q0050,d16_20,-0.23319445736706257,0.5976004328927293,,0,0,0,False,True,-0.023506740648155278,1.0,True,0.15702356211841106,20380622,complex_d02,20381622,,True,True,0.39021801948547363
Complex,complex_s02_q0051,d20_inf,-0.08171418053098023,0.34227649058989384,,0,0,0,False,True,-0.0047954645376308,1.0,True,0.15702316421084106,20380622,complex_d02,20381623,,True,True,0.2387373447418213
Complex,complex_s02_q0052,d08_12,-0.015425998950377107,0.09026702740400783,,1,0,0,True,True,-0.0021360466485137453,0.0,True,0.15546695492230356,20380622,complex_d02,20381624,,True,True,0.17089295387268066
Complex,complex_s02_q0053,d12_16,-0.886685240548104,0.4672027651531212,,8,2,0,True,True,0.04475360507335635,1.0,True,1.0111743328161538,20380622,complex_d02,20381625,,True,True,1.8978595733642578
Complex,complex_s02_q0054,d16_20,0.2680544138420373,-1.0284266278170664,,9,2,0,True,True,-0.001462419423527872,0.0,True,0.528699564980343,20380622,complex_d02,20381626,,True,True,0.26064515113830566
Complex,complex_s02_q0055,d20_inf,1.0171888403128833,-0.40685035474772047,f2_failed:prediction:goal_in_collision;goal:timeout;f3_failed:timeout,4,1,1,True,False,,,False,3.51734357397072,20380623,complex_d02,20381623,timeout,False,False,2.500154733657837
Complex,complex_s02_q0056,d08_12,0.00373731623403728,-0.02428061002592563,,0,0,0,False,True,0.0021441513325355377,1.0,True,0.15765915880911052,20380623,complex_d02,20381624,,True,True,0.15392184257507324
Complex,complex_s02_q0057,d12_16,-0.1464673720765859,0.9958141199789151,,0,0,0,False,True,0.0,,True,0.0006156719755381346,20380623,complex_d02,20381625,,True,True,0.14708304405212402
Complex,complex_s02_q0058,d16_20,0.10308565222658217,-0.48599261464270693,,1,0,0,True,True,0.022332276865827838,0.5,True,0.3151992710772902,20380623,complex_d02,20381626,,True,True,0.212113618850708
Complex,complex_s02_q0059,d20_inf,-1.599834655644372,0.6396388018248926,,6,1,0,True,True,,0.5,True,0.9013185750227422,20380623,complex_d02,20381627,timeout,False,False,2.5011532306671143
Complex,complex_s03_q0060,d08_12,-0.14875188376754522,0.9968136076461284,,0,0,0,False,True,2.220446049250313e-16,,True,0.0004754969850182533,20390620,complex_d02,20391620,,True,True,0.14922738075256348
Complex,complex_s03_q0061,d12_16,0.1121076256968081,-0.6817760800746786,,4,1,0,True,True,0.013308615630286624,,True,0.27654229709878564,20390620,complex_d02,20391621,,True,True,0.16443467140197754
Complex,complex_s03_q0062,d16_20,0.9598757277708501,-0.37597626373518533,f2_failed:prediction:goal_in_collision;goal:timeout;f3_failed:timeout,4,1,1,True,False,,,False,3.5128978739958256,20390620,complex_d02,20391622,timeout,False,False,2.5530221462249756
Complex,complex_s03_q0063,d20_inf,-1.4600903016980737,0.757570005578231,,7,0,0,True,True,0.008890054743413645,0.0,True,0.46724353008903563,20390620,complex_d02,20391623,,True,True,1.9273338317871094
Complex,complex_s03_q0064,d08_12,-0.1443373521324247,0.9970548144438126,,0,0,0,False,True,0.0,,True,0.00042635598219931126,20390620,complex_d02,20391624,,True,True,0.14476370811462402
Complex,complex_s03_q0065,d12_16,0.026608707383275032,-0.04540532105837669,,7,1,0,True,True,0.11313798252194207,0.5,True,0.6126348990947008,20390621,complex_d02,20391621,,True,True,0.5860261917114258
Complex,complex_s03_q0066,d16_20,0.08861103770323098,-0.23422512125745465,,9,1,0,True,True,0.0829302435415813,0.0,True,0.4669267248827964,20390621,complex_d02,20391622,,True,True,0.37831568717956543
Complex,complex_s03_q0067,d20_inf,-0.216464024502784,0.28449336966541205,,5,1,0,True,True,-7.668598925536507e-05,0.0,True,0.5444114389829338,20390621,complex_d02,20391623,,True,True,0.7608754634857178
Complex,complex_s03_q0068,d08_12,0.01320566050708294,-0.08602056329874719,,4,1,0,True,True,0.02617521813335255,,True,0.16672314517199993,20390621,complex_d02,20391624,,True,True,0.153517484664917
Complex,complex_s03_q0069,d12_16,0.2490252978168428,-1.1577518211492248,,3,0,0,True,True,0.03560263470250713,0.6666666666666666,True,0.46411914890632033,20390621,complex_d02,20391625,,True,True,0.21509385108947754
Complex,complex_s03_q0070,d16_20,-0.044180905912071466,0.09111245249902888,,4,1,0,True,True,-0.03296560529372716,1.0,True,0.4407243370078504,20390622,complex_d02,20391622,,True,True,0.4849052429199219
Complex,complex_s03_q0071,d20_inf,-1.8793142067734152,0.7517060401221818,,6,1,0,True,True,,0.6666666666666666,True,0.6207511199172586,20390622,complex_d02,20391623,timeout,False,False,2.500065326690674
Complex,complex_s03_q0072,d08_12,-0.016791955567896366,0.09632926811442066,,0,0,0,False,True,0.08818943278874314,1.0,True,0.15752635803073645,20390622,complex_d02,20391624,,True,True,0.1743183135986328
Complex,complex_s03_q0073,d12_16,0.010073683457449079,-0.026324470153772372,,4,1,0,True,True,0.0,,True,0.39274742384441197,20390622,complex_d02,20391625,,True,True,0.3826737403869629
Complex,complex_s03_q0074,d16_20,-1.2051546098664403,0.7718792495489162,,5,1,0,True,True,-0.01704786797131641,0.0,True,0.3561707017943263,20390622,complex_d02,20391626,,True,True,1.5613253116607666
Complex,complex_s03_q0075,d20_inf,-0.05104543291963637,0.08847647500759859,,8,2,0,True,True,-0.0008935061691855983,1.0,True,0.525892480975017,20390623,complex_d02,20391623,,True,True,0.5769379138946533
Complex,complex_s03_q0076,d08_12,-0.1993487833533436,0.30597267948286266,,0,0,0,False,True,0.10278157585929648,1.0,True,0.4521759988274425,20390623,complex_d02,20391624,,True,True,0.6515247821807861
Complex,complex_s03_q0077,d12_16,0.04796775244176388,-0.100991301391953,,8,1,0,True,True,0.23452602559736646,0.0,True,0.5229369010776281,20390623,complex_d02,20391625,,True,True,0.47496914863586426
Complex,complex_s03_q0078,d16_20,-0.9330821314360946,0.6473381065458019,,8,2,0,True,True,0.004350469773403809,,True,0.5083317479584366,20390623,complex_d02,20391626,,True,True,1.4414138793945312
Complex,complex_s03_q0079,d20_inf,-0.2600315962918103,0.35641893501368616,,4,0,0,True,True,0.009317637439731241,0.6666666666666666,True,0.4695356930606067,20390623,complex_d02,20391627,,True,True,0.729567289352417
Complex,complex_s04_q0080,d08_12,-0.05092695541679859,0.23641165661987196,,3,0,0,True,True,0.043325792621281556,0.0,True,0.16448947601020336,20400620,complex_d02,20401620,,True,True,0.21541643142700195
Complex,complex_s04_q0081,d12_16,-0.006856284802779555,0.03978922322687417,,0,0,0,False,True,-0.02969936016800856,1.0,True,0.16545883589424193,20400620,complex_d02,20401621,,True,True,0.17231512069702148
Complex,complex_s04_q0082,d16_20,0.017921875230968,-0.08574840180229559,,4,1,0,True,True,0.0,,True,0.22692723106592894,20400620,complex_d02,20401622,,True,True,0.20900535583496094
Complex,complex_s04_q0083,d20_inf,-0.6604366779793054,0.2637372788349507,,5,1,0,True,True,,0.0,True,1.8437094211112708,20400620,complex_d02,20401623,timeout,False,False,2.504146099090576
Complex,complex_s04_q0084,d08_12,-0.1560142831876874,0.9974579743448941,,0,0,0,False,True,2.220446049250313e-16,,True,0.00039760302752256393,20400620,complex_d02,20401624,,True,True,0.15641188621520996
Complex,complex_s04_q0085,d12_16,0.1444514375180006,-0.5586433027959217,,4,1,0,True,True,-0.00494543505380729,1.0,True,0.4030268769711256,20400621,complex_d02,20401621,,True,True,0.258575439453125
Complex,complex_s04_q0086,d16_20,1.1713297390379012,-0.468483330572633,f2_failed:prediction:goal_in_collision;goal:timeout;f3_failed:timeout,4,1,1,True,False,,1.0,False,3.6715889000333846,20400621,complex_d02,20401622,timeout,False,False,2.5002591609954834
Complex,complex_s04_q0087,d20_inf,-1.6661866181530058,0.6663915847267521,,8,2,0,True,True,,1.0,True,0.8341249949298799,20400621,complex_d02,20401623,timeout,False,False,2.5003116130828857
Complex,complex_s04_q0088,d08_12,-0.1475579112302512,0.9967046203547916,,0,0,0,False,True,0.0,,True,0.00048786704428493977,20400621,complex_d02,20401624,,True,True,0.14804577827453613
Complex,complex_s04_q0089,d12_16,0.048780606128275394,-0.13416210045353316,,5,1,0,True,True,0.049563242135815866,0.0,True,0.41237513814121485,20400621,complex_d02,20401625,,True,True,0.36359453201293945
Complex,complex_s04_q0090,d16_20,-2.1644416209310293,0.8656959880311197,,2,0,0,True,True,,0.0,True,0.3357913140207529,20400622,complex_d02,20401622,timeout,False,False,2.5002329349517822
Complex,complex_s04_q0091,d20_inf,-0.9909072152804583,0.6186583683045952,,3,0,0,True,True,0.008661199734240288,0.75,True,0.6107961900997907,20400622,complex_d02,20401623,,True,True,1.601703405380249
Complex,complex_s04_q0092,d08_12,-0.15257913363166153,0.9966614139198179,,0,0,0,False,True,0.0,,True,0.0005111049395054579,20400622,complex_d02,20401624,,True,True,0.153090238571167
Complex,complex_s04_q0093,d12_16,-0.15492511028423905,0.9961536960313853,,0,0,0,False,True,0.0,,True,0.0005981898866593838,20400622,complex_d02,20401625,,True,True,0.15552330017089844
Complex,complex_s04_q0094,d16_20,0.14664534921757877,-0.8232538441318378,,1,0,0,True,True,0.057679042725359286,0.5,True,0.32477430696599185,20400622,complex_d02,20401626,,True,True,0.17812895774841309
Complex,complex_s04_q0095,d20_inf,0.30698599107563496,-0.9599250382730942,,2,0,0,True,True,-0.011858462666294312,0.75,True,0.6267880368977785,20400623,complex_d02,20401623,,True,True,0.31980204582214355
Complex,complex_s04_q0096,d08_12,-0.1492000101134181,0.9970067013326291,,0,0,0,False,True,0.0,,True,0.00044794101268053055,20400623,complex_d02,20401624,,True,True,0.14964795112609863
Complex,complex_s04_q0097,d12_16,-0.1460336979944259,0.995939434238655,,0,0,0,False,True,0.0,,True,0.0005953970830887556,20400623,complex_d02,20401625,,True,True,0.14662909507751465
Complex,complex_s04_q0098,d16_20,0.13415999081917107,-0.8054388717038403,,0,0,0,False,True,-0.018278949799253152,1.0,True,0.3007275548297912,20400623,complex_d02,20401626,,True,True,0.16656756401062012
Complex,complex_s04_q0099,d20_inf,-1.7271299788262695,0.6907333534184867,,8,1,0,True,True,,0.5,True,0.7732994130346924,20400623,complex_d02,20401627,timeout,False,False,2.500429391860962
Easy,easy_s00_q0000,d08_12,-0.010179753415286541,0.06106861976410394,,1,0,0,True,True,0.04577958669579707,0.0,True,0.1565139340236783,20260620,easy_d00,20261620,,True,True,0.16669368743896484
Easy,easy_s00_q0001,d12_16,-0.15086299320682883,0.9952472382407551,,0,0,0,False,True,0.0,,True,0.0007204399444162846,20260620,easy_d01,20261621,,True,True,0.15158343315124512
Easy,easy_s00_q0002,d16_20,0.1723331690300256,-0.603723062771556,,3,0,0,True,True,0.11029482586555162,0.3333333333333333,True,0.45778386597521603,20260620,easy_d00,20261622,,True,True,0.28545069694519043
Easy,easy_s00_q0003,d20_inf,0.22825838741846383,-0.5896902183334138,,2,0,0,True,True,0.035322008021168916,0.75,True,0.6153402489144355,20260620,easy_d01,20261623,,True,True,0.3870818614959717
Easy,easy_s00_q0004,d08_12,0.01630879146978259,-0.05294482784801624,,4,1,0,True,True,0.0,,True,0.324342496227473,20260620,easy_d00,20261624,,True,True,0.30803370475769043
Easy,easy_s00_q0005,d12_16,-0.15983679797500372,0.9953959081131544,,0,0,0,False,True,0.0,,True,0.0007393071427941322,20260621,easy_d01,20261621,,True,True,0.16057610511779785
Easy,easy_s00_q0006,d16_20,-0.2010310087352991,0.2900688423574357,,1,0,0,True,True,0.07485749943157338,0.6666666666666666,True,0.49201484583318233,20260621,easy_d00,20261622,,True,True,0.6930458545684814
Easy,easy_s00_q0007,d20_inf,1.5242989959660918,-0.609616113595425,f2_failed:prediction:goal_in_collision;goal:timeout;f3_failed:timeout,12,2,1,True,False,,0.5,False,4.0247233810368925,20260621,easy_d01,20261623,timeout,False,False,2.500424385070801
Easy,easy_s00_q0008,d08_12,-0.07618825556710362,0.32981051395704963,,0,0,0,False,True,0.030029684156516856,1.0,True,0.1548178899101913,20260621,easy_d00,20261624,,True,True,0.23100614547729492
Easy,easy_s00_q0009,d12_16,-0.14477644651196897,0.9957111376382097,,0,0,0,False,True,2.220446049250313e-16,,True,0.0006236007902771235,20260621,easy_d01,20261625,,True,True,0.1454000473022461
Easy,easy_s00_q0010,d16_20,-0.14992441842332482,0.9953410215878908,,0,0,0,False,True,0.0,,True,0.0007017641328275204,20260622,easy_d00,20261622,,True,True,0.15062618255615234
Easy,easy_s00_q0011,d20_inf,-0.03625093610025942,0.18551330433851287,,0,0,0,False,True,-0.03738144172460167,1.0,True,0.1591578850056976,20260622,easy_d01,20261623,,True,True,0.19540882110595703
Easy,easy_s00_q0012,d08_12,-0.14629120589233935,0.9969062087348739,,0,0,0,False,True,2.220446049250313e-16,,True,0.0004539990331977606,20260622,easy_d00,20261624,,True,True,0.1467452049255371
Easy,easy_s00_q0013,d12_16,-0.15072666364721954,0.9962030564655187,,0,0,0,False,True,0.0,,True,0.0005744819063693285,20260622,easy_d01,20261625,,True,True,0.15130114555358887
Easy,easy_s00_q0014,d16_20,0.9165331469848752,-0.8458113803853877,,4,1,1,True,True,0.0,,True,2.0001472579315305,20260622,easy_d00,20261626,,True,True,1.0836141109466553
Easy,easy_s00_q0015,d20_inf,0.10348823852837086,-0.3553689444838788,,4,1,0,True,True,-0.00887678088870536,1.0,True,0.39470175094902515,20260623,easy_d01,20261623,,True,True,0.2912135124206543
Easy,easy_s00_q0016,d08_12,0.013158627785742283,-0.06802963350181135,,4,1,0,True,True,0.0,,True,0.2065835678949952,20260623,easy_d00,20261624,,True,True,0.19342494010925293
Easy,easy_s00_q0017,d12_16,-1.802833219524473,0.7211030978893662,,8,2,0,True,True,,,True,0.6972714462317526,20260623,easy_d01,20261625,timeout,False,False,2.5001046657562256
Easy,easy_s00_q0018,d16_20,-1.895545809995383,0.758100188955128,,2,0,0,True,True,,0.75,True,0.6048437659628689,20260623,easy_d00,20261626,timeout,False,False,2.500389575958252
Easy,easy_s00_q0019,d20_inf,-0.049083721823990345,0.23939083770405922,,1,0,0,True,True,-0.012432295921045,0.0,True,0.15595220308750868,20260623,easy_d01,20261627,,True,True,0.20503592491149902
Easy,easy_s01_q0020,d08_12,-0.1596599444746971,0.9970629043304772,,0,0,0,False,True,4.440892098500626e-16,,True,0.00047031790018081665,20270620,easy_d00,20271620,,True,True,0.16013026237487793
Easy,easy_s01_q0021,d12_16,-0.013378468109294772,0.07505649606373266,,3,0,0,True,True,0.009430153767277183,0.0,True,0.16486683790571988,20270620,easy_d01,20271621,,True,True,0.17824530601501465
Easy,easy_s01_q0022,d16_20,0.11738098761998117,-0.5723001970298065,,1,0,0,True,True,-0.013483692004185976,0.5,True,0.32248486182652414,20270620,easy_d00,20271622,,True,True,0.20510387420654297
Easy,easy_s01_q0023,d20_inf,-1.876709337811917,0.7506391367187213,,3,0,0,True,True,,0.5,True,0.6234391969628632,20270620,easy_d01,20271623,timeout,False,False,2.5001485347747803
Easy,easy_s01_q0024,d08_12,-0.6688774153590202,0.8056936432349567,,3,0,0,True,True,-0.012344845830027817,0.0,True,0.1613108590245247,20270620,easy_d00,20271624,,True,True,0.8301882743835449
Easy,easy_s01_q0025,d12_16,0.1747466002125293,-1.1033522723797957,,4,1,0,True,True,0.01685943604940232,,True,0.33312448603101075,20270621,easy_d01,20271621,,True,True,0.15837788581848145
Easy,easy_s01_q0026,d16_20,0.210606207838282,-0.8436316561175479,,3,0,0,True,True,0.025739255453145038,0.6666666666666666,True,0.46024857996962965,20270621,easy_d00,20271622,,True,True,0.24964237213134766
Easy,easy_s01_q0027,d20_inf,-0.15190356480889022,0.9936861986721122,,0,0,0,False,True,2.220446049250313e-16,,True,0.0009651829022914171,20270621,easy_d01,20271623,,True,True,0.15286874771118164
Easy,easy_s01_q0028,d08_12,0.120328304823488,-0.6495369916980906,,1,0,0,True,True,-0.03703497892522489,0.5,True,0.30558073287829757,20270621,easy_d00,20271624,,True,True,0.18525242805480957
Easy,easy_s01_q0029,d12_16,0.08325515571050346,-0.3741310203364927,,4,0,0,True,True,0.06009371146957454,0.5,True,0.3057845670264214,20270621,easy_d01,20271625,,True,True,0.22252941131591797
Easy,easy_s01_q0030,d16_20,0.0440197444986552,-0.1581230236395419,,5,1,0,True,True,-0.03459301771095369,0.0,True,0.32240895996801555,20270622,easy_d00,20271622,,True,True,0.27838921546936035
Easy,easy_s01_q0031,d20_inf,0.04488842538557947,-0.16871398987803854,,2,0,0,True,True,-0.0023542910498394187,0.5,True,0.31095068505965173,20270622,easy_d01,20271623,,True,True,0.26606225967407227
Easy,easy_s01_q0032,d08_12,-0.1496837956365198,0.9964975140286869,,0,0,0,False,True,0.0,,True,0.0005261080805212259,20270622,easy_d00,20271624,,True,True,0.15020990371704102
Easy,easy_s01_q0033,d12_16,-0.2801005120854825,0.4277829375880725,,6,1,0,True,True,-0.021760791910501953,0.0,True,0.37467200797982514,20270622,easy_d01,20271625,,True,True,0.6547725200653076
Easy,easy_s01_q0034,d16_20,0.1459087033290416,-0.8282396619941461,,4,1,0,True,True,0.02765312315841517,1.0,True,0.32207595300860703,20270622,easy_d00,20271626,,True,True,0.17616724967956543
Easy,easy_s01_q0035,d20_inf,0.3260438358411193,-0.9652345702046963,,10,2,0,True,True,-0.017367531023079197,0.0,True,0.6638309871777892,20270623,easy_d01,20271623,,True,True,0.3377871513366699
Easy,easy_s01_q0036,d08_12,-0.034728446742519736,0.11847853939894137,,4,1,0,True,True,6.254119726678553e-05,,True,0.25839169905520976,20270623,easy_d00,20271624,,True,True,0.2931201457977295
Easy,easy_s01_q0037,d12_16,0.008183547062799335,-0.031015097352558918,,4,1,0,True,True,0.0,,True,0.27204043488018215,20270623,easy_d01,20271625,,True,True,0.2638568878173828
Easy,easy_s01_q0038,d16_20,0.0015807501040399075,-0.009742206751178095,,0,0,0,False,True,-0.0009949104545345921,1.0,True,0.16383865987882018,20270623,easy_d00,20271626,,True,True,0.16225790977478027
Easy,easy_s01_q0039,d20_inf,-1.8357300360221416,0.7335826910117764,,3,0,0,True,True,,0.25,True,0.6666872899513692,20270623,easy_d01,20271627,timeout,False,False,2.5024173259735107
Easy,easy_s02_q0040,d08_12,0.009280141443014145,-0.05770839356402613,,4,1,0,True,True,0.010212618636343151,,True,0.17009108886122704,20280620,easy_d00,20281620,,True,True,0.1608109474182129
Easy,easy_s02_q0041,d12_16,0.04818855528719723,-0.26251065043420585,,4,1,0,True,True,-0.02097270403442486,,True,0.23175655608065426,20280620,easy_d01,20281621,,True,True,0.18356800079345703
Easy,easy_s02_q0042,d16_20,-0.15725084021687508,0.995599561227401,,0,0,0,False,True,0.0,,True,0.0006950311362743378,20280620,easy_d00,20281622,,True,True,0.15794587135314941
Easy,easy_s02_q0043,d20_inf,0.03609421290457249,-0.11963880119654524,,0,0,0,False,True,-0.03444094519465546,1.0,True,0.33778741396963596,20280620,easy_d01,20281623,,True,True,0.3016932010650635
Easy,easy_s02_q0044,d08_12,-0.15900726057589054,0.996957649280226,,0,0,0,False,True,4.440892098500626e-16,,True,0.0004852320998907089,20280620,easy_d00,20281624,,True,True,0.15949249267578125
Easy,easy_s02_q0045,d12_16,0.010912536177784204,-0.011056126238154329,,4,1,0,True,True,0.0,,True,0.9979251609183848,20280621,easy_d01,20281621,,True,True,0.9870126247406006
Easy,easy_s02_q0046,d16_20,0.38767927256412804,-1.5303734287354178,,5,1,0,True,True,0.27706996104469694,0.6666666666666666,True,0.6410025891382247,20280621,easy_d00,20281622,,True,True,0.2533233165740967
Easy,easy_s02_q0047,d20_inf,-1.2829663946758956,0.7167034062040836,,4,1,0,True,True,0.010316594407176582,1.0,True,0.5071275040972978,20280621,easy_d01,20281623,,True,True,1.7900938987731934
Easy,easy_s02_q0048,d08_12,-0.15630644164048135,0.9966929778075648,,0,0,0,False,True,2.220446049250313e-16,,True,0.0005186239723116159,20280621,easy_d00,20281624,,True,True,0.15682506561279297
Easy,easy_s02_q0049,d12_16,-0.7194682327099144,0.5262274166576641,,1,0,0,True,True,0.32078765970546175,0.75,True,0.6477509769611061,20280621,easy_d01,20281625,,True,True,1.3672192096710205
Easy,easy_s02_q0050,d16_20,-0.16043202299624681,0.9949604038704941,,0,0,0,False,True,0.0,,True,0.0008126078173518181,20280622,easy_d00,20281622,,True,True,0.16124463081359863
Easy,easy_s02_q0051,d20_inf,0.38322950270958245,-2.394811978272736,,4,1,0,True,True,-0.019314747383939568,,True,0.5432543840724975,20280622,easy_d01,20281623,,True,True,0.16002488136291504
Easy,easy_s02_q0052,d08_12,-0.13440939923748374,0.28232583851292303,,4,1,0,True,True,0.01602211464952452,1.0,True,0.3416695878840983,20280622,easy_d00,20281624,,True,True,0.47607898712158203
Easy,easy_s02_q0053,d12_16,0.0021011836361140013,-0.012482600325609106,,4,0,0,True,True,-0.017514245360338188,0.0,True,0.17043018410913646,20280622,easy_d01,20281625,,True,True,0.16832900047302246
Easy,easy_s02_q0054,d16_20,-0.012251706793904305,0.0679120030402709,,1,0,0,True,True,-0.010355677676834874,0.0,True,0.1681539099663496,20280622,easy_d00,20281626,,True,True,0.1804056167602539
Easy,easy_s02_q0055,d20_inf,0.25109712849371135,-1.03106445114596,,0,0,0,False,True,-0.03767409135783739,1.0,True,0.49462907086126506,20280623,easy_d01,20281623,,True,True,0.2435319423675537
Easy,easy_s02_q0056,d08_12,0.15345539269037545,-0.9418071889454214,,1,0,0,True,True,0.5432490898864137,0.5,True,0.3163925569970161,20280623,easy_d00,20281624,,True,True,0.16293716430664062
Easy,easy_s02_q0057,d12_16,-0.028263656422495842,0.14630766054533517,,3,0,0,True,True,-0.002065325404510432,0.0,True,0.16491595096886158,20280623,easy_d01,20281625,,True,True,0.19317960739135742
Easy,easy_s02_q0058,d16_20,-0.15697580063715577,0.9950628462115235,,0,0,0,False,True,0.0,,True,0.0007788590155541897,20280623,easy_d00,20281626,,True,True,0.15775465965270996
Easy,easy_s02_q0059,d20_inf,-0.15425427886657417,0.993875870795832,,0,0,0,False,True,0.0,,True,0.0009504940826445818,20280623,easy_d01,20281627,,True,True,0.15520477294921875
Easy,easy_s03_q0060,d08_12,-0.158770581940189,0.997025218498145,,0,0,0,False,True,2.220446049250313e-16,,True,0.0004737169947475195,20290620,easy_d00,20291620,,True,True,0.15924429893493652
Easy,easy_s03_q0061,d12_16,-0.15816692216321826,0.9960903452484895,,0,0,0,False,True,0.0,,True,0.0006208051927387714,20290620,easy_d01,20291621,,True,True,0.15878772735595703
Easy,easy_s03_q0062,d16_20,0.09547765436582267,-0.1306717642535158,,7,1,0,True,True,0.11662239693901255,0.5,True,0.8261454838793725,20290620,easy_d00,20291622,,True,True,0.7306678295135498
Easy,easy_s03_q0063,d20_inf,0.00872646039351821,-0.025726772466380776,,4,1,0,True,True,0.0,,True,0.347924096044153,20290620,easy_d01,20291623,,True,True,0.33919763565063477
Easy,easy_s03_q0064,d08_12,-0.14772854303009808,0.9969035431905958,,0,0,0,False,True,2.220446049250313e-16,,True,0.0004588558804243803,20290620,easy_d00,20291624,,True,True,0.14818739891052246
Easy,easy_s03_q0065,d12_16,0.16872565890662372,-0.9845870431291,,8,2,0,True,True,-0.008997490786705309,,True,0.3400925889145583,20290621,easy_d01,20291621,,True,True,0.17136693000793457
Easy,easy_s03_q0066,d16_20,-0.14685000968165696,0.24551432946147345,,1,0,0,True,True,0.019390873360175087,0.6666666666666666,True,0.45128212380222976,20290621,easy_d00,20291622,,True,True,0.5981321334838867
Easy,easy_s03_q0067,d20_inf,-1.6520927203819156,0.8357567955912412,,6,0,0,True,True,-0.0001928301783608033,0.0,True,0.32466981280595064,20290621,easy_d01,20291623,,True,True,1.9767625331878662
Easy,easy_s03_q0068,d08_12,-0.0026745283976197243,0.01571943970047296,,4,0,0,True,True,0.020815223168046515,0.0,True,0.16746693011373281,20290621,easy_d00,20291624,,True,True,0.17014145851135254
Easy,easy_s03_q0069,d12_16,-0.028012894093990326,0.15059741056665688,,0,0,0,False,True,0.002067444239141736,1.0,True,0.15799889713525772,20290621,easy_d01,20291625,,True,True,0.18601179122924805
Easy,easy_s03_q0070,d16_20,-2.346483299508691,0.9378041367873657,,3,0,0,True,True,,0.0,True,0.15562050603330135,20290622,easy_d00,20291622,timeout,False,False,2.502103805541992
Easy,easy_s03_q0071,d20_inf,-1.995160093298182,0.7980361822813247,,7,1,0,True,True,,0.0,True,0.5049271679017693,20290622,easy_d01,20291623,timeout,False,False,2.500087261199951
Easy,easy_s03_q0072,d08_12,-0.1565946952905506,0.996885151027896,,0,0,0,False,True,0.0,,True,0.0004892928991466761,20290622,easy_d00,20291624,,True,True,0.15708398818969727
Easy,easy_s03_q0073,d12_16,0.15359682985581458,-0.9025281278040629,,4,0,0,True,True,0.023484035609540044,0.0,True,0.3237819189671427,20290622,easy_d01,20291625,,True,True,0.17018508911132812
Easy,easy_s03_q0074,d16_20,0.8099514674395323,-0.45113863947880284,,4,1,1,True,True,0.0,,True,2.6053008269518614,20290622,easy_d00,20291626,,True,True,1.795349359512329
Easy,easy_s03_q0075,d20_inf,1.3684339253231883,-0.5469414733460951,f2_failed:prediction:goal_in_collision;goal:timeout;f3_failed:timeout,8,2,1,True,False,,,False,3.8704089848324656,20290623,easy_d01,20291623,timeout,False,False,2.5019750595092773
Easy,easy_s03_q0076,d08_12,-0.011635392904281616,0.06419413967596688,,0,0,0,False,True,0.09460706421021992,1.0,True,0.16961780190467834,20290623,easy_d00,20291624,,True,True,0.18125319480895996
Easy,easy_s03_q0077,d12_16,-0.4702308517880738,0.7405121404580679,,1,0,0,True,True,-0.018215859465291806,0.0,True,0.1647767680697143,20290623,easy_d01,20291625,,True,True,0.6350076198577881
Easy,easy_s03_q0078,d16_20,-0.002736852504312992,0.01645189046145934,,2,0,0,True,True,-0.0106849566151761,0.0,True,0.16361804213374853,20290623,easy_d00,20291626,,True,True,0.16635489463806152
Easy,easy_s03_q0079,d20_inf,0.08102396316826344,-0.20846404765811655,,4,1,0,True,True,0.0,,True,0.46969512291252613,20290623,easy_d01,20291627,,True,True,0.3886711597442627
Easy,easy_s04_q0080,d08_12,0.0008414611220359802,-0.005153169204307861,,0,0,0,False,True,0.11503491279299705,1.0,True,0.16413148492574692,20300620,easy_d00,20301620,,True,True,0.16329002380371094
Easy,easy_s04_q0081,d12_16,0.15728689939714968,-0.9123130437938294,,6,1,0,True,True,0.20192745838126802,0.0,True,0.32969142706133425,20300620,easy_d01,20301621,,True,True,0.17240452766418457
Easy,easy_s04_q0082,d16_20,-1.7458094272296876,0.778946090844143,,5,0,0,True,True,0.457431419277639,0.3333333333333333,True,0.49543608096428216,20300620,easy_d00,20301622,,True,True,2.2412455081939697
Easy,easy_s04_q0083,d20_inf,0.19674437958747149,-1.2238887091879262,,5,1,0,True,True,0.004119382302020913,0.0,True,0.3574978681281209,20300620,easy_d01,20301623,,True,True,0.16075348854064941
Easy,easy_s04_q0084,d08_12,0.01355113205499947,-0.020445204895265023,,4,1,0,True,True,0.0,,True,0.6763535898644477,20300620,easy_d00,20301624,,True,True,0.6628024578094482
Easy,easy_s04_q0085,d12_16,-0.1581303789280355,0.9963045016191433,,0,0,0,False,True,0.0,,True,0.0005865381099283695,20300621,easy_d01,20301621,,True,True,0.15871691703796387
Easy,easy_s04_q0086,d16_20,-0.15738465706817806,0.9957118155787021,,0,0,0,False,True,2.220446049250313e-16,,True,0.0006778009701520205,20300621,easy_d00,20301622,,True,True,0.15806245803833008
Easy,easy_s04_q0087,d20_inf,-0.40348620479926467,0.44740155404352844,,5,1,0,True,True,0.19914563291595555,0.5,True,0.49835734302178025,20300621,easy_d01,20301623,,True,True,0.9018435478210449
Easy,easy_s04_q0088,d08_12,-0.384621131233871,0.7117821531473905,,1,0,0,True,True,-0.021018635557184084,0.0,True,0.15574241895228624,20300621,easy_d00,20301624,,True,True,0.5403635501861572
Easy,easy_s04_q0089,d12_16,0.15982850501313806,-1.0170594923430682,,5,0,0,True,True,0.0606332663450484,0.0,True,0.31697615096345544,20300621,easy_d01,20301625,,True,True,0.15714764595031738
Easy,easy_s04_q0090,d16_20,-0.003972489386796951,0.02280929921120789,,2,0,0,True,True,0.01868728493558036,0.0,True,0.17018846794962883,20300622,easy_d00,20301622,,True,True,0.17416095733642578
Easy,easy_s04_q0091,d20_inf,0.09881359804421663,-0.4583565794213895,,0,0,0,False,True,0.013469109667650025,1.0,True,0.3143959688022733,20300622,easy_d01,20301623,,True,True,0.21558237075805664
Easy,easy_s04_q0092,d08_12,-0.14931947737932205,0.9970520745276156,,0,0,0,False,True,0.0,,True,0.00044148415327072144,20300622,easy_d00,20301624,,True,True,0.14976096153259277
Easy,easy_s04_q0093,d12_16,0.13782929629087448,-0.7945697594428509,,0,0,0,False,True,-0.007153285692537481,1.0,True,0.3112933561205864,20300622,easy_d01,20301625,,True,True,0.17346405982971191
Easy,easy_s04_q0094,d16_20,-0.005470008123666048,0.03511285047707846,,0,0,0,False,True,-0.0015355899920659333,1.0,True,0.1503136451356113,20300622,easy_d00,20301626,,True,True,0.15578365325927734
Easy,easy_s04_q0095,d20_inf,-1.4132615658454597,0.5652244171847443,,8,1,0,True,True,,0.8333333333333334,True,1.0870932010002434,20300623,easy_d01,20301623,timeout,False,False,2.500354766845703
Easy,easy_s04_q0096,d08_12,-0.14955054502934217,0.9969998302764215,,0,0,0,False,True,0.0,,True,0.0004500271752476692,20300623,easy_d00,20301624,,True,True,0.15000057220458984
Easy,easy_s04_q0097,d12_16,0.30306276166811585,-1.4270913200634823,,4,1,0,True,True,0.061176501191182675,1.0,True,0.5154267200268805,20300623,easy_d01,20301625,,True,True,0.21236395835876465
Easy,easy_s04_q0098,d16_20,0.10053301113657653,-0.4728167446260696,,0,0,0,False,True,1.260931608904059e-06,1.0,True,0.3131587530951947,20300623,easy_d00,20301626,,True,True,0.21262574195861816
Easy,easy_s04_q0099,d20_inf,-1.0087710295338184,0.4875475137299431,,9,2,0,True,True,0.007985794699188142,0.0,True,1.0603012170176953,20300623,easy_d01,20301627,,True,True,2.0690722465515137
Extreme,extreme_s00_q0000,d08_12,0.04111308977007866,-0.1555028089165713,,4,0,0,True,True,0.09310811048601608,0.0,True,0.30550117418169975,20460620,extreme_d03,20461620,,True,True,0.2643880844116211
Extreme,extreme_s00_q0001,d12_16,0.11120186257176101,-0.5786800906109917,,2,0,0,True,True,-0.00863295283107457,0.5,True,0.3033665220718831,20460620,extreme_d04,20461621,,True,True,0.19216465950012207
Extreme,extreme_s00_q0002,d16_20,-0.057493917644023895,0.05852997948573069,,8,1,0,True,True,0.031073361836869262,0.0,True,0.9248046949505806,20460620,extreme_d05,20461622,,True,True,0.9822986125946045
Extreme,extreme_s00_q0003,d20_inf,0.16523643559776247,-0.3511745950892122,,8,1,0,True,True,-0.002988331662394539,0.0,True,0.6357614619191736,20460620,extreme_d06,20461623,,True,True,0.47052502632141113
Extreme,extreme_s00_q0004,d08_12,-0.042145224288105965,0.1726625852349315,,4,1,0,True,True,-0.0022533748664472775,,True,0.2019448559731245,20460620,extreme_d07,20461624,,True,True,0.24409008026123047
Extreme,extreme_s00_q0005,d12_16,0.07624356681481004,-0.31700319023304724,,8,1,0,True,True,0.1798330568610349,0.0,True,0.31675712997093797,20460621,extreme_d03,20461621,,True,True,0.24051356315612793
Extreme,extreme_s00_q0006,d16_20,0.008579596877098083,-0.05701955056749486,,0,0,0,False,True,-0.0023294653624837958,1.0,True,0.1590472310781479,20460621,extreme_d04,20461622,,True,True,0.1504676342010498
Extreme,extreme_s00_q0007,d20_inf,1.0206580301746726,-1.4576995110618416,,4,1,0,True,True,0.0,,True,1.7208421370014548,20460621,extreme_d05,20461623,,True,True,0.7001841068267822
Extreme,extreme_s00_q0008,d08_12,-0.14966091769747436,0.9967992862792164,,0,0,0,False,True,2.220446049250313e-16,,True,0.0004805598873645067,20460621,extreme_d06,20461624,,True,True,0.15014147758483887
Extreme,extreme_s00_q0009,d12_16,0.20548011339269578,-0.45161560622326236,,8,2,0,True,True,0.08787458910108548,1.0,True,0.6604690698441118,20460621,extreme_d07,20461625,,True,True,0.454988956451416
Extreme,extreme_s00_q0010,d16_20,0.06396283046342432,-0.1254758580476294,,4,1,0,True,True,-0.03773193711470846,1.0,True,0.5737248791847378,20460622,extreme_d03,20461622,,True,True,0.5097620487213135
Extreme,extreme_s00_q0011,d20_inf,1.011889158282429,-0.4041526580624808,f2_failed:prediction:goal_in_collision;goal:timeout;f3_failed:timeout,4,1,1,True,False,,,False,3.515619216952473,20460622,extreme_d04,20461623,timeout,False,False,2.503730058670044
Extreme,extreme_s00_q0012,d08_12,-0.20593840396031737,0.23424001981930342,,6,1,0,True,True,0.1611730928360795,0.6666666666666666,True,0.6732384511269629,20460622,extreme_d05,20461624,,True,True,0.8791768550872803
Extreme,extreme_s00_q0013,d12_16,0.05776895792223513,-0.20862010677145215,,1,0,0,True,True,-0.015465752964450963,0.5,True,0.3346787861082703,20460622,extreme_d06,20461625,,True,True,0.27690982818603516
Extreme,extreme_s00_q0014,d16_20,1.0126024547498673,-0.4050258404004812,f2_failed:prediction:goal_in_collision;goal:timeout;f3_failed:timeout,4,1,1,True,False,,,False,3.512695914832875,20460622,extreme_d07,20461626,timeout,False,False,2.500093460083008
Extreme,extreme_s00_q0015,d20_inf,-1.6972391321323812,0.6788773953851581,,9,2,0,True,True,,0.6666666666666666,True,0.8028281019069254,20460623,extreme_d03,20461623,timeout,False,False,2.5000672340393066
Extreme,extreme_s00_q0016,d08_12,-0.11141165485605597,0.25377674632303027,,4,0,0,True,True,0.12060828880001151,0.0,True,0.32760277995839715,20460623,extreme_d04,20461624,,True,True,0.4390144348144531
Extreme,extreme_s00_q0017,d12_16,-0.004889644216746092,0.030238583922921225,,1,0,0,True,True,0.013627011970916758,0.0,True,0.15681251185014844,20460623,extreme_d05,20461625,,True,True,0.16170215606689453
Extreme,extreme_s00_q0018,d16_20,-0.015329289250075817,0.0305391393650426,,4,1,0,True,True,0.10782436211095736,1.0,True,0.4866262199357152,20460623,extreme_d06,20461626,,True,True,0.501955509185791
Extreme,extreme_s00_q0019,d20_inf,-0.14944539708085358,0.9937747155872768,,0,0,0,False,True,0.0,,True,0.0009361680131405592,20460623,extreme_d07,20461627,,True,True,0.15038156509399414
Extreme,extreme_s01_q0020,d08_12,0.05756943067535758,-0.23895112230830318,,4,1,0,True,True,0.0009486696538667516,,True,0.298494981136173,20470620,extreme_d03,20471620,,True,True,0.24092555046081543
Extreme,extreme_s01_q0021,d12_16,-0.7280556226614863,0.8222282384285381,,0,0,0,False,True,0.006048548433966294,1.0,True,0.15741095296107233,20470620,extreme_d04,20471621,,True,True,0.8854665756225586
Extreme,extreme_s01_q0022,d16_20,0.10285240202210844,-0.49687146614852384,,0,0,0,False,True,-0.026205424817944967,1.0,True,0.30985241918824613,20470620,extreme_d05,20471622,,True,True,0.2070000171661377
Extreme,extreme_s01_q0023,d20_inf,0.6171589531004429,-0.7166903571515588,,5,1,0,True,True,-0.024064627292841645,0.0,True,1.4782825149595737,20470620,extreme_d06,20471623,,True,True,0.8611235618591309
Extreme,extreme_s01_q0024,d08_12,0.0035528698936104774,-0.023768027456301688,,0,0,0,False,True,-0.024858709861851125,1.0,True,0.15303392801433802,20470620,extreme_d07,20471624,,True,True,0.14948105812072754
Extreme,extreme_s01_q0025,d12_16,0.09522611577995121,-0.44756731128368177,,1,0,0,True,True,-0.015835900040287232,0.5,True,0.3079899020958692,20470621,extreme_d03,20471621,,True,True,0.21276378631591797
Extreme,extreme_s01_q0026,d16_20,1.0206365569029003,-3.424477046745171,,4,1,0,True,True,-0.005345242220534119,1.0,True,1.3186781390104443,20470621,extreme_d04,20471622,,True,True,0.29804158210754395
Extreme,extreme_s01_q0027,d20_inf,1.9618789448868483,-0.7846859489896225,f2_failed:prediction:timeout;goal:node_budget_exhausted;f3_failed:timeout,4,1,1,True,False,,,False,4.46208803798072,20470621,extreme_d05,20471623,timeout,False,False,2.500209093093872
Extreme,extreme_s01_q0028,d08_12,1.0120586673729122,-0.40476734019129146,f2_failed:prediction:goal_in_collision;goal:timeout;f3_failed:timeout,4,1,1,True,False,,,False,3.512405327986926,20470621,extreme_d06,20471624,timeout,False,False,2.5003466606140137
Extreme,extreme_s01_q0029,d12_16,1.0130038929637522,-0.4051515206388674,f2_failed:prediction:goal_in_collision;goal:timeout;f3_failed:timeout,4,1,1,True,False,,,False,3.5133126450236887,20470621,extreme_d07,20471625,timeout,False,False,2.5003087520599365
Extreme,extreme_s01_q0030,d16_20,-2.1873563912231475,0.8747328360350628,,1,0,0,True,True,,0.5,True,0.3132429930847138,20470622,extreme_d03,20471622,timeout,False,False,2.5005993843078613
Extreme,extreme_s01_q0031,d20_inf,0.145622810581699,-0.6179696157272763,,4,1,0,True,True,0.0050672329334897626,1.0,True,0.38127001211978495,20470622,extreme_d04,20471623,,True,True,0.23564720153808594
Extreme,extreme_s01_q0032,d08_12,-0.11448014411143959,0.4248536759965488,,2,0,0,True,True,0.05931862934259868,0.0,True,0.15497767296619713,20470622,extreme_d05,20471624,,True,True,0.2694578170776367
Extreme,extreme_s01_q0033,d12_16,-0.01701164315454662,0.09740728196901549,,1,0,0,True,True,0.016859418191569775,0.0,True,0.15763282706029713,20470622,extreme_d06,20471625,,True,True,0.17464447021484375
Extreme,extreme_s01_q0034,d16_20,0.009448828874155879,-0.03271341937400529,,4,1,0,True,True,0.0,,True,0.2982853080611676,20470622,extreme_d07,20471626,,True,True,0.2888364791870117
Extreme,extreme_s01_q0035,d20_inf,1.3239424685016274,-0.5291226863728367,f2_failed:prediction:goal_in_collision;goal:timeout;f3_failed:timeout,8,2,1,True,False,,1.0,False,3.826088950969279,20470623,extreme_d03,20471623,timeout,False,False,2.5021464824676514
Extreme,extreme_s01_q0036,d08_12,-0.03393799462355673,0.17517535420753383,,1,0,0,True,True,5.830121785166398e-05,0.0,True,0.15979927382431924,20470623,extreme_d04,20471624,,True,True,0.19373726844787598
Extreme,extreme_s01_q0037,d12_16,-0.004776395624503493,0.013532660093257376,,4,1,0,True,True,-0.0020525230780455983,1.0,True,0.3481767999473959,20470623,extreme_d05,20471625,,True,True,0.3529531955718994
Extreme,extreme_s01_q0038,d16_20,0.2756425521802157,-1.3102285722474236,,9,1,0,True,True,0.01933220757537768,0.0,True,0.48602000693790615,20470623,extreme_d06,20471626,,True,True,0.21037745475769043
Extreme,extreme_s01_q0039,d20_inf,-1.561156707117334,0.6242719320315202,,8,1,0,True,True,,0.4,True,0.9396071860101074,20470623,extreme_d07,20471627,timeout,False,False,2.5007638931274414
Extreme,extreme_s02_q0040,d08_12,0.008504837984219193,-0.055945879445185476,,4,1,0,True,True,0.007565816066040565,,True,0.16052386187948287,20480620,extreme_d03,20481620,,True,True,0.15201902389526367
Extreme,extreme_s02_q0041,d12_16,-0.4102209855336696,0.5067465481683471,,4,1,0,True,True,-0.014445645278382546,1.0,True,0.3992980669718236,20480620,extreme_d04,20481621,,True,True,0.8095190525054932
Extreme,extreme_s02_q0042,d16_20,-0.0012085342314094305,0.0077440959562598,,0,0,0,False,True,-0.0002903387075386954,1.0,True,0.15485025406815112,20480620,extreme_d05,20481622,,True,True,0.15605878829956055
Extreme,extreme_s02_q0043,d20_inf,0.14271569065749645,-0.459066236523495,,5,0,0,True,True,0.005179211745920176,0.3333333333333333,True,0.45359825901687145,20480620,extreme_d06,20481623,,True,True,0.310882568359375
Extreme,extreme_s02_q0044,d08_12,-0.00890959589742124,0.02789882371938801,,7,0,0,True,True,-0.0002545193045462302,0.0,True,0.3104442229960114,20480620,extreme_d07,20481624,,True,True,0.3193538188934326
Extreme,extreme_s02_q0045,d12_16,-2.190000949660316,0.8759096627493207,,0,0,0,False,True,,1.0,True,0.3102579729165882,20480621,extreme_d03,20481621,timeout,False,False,2.5002589225769043
Extreme,extreme_s02_q0046,d16_20,0.3184295557439327,-1.0741498137555867,,2,0,0,True,True,-0.012431312684659912,0.5,True,0.6148775480687618,20480621,extreme_d04,20481622,,True,True,0.2964479923248291
Extreme,extreme_s02_q0047,d20_inf,0.2339924550615251,-0.583441126079348,,7,1,0,True,True,0.005841822867931112,0.3333333333333333,True,0.6350482678972185,20480621,extreme_d05,20481623,,True,True,0.40105581283569336
Extreme,extreme_s02_q0048,d08_12,1.0178228088188916,-2.8326818132368587,,5,1,0,True,True,0.048825478708163894,0.0,True,1.3771370120812207,20480621,extreme_d06,20481624,,True,True,0.3593142032623291
Extreme,extreme_s02_q0049,d12_16,0.006637044483795762,-0.03598663091834298,,4,1,0,True,True,0.0,,True,0.19106788211502135,20480621,extreme_d07,20481625,,True,True,0.18443083763122559
Extreme,extreme_s02_q0050,d16_20,-0.08618562528863549,0.3498742860895948,,0,0,0,False,True,-0.006189135186591366,1.0,True,0.16014749696478248,20480622,extreme_d03,20481622,,True,True,0.24633312225341797
Extreme,extreme_s02_q0051,d20_inf,0.7700953353196383,-0.6325862669272402,,4,1,1,True,True,0.0,,True,1.987471329048276,20480622,extreme_d04,20481623,,True,True,1.2173759937286377
Extreme,extreme_s02_q0052,d08_12,0.26305724680423737,-1.344394725587244,,6,1,0,True,True,0.7602808083427866,0.0,True,0.4587268978357315,20480622,extreme_d05,20481624,,True,True,0.19566965103149414
Extreme,extreme_s02_q0053,d12_16,-0.14799884613603354,0.9961920198094283,,0,0,0,False,True,0.0,,True,0.0005657309666275978,20480622,extreme_d06,20481625,,True,True,0.14856457710266113
Extreme,extreme_s02_q0054,d16_20,-2.1903438386507332,0.8761042818378404,,0,0,0,False,True,,1.0,True,0.3097510519437492,20480622,extreme_d07,20481626,timeout,False,False,2.5000948905944824
Extreme,extreme_s02_q0055,d20_inf,-1.7852150478865951,0.7140595290235661,,4,1,0,True,True,,1.0,True,0.7148776969406754,20480623,extreme_d03,20481623,timeout,False,False,2.5000927448272705
Extreme,extreme_s02_q0056,d08_12,0.11931306379847229,-0.597161012980759,,4,1,0,True,True,0.03771323586177422,1.0,True,0.3191135551314801,20480623,extreme_d04,20481624,,True,True,0.1998004913330078
Extreme,extreme_s02_q0057,d12_16,0.00852899719029665,-0.02741216711512995,,4,1,0,True,True,-0.021673591937119152,1.0,True,0.31966810394078493,20480623,extreme_d05,20481625,,True,True,0.3111391067504883
Extreme,extreme_s02_q0058,d16_20,0.2510423599742353,-1.2312848028904173,,2,0,0,True,True,0.04217196141482549,0.3333333333333333,True,0.4549288689158857,20480623,extreme_d06,20481626,,True,True,0.2038865089416504
Extreme,extreme_s02_q0059,d20_inf,0.488159665139392,-2.7774552771673924,,9,2,0,True,True,0.13720139866783243,0.5,True,0.6639175501186401,20480623,extreme_d07,20481627,,True,True,0.17575788497924805
Extreme,extreme_s03_q0060,d08_12,0.16428317199461162,-0.3012994948399095,,7,1,0,True,True,0.10431890985260539,0.0,True,0.7095319188665599,20490620,extreme_d03,20491620,,True,True,0.5452487468719482
Extreme,extreme_s03_q0061,d12_16,-1.8668901540804654,0.8599772022461678,,4,1,0,True,True,-0.014253376068381729,1.0,True,0.3039698980282992,20490620,extreme_d04,20491621,,True,True,2.1708600521087646
Extreme,extreme_s03_q0062,d16_20,0.1151836751960218,-0.4797894491478818,,4,1,0,True,True,-0.01659255603569154,1.0,True,0.3552549718879163,20490620,extreme_d05,20491622,,True,True,0.24007129669189453
Extreme,extreme_s03_q0063,d20_inf,0.4017998520284891,-2.133864531578021,,8,1,0,True,True,-0.037373913208411325,0.5,True,0.5900966469198465,20490620,extreme_d06,20491623,,True,True,0.18829679489135742
Extreme,extreme_s03_q0064,d08_12,0.42505967034958303,-1.8889207071002216,,1,0,0,True,True,0.23189285181727604,0.75,True,0.6500874699559063,20490620,extreme_d07,20491624,,True,True,0.22502779960632324
Extreme,extreme_s03_q0065,d12_16,-0.4359931410290301,0.5850028088737989,,1,0,0,True,True,0.0676938617156071,0.5,True,0.3092907010577619,20490621,extreme_d03,20491621,,True,True,0.745283842086792
Extreme,extreme_s03_q0066,d16_20,-0.14861029153689742,0.9949618582674353,,0,0,0,False,True,0.0,,True,0.0007525109685957432,20490621,extreme_d04,20491622,,True,True,0.14936280250549316
Extreme,extreme_s03_q0067,d20_inf,-1.5258652053307742,0.6102917797040199,,8,0,0,True,True,,0.5,True,0.9743572392035276,20490621,extreme_d05,20491623,timeout,False,False,2.5002224445343018
Extreme,extreme_s03_q0068,d08_12,-0.12050576624460518,0.4296672813232937,,1,0,0,True,True,0.01767234504490056,0.0,True,0.15995721402578056,20490621,extreme_d06,20491624,,True,True,0.28046298027038574
Extreme,extreme_s03_q0069,d12_16,1.1189364462625235,-4.689412771500259,,17,3,0,True,True,0.9713462768320107,0.4,True,1.3575455218087882,20490621,extreme_d07,20491625,,True,True,0.23860907554626465
Extreme,extreme_s03_q0070,d16_20,0.3456022385507822,-2.0610026211987864,,4,1,0,True,True,0.009471941485115654,1.0,True,0.513288700953126,20490622,extreme_d03,20491622,,True,True,0.16768646240234375
Extreme,extreme_s03_q0071,d20_inf,0.09335359372198582,-0.3426856871968542,,4,1,0,True,True,0.023828544146019093,1.0,True,0.36577113904058933,20490622,extreme_d04,20491623,,True,True,0.2724175453186035
Extreme,extreme_s03_q0072,d08_12,0.010378118604421616,-0.05907072962127624,,4,1,0,True,True,0.0,,True,0.18606781587004662,20490622,extreme_d05,20491624,,True,True,0.175689697265625
Extreme,extreme_s03_q0073,d12_16,-0.15701828431338072,0.9960637612298373,,0,0,0,False,True,0.0,,True,0.0006205039098858833,20490622,extreme_d06,20491625,,True,True,0.1576387882232666
Extreme,extreme_s03_q0074,d16_20,1.1706612072885036,-0.468189515512319,f2_failed:prediction:goal_in_collision;goal:timeout;f3_failed:timeout,5,1,1,True,False,,0.0,False,3.671061512082815,20490622,extreme_d07,20491626,timeout,False,False,2.5004003047943115
Extreme,extreme_s03_q0075,d20_inf,0.18783734436146915,-0.6254590036794039,,8,1,0,True,True,-0.004671910177554972,0.0,True,0.4881565391551703,20490623,extreme_d03,20491623,,True,True,0.30031919479370117
Extreme,extreme_s03_q0076,d08_12,-2.1875712471082807,0.8749820200964028,,4,1,0,True,True,,1.0,True,0.3125615520402789,20490623,extreme_d04,20491624,timeout,False,False,2.5001327991485596
Extreme,extreme_s03_q0077,d12_16,0.41237921081483364,-2.0491006072006956,,1,0,0,True,True,0.04545223406720278,0.75,True,0.6136280950158834,20490623,extreme_d05,20491625,,True,True,0.2012488842010498
Extreme,extreme_s03_q0078,d16_20,1.0130123866256326,-0.4051306957317582,f2_failed:prediction:goal_in_collision;goal:timeout;f3_failed:timeout,4,1,1,True,False,,,False,3.513470627134666,20490623,extreme_d06,20491626,timeout,False,False,2.500458240509033
Extreme,extreme_s03_q0079,d20_inf,-0.8274913334753364,0.6167893598863181,,4,1,0,True,True,0.061706588794437245,1.0,True,0.5141195750329643,20490623,extreme_d07,20491627,,True,True,1.3416109085083008
Extreme,extreme_s04_q0080,d08_12,0.11679283925332129,-0.6274508376240999,,3,0,0,True,True,0.00904584807091946,0.0,True,0.30293146916665137,20500620,extreme_d03,20501620,,True,True,0.18613862991333008
Extreme,extreme_s04_q0081,d12_16,0.2332440905738622,-1.0040484568926962,,4,1,0,True,True,0.0689503329992176,1.0,True,0.4655477099586278,20500620,extreme_d04,20501621,,True,True,0.23230361938476562
Extreme,extreme_s04_q0082,d16_20,0.8716609226539731,-0.6911685883965788,,4,1,1,True,True,0.0,,True,2.132801746018231,20500620,extreme_d05,20501622,,True,True,1.2611408233642578
Extreme,extreme_s04_q0083,d20_inf,2.1677488007117063,-0.8670358513083272,f2_failed:prediction:timeout;goal:timeout;f3_failed:timeout,4,1,1,True,False,,1.0,False,4.6679323830176145,20500620,extreme_d06,20501623,timeout,False,False,2.500183582305908
Extreme,extreme_s04_q0084,d08_12,0.16049337503500283,-0.21036411164456514,,0,0,1,True,True,0.0,1.0,True,0.9234247219283134,20500620,extreme_d07,20501624,,True,True,0.7629313468933105
Extreme,extreme_s04_q0085,d12_16,-1.3991146688349545,0.8993061018002521,,2,0,0,True,True,-0.02777295009018188,0.0,True,0.1566566820256412,20500621,extreme_d03,20501621,,True,True,1.5557713508605957
Extreme,extreme_s04_q0086,d16_20,0.1298536874819547,-0.507490908906538,,8,2,0,True,True,0.002159458052046981,,True,0.3857276060152799,20500621,extreme_d04,20501622,,True,True,0.2558739185333252
Extreme,extreme_s04_q0087,d20_inf,0.48034659028053284,-1.4721069073707653,,9,1,0,True,True,0.09006701354988955,0.5,True,0.8066453039646149,20500621,extreme_d05,20501623,,True,True,0.32629871368408203
Extreme,extreme_s04_q0088,d08_12,-0.15330598782747984,0.9969316129508009,,0,0,0,False,True,2.220446049250313e-16,,True,0.0004718499258160591,20500621,extreme_d06,20501624,,True,True,0.1537778377532959
Extreme,extreme_s04_q0089,d12_16,-0.14401878672651947,0.9961650921564347,,0,0,0,False,True,2.220446049250313e-16,,True,0.0005544249434024096,20500621,extreme_d07,20501625,,True,True,0.14457321166992188
Extreme,extreme_s04_q0090,d16_20,-1.6734271359164268,0.7851431015319722,,1,0,0,True,True,0.07006134173387757,0.6666666666666666,True,0.45793864014558494,20500622,extreme_d03,20501622,,True,True,2.1313657760620117
Extreme,extreme_s04_q0091,d20_inf,0.20285031665116549,-0.33830074825226464,,8,1,0,True,True,0.002115217941628167,0.5,True,0.802465652115643,20500622,extreme_d04,20501623,,True,True,0.5996153354644775
Extreme,extreme_s04_q0092,d08_12,-0.4071211754344404,0.5553929225071328,,0,0,0,False,True,-0.007974240613625283,1.0,True,0.32591152796521783,20500622,extreme_d05,20501624,,True,True,0.7330327033996582
Extreme,extreme_s04_q0093,d12_16,0.007588339736685157,-0.04735082451007555,,3,0,0,True,True,-0.008214622148827289,0.0,True,0.16784615605138242,20500622,extreme_d06,20501625,,True,True,0.16025781631469727
Extreme,extreme_s04_q0094,d16_20,-1.0212630443274975,0.6721779620206981,,9,1,0,True,True,0.1309815578257023,0.0,True,0.4980712719261646,20500622,extreme_d07,20501626,,True,True,1.519334316253662
Extreme,extreme_s04_q0095,d20_inf,0.14169884007424116,-0.6515954309544771,,4,1,0,True,True,-0.00915905243206594,1.0,True,0.35916328709572554,20500623,extreme_d03,20501623,,True,True,0.21746444702148438
Extreme,extreme_s04_q0096,d08_12,0.08214310463517904,-0.14408149767766742,,7,1,0,True,True,0.29987958409571425,0.6666666666666666,True,0.6522586708888412,20500623,extreme_d04,20501624,,True,True,0.5701155662536621
Extreme,extreme_s04_q0097,d12_16,-0.44835071032866836,0.3004723587797311,,14,2,0,True,True,1.032527053948129,0.3333333333333333,True,1.043802218977362,20500623,extreme_d05,20501625,,True,True,1.4921529293060303
Extreme,extreme_s04_q0098,d16_20,-2.089638414327055,0.8617108155917697,,1,0,0,True,True,0.01355042642741311,0.5,True,0.3353496170602739,20500623,extreme_d06,20501626,,True,True,2.424988031387329
Extreme,extreme_s04_q0099,d20_inf,1.1760352039709687,-0.47039147213499954,f2_failed:prediction:goal_in_collision;goal:timeout;f3_failed:timeout,6,1,1,True,False,,0.0,False,3.676155366934836,20500623,extreme_d07,20501627,timeout,False,False,2.500120162963867
