difficulty_bucket,query_id,expansion_idx,state_x,state_y,state_theta,goal_x,goal_y,goal_theta,nearest_obstacle_m,oracle_a_failure_reason,oracle_b_failure_reason,candidate_raw_count,candidate_rs_reachable_count,oracle_b_attempted_candidate_count,oracle_b_selected_candidate_source,oracle_b_total_path_length_m,oracle_b_min_clearance_m,oracle_b_direction_switches,source_head
Complex,complex_s00_q0003,4640,13.387658259595709,6.768346805746997,2.346454858082751,2.6,17.900000000000002,2.2309789106601006,1.6124515533447266,timeout,,396,67,4,goal_annulus,16.641390560371576,0.08810962921533894,2.0,1f4f96f82bca68f06cc6e9a08adb9ea9aaf993a5
Extreme,extreme_s00_q0003,224,10.649367664794951,18.41271136843238,-0.7345510660764587,13.5,2.1,-1.334551066076459,0.5,timeout,,389,64,2,goal_annulus,17.22280980889459,0.10548388626651073,0.0,1f4f96f82bca68f06cc6e9a08adb9ea9aaf993a5
Extreme,extreme_s00_q0003,1328,12.133257325187575,12.405462283415075,-0.7345510660764587,13.5,2.1,-1.334551066076459,1.029563069343567,timeout,,395,64,1,goal_annulus,12.084194790870033,0.10498172521600269,1.0,1f4f96f82bca68f06cc6e9a08adb9ea9aaf993a5
Extreme,extreme_s00_q0003,1688,12.20397348737806,12.437192799520103,-0.8730430485506755,13.5,2.1,-1.334551066076459,0.9848857522010803,timeout,,395,64,1,goal_annulus,12.00347837177235,0.07908284725588843,1.0,1f4f96f82bca68f06cc6e9a08adb9ea9aaf993a5
Extreme,extreme_s00_q0004,0,16.0,26.900000000000002,-2.951264113897886,5.1000000000000005,24.8,-2.951264113897886,0.800000011920929,timeout,,343,54,1,goal_annulus,12.361818613439125,0.06501046012447698,1.0,1f4f96f82bca68f06cc6e9a08adb9ea9aaf993a5
Extreme,extreme_s00_q0004,8,14.543800239114947,26.643782335186113,-3.112772131423669,5.1000000000000005,24.8,-2.951264113897886,1.0,timeout,,343,55,1,goal_annulus,10.959421949389847,0.08199024530728805,1.0,1f4f96f82bca68f06cc6e9a08adb9ea9aaf993a5
Extreme,extreme_s00_q0004,14,13.644173993367218,26.617847455933585,-3.112772131423669,5.1000000000000005,24.8,-2.951264113897886,1.0,timeout,,342,54,1,goal_annulus,10.151338288744496,0.07359039370081844,1.0,1f4f96f82bca68f06cc6e9a08adb9ea9aaf993a5
Extreme,extreme_s00_q0004,198,12.746103104550105,26.571208183413717,-2.974280148949452,5.1000000000000005,24.8,-2.951264113897886,1.2806248664855957,timeout,,343,55,1,goal_annulus,9.269322941649602,0.0819902453072876,1.0,1f4f96f82bca68f06cc6e9a08adb9ea9aaf993a5
Extreme,extreme_s00_q0004,217,13.045978519799348,26.57985314316456,-2.974280148949452,5.1000000000000005,24.8,-2.951264113897886,1.1180340051651,timeout,,343,55,1,goal_annulus,9.515347764187249,0.0819902453072876,1.0,1f4f96f82bca68f06cc6e9a08adb9ea9aaf993a5
Extreme,extreme_s00_q0004,833,14.03138065194765,26.25187851748079,-2.3512641138978863,5.1000000000000005,24.8,-2.951264113897886,0.761577308177948,timeout,,343,54,1,goal_annulus,10.370502600696977,0.07634770598219054,1.0,1f4f96f82bca68f06cc6e9a08adb9ea9aaf993a5
Extreme,extreme_s00_q0006,0,25.900000000000002,12.3,-3.0694290246301357,9.3,11.100000000000001,-3.0694290246301357,1.2369316816329956,timeout,,345,37,2,goal_annulus,17.914891660793213,0.08241262429070373,3.0,1f4f96f82bca68f06cc6e9a08adb9ea9aaf993a5
Extreme,extreme_s00_q0006,16,23.547525684058172,11.986405930351983,-3.0694290246301357,9.3,11.100000000000001,-3.0694290246301357,0.8062257766723633,timeout,,344,37,2,goal_annulus,16.115113323645364,0.07121807466415564,4.0,1f4f96f82bca68f06cc6e9a08adb9ea9aaf993a5
Extreme,extreme_s00_q0006,24,24.147506423498495,11.950086136147036,-2.769429024630136,9.3,11.100000000000001,-3.0694290246301357,0.699999988079071,timeout,,345,38,1,goal_annulus,16.08239783857872,0.08176838940628384,1.0,1f4f96f82bca68f06cc6e9a08adb9ea9aaf993a5
Extreme,extreme_s00_q0006,32,23.54383061213649,11.930432242408356,-2.930937042155919,9.3,11.100000000000001,-3.0694290246301357,0.8246211409568787,timeout,,344,37,2,goal_annulus,16.02401901954975,0.08241262429070373,4.0,1f4f96f82bca68f06cc6e9a08adb9ea9aaf993a5
Extreme,extreme_s00_q0006,40,23.841846654289014,12.017550365938206,2.9137562825494507,9.3,11.100000000000001,-3.0694290246301357,0.7071067690849304,timeout,,344,37,1,goal_annulus,15.707164741839302,0.07266531921520236,1.0,1f4f96f82bca68f06cc6e9a08adb9ea9aaf993a5
Extreme,extreme_s00_q0006,48,23.868043594793793,11.840996597820176,-2.769429024630136,9.3,11.100000000000001,-3.0694290246301357,0.8999999761581421,timeout,,344,37,1,goal_annulus,16.540231011337042,0.06011575143603698,1.0,1f4f96f82bca68f06cc6e9a08adb9ea9aaf993a5
Extreme,extreme_s00_q0006,56,25.322356936501393,12.144725047953624,-2.9079210071043526,9.3,11.100000000000001,-3.0694290246301357,1.2041594982147217,timeout,,345,37,2,goal_annulus,17.2562950073972,0.06072009185089711,3.0,1f4f96f82bca68f06cc6e9a08adb9ea9aaf993a5
Extreme,extreme_s00_q0006,64,24.175697236938653,11.843654520748567,-2.630937042155919,9.3,11.100000000000001,-3.0694290246301357,0.8999999761581421,timeout,,345,38,2,voronoi_skeleton,16.49874187755097,0.0608995110759315,3.0,1f4f96f82bca68f06cc6e9a08adb9ea9aaf993a5
Extreme,extreme_s00_q0006,72,23.642941570196136,11.56896780473628,-2.769429024630136,9.3,11.100000000000001,-3.0694290246301357,0.8999999761581421,timeout,,344,37,1,goal_annulus,16.252396433226043,0.07778794610475859,1.0,1f4f96f82bca68f06cc6e9a08adb9ea9aaf993a5
Extreme,extreme_s00_q0006,80,23.390515397971036,11.403780129864732,-2.630937042155919,9.3,11.100000000000001,-3.0694290246301357,0.7071067690849304,timeout,,396,37,1,goal_annulus,16.442949286183538,0.06654365518162231,2.0,1f4f96f82bca68f06cc6e9a08adb9ea9aaf993a5
Extreme,extreme_s00_q0006,88,23.400804850050648,11.389713287096221,-2.792445059681702,9.3,11.100000000000001,-3.0694290246301357,0.7071067690849304,timeout,,397,38,6,goal_annulus,17.412079724490987,0.0751760843873216,4.0,1f4f96f82bca68f06cc6e9a08adb9ea9aaf993a5
Extreme,extreme_s00_q0006,96,23.848818642500024,12.106941771217329,2.9137562825494507,9.3,11.100000000000001,-3.0694290246301357,0.6082762479782104,timeout,,344,37,2,goal_annulus,15.723772182662643,0.07075791136650378,3.0,1f4f96f82bca68f06cc6e9a08adb9ea9aaf993a5
Extreme,extreme_s00_q0006,104,24.179330748863627,11.819391935886198,-3.0694290246301357,9.3,11.100000000000001,-3.0694290246301357,0.8999999761581421,timeout,,345,38,1,goal_annulus,16.08821883424439,0.08241262429070628,1.0,1f4f96f82bca68f06cc6e9a08adb9ea9aaf993a5
Extreme,extreme_s00_q0006,112,24.23156926589469,11.648720760619604,-2.469429024630136,9.3,11.100000000000001,-3.0694290246301357,1.100000023841858,timeout,,345,38,1,goal_annulus,16.65219332283109,0.06380780959998716,1.0,1f4f96f82bca68f06cc6e9a08adb9ea9aaf993a5
Extreme,extreme_s00_q0006,120,23.66909830005547,11.432573897523344,-2.769429024630136,9.3,11.100000000000001,-3.0694290246301357,1.0049875974655151,timeout,,396,37,1,goal_annulus,16.00234063123496,0.06216559273440769,1.0,1f4f96f82bca68f06cc6e9a08adb9ea9aaf993a5
Extreme,extreme_s00_q0006,128,23.696134956535072,11.376475760978655,-2.630937042155919,9.3,11.100000000000001,-3.0694290246301357,1.0049875974655151,timeout,,397,38,1,goal_annulus,16.06324478630562,0.07044365398874453,1.0,1f4f96f82bca68f06cc6e9a08adb9ea9aaf993a5
Extreme,extreme_s00_q0006,136,23.678213976236446,11.41763078761114,-2.930937042155919,9.3,11.100000000000001,-3.0694290246301357,1.0049875974655151,timeout,,397,38,2,voronoi_skeleton,15.83842233275667,0.05469306968852483,1.0,1f4f96f82bca68f06cc6e9a08adb9ea9aaf993a5
Extreme,extreme_s00_q0006,144,23.925042792977884,11.599277356319327,-2.9079210071043526,9.3,11.100000000000001,-3.0694290246301357,1.100000023841858,timeout,,345,38,1,goal_annulus,16.444568735427097,0.08109916114466897,1.0,1f4f96f82bca68f06cc6e9a08adb9ea9aaf993a5
Extreme,extreme_s00_q0006,152,23.437900733780374,11.243737554527394,-2.469429024630136,9.3,11.100000000000001,-3.0694290246301357,0.761577308177948,timeout,,395,37,1,goal_annulus,15.780159560241886,0.05885549162704512,1.0,1f4f96f82bca68f06cc6e9a08adb9ea9aaf993a5
Extreme,extreme_s00_q0006,160,23.178852096741604,11.094671041194777,-2.769429024630136,9.3,11.100000000000001,-3.0694290246301357,0.6403124332427979,timeout,,395,37,1,goal_annulus,15.62842577380182,0.07312077138705242,1.0,1f4f96f82bca68f06cc6e9a08adb9ea9aaf993a5
Extreme,extreme_s00_q0006,168,23.369044872694523,11.40792207681206,-2.469429024630136,9.3,11.100000000000001,-3.0694290246301357,0.7071067690849304,timeout,,396,37,1,goal_annulus,15.916148693705495,0.08241262429070695,1.0,1f4f96f82bca68f06cc6e9a08adb9ea9aaf993a5
Extreme,extreme_s00_q0006,176,23.996826391189778,11.461916631181113,-2.469429024630136,9.3,11.100000000000001,-3.0694290246301357,1.2000000476837158,timeout,,396,38,1,goal_annulus,16.35219332283109,0.06380780959998716,1.0,1f4f96f82bca68f06cc6e9a08adb9ea9aaf993a5
Extreme,extreme_s00_q0006,184,23.190992760486697,11.073759042821282,-2.607921007104353,9.3,11.100000000000001,-3.0694290246301357,0.6403124332427979,timeout,,395,37,1,goal_annulus,15.492125680339221,0.0674689220285497,1.0,1f4f96f82bca68f06cc6e9a08adb9ea9aaf993a5
Extreme,extreme_s00_q0006,192,23.63551187590035,11.527023951562388,-2.607921007104353,9.3,11.100000000000001,-3.0694290246301357,0.8999999761581421,timeout,,344,37,1,goal_annulus,16.111700580818244,0.05194981124330911,1.0,1f4f96f82bca68f06cc6e9a08adb9ea9aaf993a5
Extreme,extreme_s00_q0006,200,22.910953117567455,10.93660137009482,-2.630937042155919,9.3,11.100000000000001,-3.0694290246301357,0.5830951929092407,timeout,,395,37,5,goal_annulus,16.79514915633623,0.06532373139139769,1.0,1f4f96f82bca68f06cc6e9a08adb9ea9aaf993a5
Extreme,extreme_s00_q0006,208,23.145211291201786,11.159055908251602,-2.3309370421559192,9.3,11.100000000000001,-3.0694290246301357,0.5,timeout,,395,37,1,goal_annulus,15.507940411412244,0.060329927436520825,1.0,1f4f96f82bca68f06cc6e9a08adb9ea9aaf993a5
Extreme,extreme_s00_q0006,216,23.70751438112717,11.366864587115899,-2.9079210071043526,9.3,11.100000000000001,-3.0694290246301357,1.0049875974655151,timeout,,397,38,1,goal_annulus,16.098435426987265,0.06020755870825528,1.0,1f4f96f82bca68f06cc6e9a08adb9ea9aaf993a5
Extreme,extreme_s00_q0006,224,23.901115769755318,11.755172661915246,2.9137562825494507,9.3,11.100000000000001,-3.0694290246301357,0.8999999761581421,timeout,,344,37,1,goal_annulus,15.85297637052876,0.052792791767064806,1.0,1f4f96f82bca68f06cc6e9a08adb9ea9aaf993a5
Extreme,extreme_s00_q0006,232,23.597762166806074,11.670413851785453,-3.0464129895785694,9.3,11.100000000000001,-3.0694290246301357,0.8999999761581421,timeout,,344,37,2,goal_annulus,16.420196494616548,0.05637806233564324,4.0,1f4f96f82bca68f06cc6e9a08adb9ea9aaf993a5
Extreme,extreme_s00_q0006,248,23.426490600081173,11.334454779782474,-3.0694290246301357,9.3,11.100000000000001,-3.0694290246301357,0.7280110120773315,timeout,,396,37,1,goal_annulus,16.50468858936764,0.05743883931983762,2.0,1f4f96f82bca68f06cc6e9a08adb9ea9aaf993a5
Extreme,extreme_s00_q0006,256,23.880111548336824,11.797761632233659,-3.0694290246301357,9.3,11.100000000000001,-3.0694290246301357,0.8999999761581421,timeout,,345,38,1,goal_annulus,15.80670512268053,0.07147443947752385,1.0,1f4f96f82bca68f06cc6e9a08adb9ea9aaf993a5
Extreme,extreme_s00_q0006,264,23.59389170212238,11.690812639467143,-2.9079210071043526,9.3,11.100000000000001,-3.0694290246301357,0.8999999761581421,timeout,,344,37,1,goal_annulus,16.13122256770236,0.07729341417330104,2.0,1f4f96f82bca68f06cc6e9a08adb9ea9aaf993a5
Extreme,extreme_s00_q0006,272,24.187019167142697,11.775167666798396,-2.769429024630136,9.3,11.100000000000001,-3.0694290246301357,0.8999999761581421,timeout,,345,38,1,goal_annulus,16.73529736800245,0.06761618676371772,1.0,1f4f96f82bca68f06cc6e9a08adb9ea9aaf993a5
Extreme,extreme_s00_q0006,280,23.608868557439525,11.82293376354183,2.9137562825494507,9.3,11.100000000000001,-3.0694290246301357,0.9055384993553162,timeout,,344,37,11,goal_annulus,17.7840940063225,0.07124471324293846,1.0,1f4f96f82bca68f06cc6e9a08adb9ea9aaf993a5
Extreme,extreme_s00_q0006,288,24.05521079690515,11.36856958040816,-2.3309370421559192,9.3,11.100000000000001,-3.0694290246301357,1.2999999523162842,timeout,,396,38,2,voronoi_skeleton,16.53402199198534,0.06767271603832814,1.0,1f4f96f82bca68f06cc6e9a08adb9ea9aaf993a5
Extreme,extreme_s00_q0006,296,24.22800083184903,11.662058954773954,-2.607921007104353,9.3,11.100000000000001,-3.0694290246301357,1.0,timeout,,345,38,2,voronoi_skeleton,16.806330500563543,0.06230377710572449,1.0,1f4f96f82bca68f06cc6e9a08adb9ea9aaf993a5
Extreme,extreme_s00_q0006,304,23.43378126772576,11.42120166690644,-2.3309370421559192,9.3,11.100000000000001,-3.0694290246301357,0.7071067690849304,timeout,,396,37,1,goal_annulus,15.924240826302903,0.06833911310239527,1.0,1f4f96f82bca68f06cc6e9a08adb9ea9aaf993a5
Extreme,extreme_s00_q0006,312,24.44350567663461,12.129781353034218,3.0522482650236675,9.3,11.100000000000001,-3.0694290246301357,0.6324555277824402,timeout,,345,37,5,goal_annulus,17.120842983297706,0.05765170419357063,3.0,1f4f96f82bca68f06cc6e9a08adb9ea9aaf993a5
Extreme,extreme_s00_q0006,320,24.167262795320596,11.862626901472716,-2.769429024630136,9.3,11.100000000000001,-3.0694290246301357,0.800000011920929,timeout,,345,38,1,goal_annulus,16.070610347110858,0.07005789692240849,1.0,1f4f96f82bca68f06cc6e9a08adb9ea9aaf993a5
Extreme,extreme_s00_q0006,328,24.239915504017592,11.651978751200364,-3.0694290246301357,9.3,11.100000000000001,-3.0694290246301357,1.0,timeout,,345,38,1,goal_annulus,16.352637699443534,0.08087097938776966,1.0,1f4f96f82bca68f06cc6e9a08adb9ea9aaf993a5
Extreme,extreme_s00_q0006,336,23.998690619522808,11.44314660792842,-2.630937042155919,9.3,11.100000000000001,-3.0694290246301357,1.2999999523162842,timeout,,396,38,2,voronoi_skeleton,16.17605160955069,0.05846803323339833,3.0,1f4f96f82bca68f06cc6e9a08adb9ea9aaf993a5
Extreme,extreme_s00_q0006,344,23.845130560370517,11.17081821312102,-2.769429024630136,9.3,11.100000000000001,-3.0694290246301357,1.140175461769104,timeout,,396,38,1,goal_annulus,16.026248735375646,0.08241262429070695,1.0,1f4f96f82bca68f06cc6e9a08adb9ea9aaf993a5
Extreme,extreme_s00_q0006,352,24.025675024473767,11.402967275451207,-2.630937042155919,9.3,11.100000000000001,-3.0694290246301357,1.2999999523162842,timeout,,397,38,1,goal_annulus,16.36377672990318,0.05760393126979124,1.0,1f4f96f82bca68f06cc6e9a08adb9ea9aaf993a5
Extreme,extreme_s00_q0006,360,24.07410120060059,11.323313066690229,-2.607921007104353,9.3,11.100000000000001,-3.0694290246301357,1.2999999523162842,timeout,,396,37,1,goal_annulus,16.406827297897554,0.07260567514037408,1.0,1f4f96f82bca68f06cc6e9a08adb9ea9aaf993a5
Extreme,extreme_s00_q0006,368,23.538670753357632,11.058826050164278,-2.9079210071043526,9.3,11.100000000000001,-3.0694290246301357,0.8944271802902222,timeout,,395,37,1,goal_annulus,15.662267901421329,0.0639605518353592,1.0,1f4f96f82bca68f06cc6e9a08adb9ea9aaf993a5
Extreme,extreme_s00_q0006,376,23.970722739544488,11.535977170165102,-3.0464129895785694,9.3,11.100000000000001,-3.0694290246301357,1.2000000476837158,timeout,,345,38,1,goal_annulus,16.474264649547806,0.07377954445723589,1.0,1f4f96f82bca68f06cc6e9a08adb9ea9aaf993a5
Extreme,extreme_s00_q0006,384,24.44725704355363,12.150202378522408,2.9137562825494507,9.3,11.100000000000001,-3.0694290246301357,0.5385164618492126,timeout,,345,37,3,goal_annulus,16.504798184289214,0.06364600313921892,3.0,1f4f96f82bca68f06cc6e9a08adb9ea9aaf993a5
Extreme,extreme_s00_q0006,392,24.441532904939013,12.105681237599192,-3.0694290246301357,9.3,11.100000000000001,-3.0694290246301357,0.6324555277824402,timeout,,345,37,3,goal_annulus,16.504923168665144,0.06977797050775159,3.0,1f4f96f82bca68f06cc6e9a08adb9ea9aaf993a5
Extreme,extreme_s00_q0006,400,23.824716368704586,11.210795188126777,-2.469429024630136,9.3,11.100000000000001,-3.0694290246301357,1.140175461769104,timeout,,395,37,5,goal_annulus,17.14896684518167,0.061549396827262015,3.0,1f4f96f82bca68f06cc6e9a08adb9ea9aaf993a5
Extreme,extreme_s00_q0006,408,24.255060613944476,11.594654837632374,-2.630937042155919,9.3,11.100000000000001,-3.0694290246301357,1.1045360565185547,timeout,,345,37,1,goal_annulus,16.66577183601347,0.07672211369782822,1.0,1f4f96f82bca68f06cc6e9a08adb9ea9aaf993a5
Extreme,extreme_s00_q0006,416,24.004306150032654,11.43040368681111,-2.4924450596817023,9.3,11.100000000000001,-3.0694290246301357,1.2999999523162842,timeout,,397,38,1,goal_annulus,16.32135758304897,0.05981652741644411,1.0,1f4f96f82bca68f06cc6e9a08adb9ea9aaf993a5
Extreme,extreme_s00_q0006,424,24.30653569619437,11.521102768216869,-2.630937042155919,9.3,11.100000000000001,-3.0694290246301357,1.2041594982147217,timeout,,394,37,1,goal_annulus,16.61349330900823,0.05869975334243832,1.0,1f4f96f82bca68f06cc6e9a08adb9ea9aaf993a5
Extreme,extreme_s00_q0008,40,8.055127951753038,10.668773021418595,1.1724003809840173,3.0,19.1,2.0724003809840172,0.7810249924659729,timeout,,344,99,1,goal_annulus,10.75510284829991,0.08874369181676789,1.0,1f4f96f82bca68f06cc6e9a08adb9ea9aaf993a5
