map_id,query_id,difficulty,map_seed,query_seed,start,goal,teacher_success,teacher_failure_reason,teacher_time_s,teacher_expansions,teacher_path_length_m,label_attempted,label_success,label_failure_reason,label_sample_count,total_segment_count,segment_lengths_m
0,0,low,20270620,20260620,"[6.1000000000000005, 23.8, -0.7746458896063471]","[15.5, 14.600000000000001, -0.7746458896063471]",True,,0.15713119506835938,1,13.152946437965904,True,True,,1,2,[8.0]
0,1,low,20270620,20260621,"[17.6, 25.0, -1.3909428270024184]","[19.6, 14.0, -1.3909428270024184]",True,,0.2906968593597412,220,11.385171222475392,True,False,short_progress,0,0,[]
0,2,low,20270620,20260622,"[27.900000000000002, 2.2, 1.9018924034990288]","[19.1, 27.8, 1.9018924034990288]",False,timeout,2.50093412399292,3021,0.0,False,False,,0,0,[]
0,3,low,20270620,20260623,"[26.900000000000002, 19.900000000000002, -3.0027851875071914]","[13.3, 18.0, -3.0027851875071914]",True,,1.6360290050506592,2029,13.997378791143989,True,True,,3,4,"[5.0, 2.6000000000000005, 3.2]"
0,4,low,20270620,20260624,"[16.7, 11.0, 2.264348363927607]","[2.9000000000000004, 27.6, 2.264348363927607]",False,timeout,2.5003373622894287,3255,0.0,False,False,,0,0,[]
0,5,low,20270620,20260625,"[10.9, 19.3, -1.177738307612964]","[14.3, 11.100000000000001, -1.177738307612964]",True,,0.15137147903442383,1,8.876936408468858,True,True,,1,2,[8.0]
0,6,low,20270620,20260626,"[0.6000000000000001, 20.3, 0.6995172123364637]","[8.8, 27.200000000000003, 0.6995172123364637]",False,timeout,2.500023365020752,2691,0.0,False,False,,0,0,[]
0,7,low,20270620,20260627,"[20.5, 6.2, 2.132419826467394]","[9.3, 24.0, 2.132419826467394]",False,timeout,2.5003957748413086,3740,0.0,False,False,,0,0,[]
0,8,low,20270620,20260628,"[14.100000000000001, 3.3000000000000003, 1.3817757805095603]","[16.3, 14.8, 1.3817757805095603]",True,,0.16583609580993652,22,11.745339731940971,True,True,,1,2,[8.0]
0,9,low,20270620,20260629,"[7.7, 5.5, -0.13021144296439632]","[16.1, 4.4, -0.13021144296439632]",True,,0.14781999588012695,7,8.490695744000453,True,True,,1,2,[5.4]
1,0,low,20270621,20261620,"[27.0, 22.900000000000002, -2.044752848941946]","[17.1, 3.6, -2.044752848941946]",True,,0.1884465217590332,65,22.557612159170095,True,True,,2,3,"[8.0, 8.0]"
1,1,low,20270621,20261621,"[19.5, 1.3, 1.529883497019457]","[20.200000000000003, 18.400000000000002, 1.529883497019457]",True,,0.880129337310791,1359,17.405571435550474,True,True,,3,4,"[3.0, 4.800000000000001, 3.0]"
1,2,low,20270621,20261622,"[21.3, 4.3, 2.036337872925123]","[10.700000000000001, 25.400000000000002, 2.036337872925123]",True,,0.17056775093078613,57,24.09228415706061,True,True,,3,4,"[7.0, 8.0, 8.0]"
1,3,low,20270621,20261623,"[6.6000000000000005, 8.1, 0.07339732590161173]","[27.0, 9.600000000000001, 0.07339732590161173]",True,,0.15987467765808105,49,20.7811891888028,True,True,,3,4,"[2.8000000000000003, 6.800000000000001, 8.0]"
1,4,low,20270621,20261624,"[17.3, 17.1, -2.370278066015205]","[2.9000000000000004, 3.1, -2.370278066015205]",False,timeout,2.502741813659668,4025,0.0,False,False,,0,0,[]
1,5,low,20270621,20261625,"[26.3, 29.0, -1.5707963267948966]","[26.3, 3.3000000000000003, -1.5707963267948966]",True,,1.1044869422912598,2001,25.830215610382723,True,True,,3,4,"[5.6000000000000005, 8.0, 7.800000000000001]"
1,6,low,20270621,20261626,"[25.400000000000002, 27.3, -2.1990007221874106]","[10.8, 7.2, -2.1990007221874106]",True,,1.0016193389892578,1089,25.856738120663305,True,True,,3,4,"[8.200000000000001, 7.999999999999998, 8.000000000000004]"
1,7,low,20270621,20261627,"[11.200000000000001, 16.7, 0.48484584660688307]","[22.400000000000002, 22.6, 0.48484584660688307]",False,timeout,2.5000336170196533,2493,0.0,False,False,,0,0,[]
1,8,low,20270621,20261628,"[12.3, 11.0, 2.28888061439964]","[4.0, 20.5, 2.28888061439964]",True,,0.6987602710723877,697,12.739627059791879,True,True,,2,3,"[8.0, 2.8000000000000007]"
1,9,low,20270621,20261629,"[7.9, 15.200000000000001, 0.47032902405327837]","[25.8, 24.3, 0.47032902405327837]",True,,0.18719148635864258,65,20.930169021139154,True,True,,2,3,"[8.0, 8.0]"
2,0,low,20270622,20262620,"[6.9, 6.6000000000000005, 1.4165899735776912]","[9.9, 25.900000000000002, 1.4165899735776912]",True,,0.18950462341308594,73,19.950858624939762,True,False,short_progress,0,0,[]
2,1,low,20270622,20262621,"[27.900000000000002, 9.600000000000001, 3.047278702262613]","[5.7, 11.700000000000001, 3.047278702262613]",False,timeout,2.5021870136260986,4481,0.0,False,False,,0,0,[]
2,2,low,20270622,20262622,"[4.800000000000001, 15.3, 0.6647744948173456]","[12.200000000000001, 21.1, 0.6647744948173456]",True,,0.14990592002868652,7,9.705729771588912,True,True,,1,2,[4.2]
2,3,low,20270622,20262623,"[18.3, 18.400000000000002, -1.6043971212108896]","[17.900000000000002, 6.5, -1.6043971212108896]",True,,0.14955496788024902,9,11.943744418858088,True,True,,1,2,[8.0]
2,4,low,20270622,20262624,"[20.900000000000002, 13.200000000000001, -2.943152162040812]","[2.5, 9.5, -2.943152162040812]",True,,0.19289231300354004,97,19.017663828634372,True,True,,2,3,"[8.0, 6.4]"
2,5,low,20270622,20262625,"[7.5, 5.6000000000000005, 0.023469868114723718]","[28.8, 6.1000000000000005, 0.023469868114723718]",True,,0.5000174045562744,817,21.55545046958837,True,True,,2,3,"[8.200000000000001, 7.999999999999998]"
2,6,low,20270622,20262626,"[7.6000000000000005, 3.3000000000000003, 1.3457580403022915]","[13.3, 28.200000000000003, 1.3457580403022915]",True,,0.252277135848999,257,25.875547124707083,True,True,,4,5,"[1.2000000000000002, 5.4, 6.000000000000001, 8.0]"
2,7,low,20270622,20262627,"[2.7, 8.0, 1.2533375915402656]","[7.300000000000001, 22.0, 1.2533375915402656]",True,,0.1701960563659668,36,15.1033002224526,True,True,,1,2,[8.0]
2,8,low,20270622,20262628,"[3.7, 3.5, 0.6067309026689623]","[25.6, 18.7, 0.6067309026689623]",True,,0.15048003196716309,1,26.658019431308098,True,True,,3,4,"[8.0, 8.0, 8.0]"
2,9,low,20270622,20262629,"[8.9, 1.6, 0.9664017489393237]","[21.400000000000002, 19.700000000000003, 0.9664017489393237]",True,,1.7495198249816895,2617,22.664429805873304,True,True,,3,4,"[7.6000000000000005, 4.000000000000001, 8.0]"
3,0,low,20270623,20263620,"[25.5, 6.800000000000001, 2.2286849319771065]","[18.7, 15.600000000000001, 2.2286849319771065]",True,,0.15066862106323242,1,11.121151019566277,True,True,,1,2,[8.0]
3,1,low,20270623,20263621,"[10.700000000000001, 10.9, 0.9718850650646651]","[19.3, 23.5, 0.9718850650646651]",True,,0.21427106857299805,113,15.988627949757436,True,True,,2,3,"[6.4, 8.0]"
3,2,low,20270623,20263622,"[24.700000000000003, 16.8, -2.616796881939686]","[15.200000000000001, 11.3, -2.616796881939686]",True,,0.14648199081420898,1,10.977249200050077,True,True,,1,2,[8.0]
3,3,low,20270623,20263623,"[8.4, 14.200000000000001, -1.3714590218125726]","[10.4, 4.3, -1.3714590218125726]",True,,0.21369028091430664,129,10.523933065667471,True,True,,1,2,[6.6000000000000005]
3,4,low,20270623,20263624,"[10.5, 6.7, 0.7564673309836706]","[26.5, 21.8, 0.7564673309836706]",True,,0.9729001522064209,1289,22.136955509014822,True,True,,3,4,"[8.0, 6.0, 8.0]"
3,5,low,20270623,20263625,"[11.0, 13.4, 0.8960553845713441]","[16.2, 19.900000000000002, 0.8960553845713441]",True,,0.8494431972503662,965,8.56135348004806,True,True,,2,3,"[3.2, 3.2]"
3,6,low,20270623,20263626,"[24.700000000000003, 5.0, -3.0144624580270696]","[11.4, 3.3000000000000003, -3.0144624580270696]",True,,0.7149035930633545,931,13.84247221411076,True,True,,2,3,"[2.4000000000000004, 4.8]"
3,7,low,20270623,20263627,"[1.7000000000000002, 12.700000000000001, 0.7935947011473607]","[13.8, 25.0, 0.7935947011473607]",True,,1.3328273296356201,1797,17.333054085035595,True,True,,2,3,"[6.0, 8.0]"
3,8,low,20270623,20263628,"[24.8, 1.7000000000000002, 1.6007019382016596]","[24.1, 25.1, 1.6007019382016596]",True,,1.398899793624878,1982,23.733270586425224,True,True,,3,4,"[1.8, 8.0, 7.199999999999999]"
3,9,low,20270623,20263629,"[11.9, 13.600000000000001, -0.39131027846221117]","[26.200000000000003, 7.7, -0.39131027846221117]",True,,0.15316462516784668,17,15.588755559607785,True,True,,1,2,[8.0]
4,0,low,20270624,20264620,"[14.8, 11.9, 0.7311877639227847]","[21.6, 18.0, 0.7311877639227847]",True,,0.1532115936279297,7,9.227668582332619,True,True,,1,2,[2.8000000000000003]
4,1,low,20270624,20264621,"[15.4, 5.6000000000000005, 0.8621700546672263]","[23.200000000000003, 14.700000000000001, 0.8621700546672263]",True,,0.806891918182373,1065,12.096410574742857,True,False,short_progress,0,0,[]
4,2,low,20270624,20264622,"[17.1, 4.2, 1.7713168764723108]","[14.600000000000001, 16.5, 1.7713168764723108]",True,,0.14739370346069336,1,12.551493934986386,True,True,,1,2,[8.0]
4,3,low,20270624,20264623,"[12.200000000000001, 9.5, 0.9034901918165422]","[25.200000000000003, 26.0, 0.9034901918165422]",True,,1.1731007099151611,1465,21.39400839327523,True,True,,2,3,"[8.0, 7.600000000000001]"
4,4,low,20270624,20264624,"[24.400000000000002, 2.8000000000000003, 1.6118691053853509]","[23.8, 17.400000000000002, 1.6118691053853509]",True,,0.5561199188232422,641,14.677894871748018,True,True,,2,3,"[6.6000000000000005, 8.0]"
4,5,low,20270624,20264625,"[14.600000000000001, 1.2000000000000002, 1.1391013094785702]","[22.8, 19.0, 1.1391013094785702]",True,,0.3077242374420166,274,20.47576373419843,True,True,,2,3,"[8.0, 8.400000000000002]"
4,6,low,20270624,20264626,"[26.5, 17.0, 2.8517461636781736]","[3.7, 23.8, 2.8517461636781736]",True,,0.34284377098083496,337,24.155071263723027,True,True,,3,4,"[8.0, 7.600000000000001, 1.8000000000000007]"
4,7,low,20270624,20264627,"[16.400000000000002, 4.2, 1.4012081668927088]","[18.900000000000002, 18.8, 1.4012081668927088]",True,,0.16223692893981934,25,14.86569781478996,True,True,,2,3,"[6.4, 8.0]"
4,8,low,20270624,20264628,"[20.700000000000003, 5.800000000000001, 1.4855760958227675]","[22.400000000000002, 25.700000000000003, 1.4855760958227675]",True,,1.63917875289917,3361,20.490808035936872,True,True,,4,5,"[1.6, 2.8000000000000003, 4.6, 8.0]"
4,9,low,20270624,20264629,"[6.1000000000000005, 26.6, -1.8592910446277235]","[1.5, 11.100000000000001, -1.8592910446277235]",True,,1.3171322345733643,1543,16.81951946471227,True,True,,2,3,"[8.0, 6.4]"
5,0,low,20270625,20265620,"[9.200000000000001, 1.3, 1.5778384639032088]","[9.1, 15.5, 1.5778384639032088]",True,,0.6016802787780762,637,14.251246305054273,True,True,,1,2,[7.4]
5,1,low,20270625,20265621,"[18.2, 12.8, 2.1797539464314046]","[12.9, 20.400000000000002, 2.1797539464314046]",True,,0.14574646949768066,1,9.265527507918803,True,True,,1,2,[8.0]
5,2,low,20270625,20265622,"[1.0, 6.9, 1.602232508151171]","[0.5, 22.8, 1.602232508151171]",True,,0.14368462562561035,1,15.907859692617357,True,True,,1,2,[8.0]
5,3,low,20270625,20265623,"[24.900000000000002, 7.5, 2.946728733900921]","[9.700000000000001, 10.5, 2.946728733900921]",True,,0.5573451519012451,457,16.52594715651272,True,True,,3,4,"[1.4000000000000001, 7.800000000000001, 5.799999999999999]"
5,4,low,20270625,20265624,"[26.700000000000003, 6.6000000000000005, 2.4493184381145703]","[2.7, 26.5, 2.4493184381145703]",True,,0.7212238311767578,1513,31.692619490775506,True,True,,4,5,"[8.0, 7.0, 8.0, 8.0]"
5,5,low,20270625,20265625,"[15.8, 17.900000000000002, 2.5131928778593693]","[0.8, 28.8, 2.5131928778593693]",True,,0.14524412155151367,1,18.542114226808117,True,True,,2,3,"[8.0, 8.0]"
5,6,low,20270625,20265626,"[20.1, 18.900000000000002, -2.0344439357957027]","[11.700000000000001, 2.1, -2.0344439357957027]",True,,1.6370975971221924,1777,19.753257194864425,True,True,,4,5,"[8.0, 3.6000000000000014, 6.399999999999999, 1.4000000000000021]"
5,7,low,20270625,20265627,"[6.2, 13.600000000000001, 0.6783174648850627]","[23.200000000000003, 27.3, 0.6783174648850627]",True,,0.26955366134643555,297,22.117675319060464,True,False,no_reachable_candidate,0,0,[]
5,8,low,20270625,20265628,"[4.1000000000000005, 7.5, 1.6348113046292407]","[3.1, 23.1, 1.6348113046292407]",True,,0.5437154769897461,517,15.736629682501839,True,True,,3,4,"[8.0, 1.8000000000000007, 3.8000000000000007]"
5,9,low,20270625,20265629,"[15.600000000000001, 25.0, -0.49856790563821785]","[24.6, 20.1, -0.49856790563821785]",True,,0.14300966262817383,1,10.247438704378768,True,True,,1,2,[8.0]
6,0,low,20270626,20266620,"[5.800000000000001, 24.700000000000003, -0.006493415228225526]","[21.200000000000003, 24.6, -0.006493415228225526]",True,,0.1497023105621338,1,15.400324671902215,True,True,,1,2,[8.0]
6,1,low,20270626,20266621,"[1.4000000000000001, 16.6, -0.2837941092083279]","[15.8, 12.4, -0.2837941092083279]",True,,0.32909655570983887,241,15.505470212500462,True,True,,3,4,"[8.0, 3.4000000000000004, 3.5999999999999996]"
6,2,low,20270626,20266622,"[1.8, 12.8, 0.38865434494288104]","[25.0, 22.3, 0.38865434494288104]",True,,0.25299501419067383,209,25.65879099692307,True,True,,3,4,"[8.0, 2.4000000000000004, 8.000000000000002]"
6,3,low,20270626,20266623,"[9.700000000000001, 15.5, -0.6781193077490454]","[16.900000000000002, 9.700000000000001, -0.6781193077490454]",True,,0.18999171257019043,92,9.588764493327583,True,True,,1,2,[2.2]
6,4,low,20270626,20266624,"[14.600000000000001, 12.700000000000001, -0.6512873808051723]","[28.900000000000002, 1.8, -0.6512873808051723]",True,,0.14368176460266113,1,17.98054504179448,True,True,,2,3,"[8.0, 8.0]"
6,5,low,20270626,20266625,"[14.0, 28.5, -1.5237296634788857]","[15.3, 0.9, -1.5237296634788857]",True,,2.2717373371124268,3517,27.7746631011415,True,True,,3,4,"[8.0, 7.600000000000001, 8.0]"
6,6,low,20270626,20266626,"[3.3000000000000003, 14.9, 0.16994250454659587]","[20.200000000000003, 17.8, 0.16994250454659587]",True,,0.2678718566894531,163,17.551746234071683,True,True,,2,3,"[7.6000000000000005, 8.2]"
6,7,low,20270626,20266627,"[21.900000000000002, 3.5, 2.6798425755183835]","[0.8, 14.0, 2.6798425755183835]",True,,1.009126901626587,1159,24.557465439029507,True,True,,4,5,"[3.4000000000000004, 8.0, 8.000000000000002, 3.1999999999999993]"
6,8,low,20270626,20266628,"[13.4, 27.700000000000003, -1.501600048176314]","[14.8, 7.5, -1.501600048176314]",False,timeout,2.5019474029541016,2761,0.0,False,False,,0,0,[]
6,9,low,20270626,20266629,"[4.6000000000000005, 20.3, -0.6258168802801429]","[26.6, 4.4, -0.6258168802801429]",False,timeout,2.5001466274261475,2639,0.0,False,False,,0,0,[]
7,0,medium,20270627,20267620,"[19.700000000000003, 4.3, 1.7652764430100023]","[15.8, 24.1, 1.7652764430100023]",True,,0.31810784339904785,265,20.535796887605898,True,True,,4,5,"[1.4000000000000001, 8.0, 4.800000000000001, 5.4]"
7,1,medium,20270627,20267621,"[27.6, 4.4, 2.692204327631606]","[5.0, 15.3, 2.692204327631606]",False,timeout,2.501009225845337,2925,0.0,False,False,,0,0,[]
7,2,medium,20270627,20267622,"[6.9, 22.0, -0.6991925897216694]","[24.5, 7.2, -0.6991925897216694]",False,timeout,2.500257968902588,5199,0.0,False,False,,0,0,[]
7,3,medium,20270627,20267623,"[20.700000000000003, 23.3, -1.9826036321566132]","[13.100000000000001, 5.9, -1.9826036321566132]",True,,0.26894164085388184,235,19.369018060770333,True,False,short_progress,0,0,[]
7,4,medium,20270627,20267624,"[21.200000000000003, 28.900000000000002, -3.0202406530190298]","[4.800000000000001, 26.900000000000002, -3.0202406530190298]",True,,0.2634158134460449,289,17.030894372300782,True,True,,3,4,"[3.0, 2.6000000000000005, 8.0]"
7,5,medium,20270627,20267625,"[26.1, 7.0, 2.7087835939316456]","[10.3, 14.3, 2.7087835939316456]",True,,0.145920991897583,1,17.40488437192273,True,True,,2,3,"[8.0, 8.0]"
7,6,medium,20270627,20267626,"[11.9, 17.0, 0.04594465580811995]","[20.6, 17.400000000000002, 0.04594465580811995]",False,timeout,2.5008673667907715,3179,0.0,False,False,,0,0,[]
7,7,medium,20270627,20267627,"[24.400000000000002, 29.3, -2.487823343289701]","[4.3, 13.9, -2.487823343289701]",False,timeout,2.5000367164611816,5431,0.0,False,False,,0,0,[]
7,8,medium,20270627,20267628,"[11.0, 4.6000000000000005, -0.24497866312686414]","[26.200000000000003, 0.8, -0.24497866312686414]",True,,0.3466508388519287,275,15.968315715959099,True,True,,3,4,"[8.0, 4.4, 2.5999999999999996]"
7,9,medium,20270627,20267629,"[12.600000000000001, 15.9, -2.279422598922567]","[3.0, 4.7, -2.279422598922567]",False,timeout,2.5011534690856934,3347,0.0,False,False,,0,0,[]
8,0,medium,20270628,20268620,"[10.0, 7.4, 0.9949459027968361]","[18.7, 20.8, 0.9949459027968361]",True,,0.2534019947052002,175,16.463641166002503,True,False,short_progress,0,0,[]
8,1,medium,20270628,20268621,"[11.700000000000001, 17.5, -0.8393996637734165]","[22.200000000000003, 5.800000000000001, -0.8393996637734165]",True,,0.1446528434753418,1,15.720687007888683,True,True,,1,2,[8.0]
8,2,medium,20270628,20268622,"[16.1, 25.5, -0.9360001123779085]","[27.0, 10.700000000000001, -0.9360001123779085]",True,,1.9760494232177734,3201,18.643392862932387,True,False,short_progress,0,0,[]
8,3,medium,20270628,20268623,"[6.800000000000001, 1.8, 1.397343342008195]","[10.9, 25.200000000000003, 1.397343342008195]",True,,1.0178196430206299,1413,24.470377988368135,True,True,,4,5,"[8.0, 2.200000000000001, 2.4000000000000004, 8.0]"
8,4,medium,20270628,20268624,"[7.9, 17.8, -1.1160770519739271]","[12.3, 8.8, -1.1160770519739271]",True,,0.1768639087677002,61,10.30076838345696,True,True,,2,3,"[2.6, 3.4]"
8,5,medium,20270628,20268625,"[19.3, 15.9, -2.80539687608259]","[0.7000000000000001, 9.4, -2.80539687608259]",False,timeout,2.5002920627593994,2818,0.0,False,False,,0,0,[]
8,6,medium,20270628,20268626,"[25.6, 23.400000000000002, -2.2111527918657394]","[10.4, 3.0, -2.2111527918657394]",True,,0.8360190391540527,1337,26.65098794374667,True,False,short_progress,0,0,[]
8,7,medium,20270628,20268627,"[28.0, 22.6, 2.5569913974694667]","[21.200000000000003, 27.1, 2.5569913974694667]",True,,0.14167213439941406,1,8.154140052758473,True,True,,1,2,[8.0]
8,8,medium,20270628,20268628,"[22.900000000000002, 21.8, -2.3714604797391248]","[9.600000000000001, 8.9, -2.3714604797391248]",True,,2.1925697326660156,3633,18.75496011169735,True,True,,3,4,"[7.4, 1.8000000000000007, 7.999999999999998]"
8,9,medium,20270628,20268629,"[6.5, 14.4, 0.49604367836617813]","[23.5, 23.6, 0.49604367836617813]",True,,0.5185117721557617,1128,20.153668005444572,True,True,,3,4,"[4.4, 1.0, 8.200000000000001]"
9,0,medium,20270629,20269620,"[16.2, 17.7, 2.634494149197456]","[7.2, 22.700000000000003, 2.634494149197456]",True,,0.16378307342529297,26,10.529190751946333,True,True,,2,3,"[3.0, 3.2]"
9,1,medium,20270629,20269621,"[1.7000000000000002, 17.1, -0.2734192682750829]","[28.8, 9.5, -0.2734192682750829]",True,,0.33363890647888184,373,28.658379922459513,True,True,,4,5,"[8.0, 5.0, 8.0, 7.0]"
9,2,medium,20270629,20269622,"[11.700000000000001, 11.9, -2.1337472247664033]","[5.2, 1.6, -2.1337472247664033]",True,,0.9296247959136963,825,13.072413397345235,True,True,,2,3,"[7.4, 4.800000000000001]"
9,3,medium,20270629,20269623,"[22.700000000000003, 11.200000000000001, 2.671746776858866]","[3.4000000000000004, 21.0, 2.671746776858866]",True,,0.2563455104827881,193,21.94101643818283,True,True,,3,4,"[4.4, 8.0, 5.6]"
9,4,medium,20270629,20269624,"[2.9000000000000004, 9.9, 0.25732371497108864]","[20.0, 14.4, 0.25732371497108864]",True,,0.19475388526916504,89,17.976458959211786,True,True,,2,3,"[8.200000000000001, 3.799999999999999]"
9,5,medium,20270629,20269625,"[22.3, 25.8, -2.224706948982232]","[3.6, 1.4000000000000001, -2.224706948982232]",False,timeout,2.5005481243133545,4857,0.0,False,False,,0,0,[]
9,6,medium,20270629,20269626,"[12.200000000000001, 1.8, 1.7874202857444845]","[6.5, 27.700000000000003, 1.7874202857444845]",True,,0.271254301071167,232,26.677510357057752,True,True,,3,4,"[6.6000000000000005, 4.8, 8.000000000000002]"
9,7,medium,20270629,20269627,"[28.5, 8.700000000000001, -2.9637173905837164]","[19.6, 7.1000000000000005, -2.9637173905837164]",True,,0.15160655975341797,16,9.081572393010862,True,True,,1,2,[5.6000000000000005]
9,8,medium,20270629,20269628,"[9.4, 25.1, -1.0882830317724197]","[14.9, 14.600000000000001, -1.0882830317724197]",True,,0.15358185768127441,17,12.063368956178712,True,True,,1,2,[4.2]
9,9,medium,20270629,20269629,"[6.7, 3.6, 0.814110896965575]","[25.3, 23.3, 0.814110896965575]",True,,1.2804031372070312,2233,27.281505548816902,True,False,short_progress,0,0,[]
10,0,medium,20270630,20270620,"[27.5, 26.1, -2.1943001016150303]","[12.9, 5.800000000000001, -2.1943001016150303]",False,timeout,2.5000123977661133,4255,0.0,False,False,,0,0,[]
10,1,medium,20270630,20270621,"[27.700000000000003, 0.5, 2.714965160462917]","[12.3, 7.5, 2.714965160462917]",False,timeout,2.5002410411834717,2514,0.0,False,False,,0,0,[]
10,2,medium,20270630,20270622,"[13.3, 25.6, -2.3774678762164063]","[1.3, 14.100000000000001, -2.3774678762164063]",True,,0.4315378665924072,545,16.9383310573237,True,True,,2,3,"[5.2, 8.0]"
10,3,medium,20270630,20270623,"[26.400000000000002, 25.0, -1.9052580609549652]","[21.5, 10.9, -1.9052580609549652]",True,,0.6821784973144531,561,16.18161021432415,True,True,,3,4,"[3.8000000000000003, 8.0, 4.0]"
10,4,medium,20270630,20270624,"[10.9, 28.900000000000002, -1.7429871413178357]","[8.1, 12.8, -1.7429871413178357]",True,,0.1943809986114502,81,16.466953203992883,True,True,,2,3,"[8.0, 5.600000000000001]"
10,5,medium,20270630,20270625,"[5.5, 6.800000000000001, 0.9125768696810034]","[18.8, 24.0, 0.9125768696810034]",True,,2.2637789249420166,4866,22.184685707376925,True,True,,6,7,"[6.2, 1.2000000000000002, 1.4000000000000004, 3.1999999999999993, 2.4000000000000004, 6.4]"
10,6,medium,20270630,20270626,"[17.5, 29.0, -1.3839761658643006]","[20.6, 12.600000000000001, -1.3839761658643006]",True,,0.15812444686889648,17,16.707195604888327,True,True,,2,3,"[8.0, 8.0]"
10,7,medium,20270630,20270627,"[28.400000000000002, 4.7, 1.7156088250338357]","[25.6, 23.900000000000002, 1.7156088250338357]",False,timeout,2.500121831893921,2958,0.0,False,False,,0,0,[]
10,8,medium,20270630,20270628,"[8.9, 26.8, -2.45877434261064]","[1.4000000000000001, 20.700000000000003, -2.45877434261064]",True,,0.16469955444335938,46,9.950316258795574,True,True,,1,2,[2.0]
10,9,medium,20270630,20270629,"[11.700000000000001, 6.0, 1.395402106251474]","[14.5, 21.8, 1.395402106251474]",True,,0.285381555557251,259,16.577368040137213,True,True,,2,3,"[6.4, 3.5999999999999996]"
11,0,medium,20270631,20271620,"[24.900000000000002, 24.200000000000003, -1.8333427285349957]","[20.6, 8.200000000000001, -1.8333427285349957]",True,,0.15757322311401367,17,16.56916201313006,True,True,,2,3,"[8.0, 8.0]"
11,1,medium,20270631,20271621,"[28.900000000000002, 14.8, 2.8416454970928515]","[19.200000000000003, 17.8, 2.8416454970928515]",True,,0.17039847373962402,31,10.387215945303714,True,True,,1,2,[8.0]
11,2,medium,20270631,20271622,"[27.900000000000002, 22.200000000000003, -1.5944605475739697]","[27.5, 5.300000000000001, -1.5944605475739697]",True,,1.5527069568634033,2071,16.972825775642217,True,False,short_progress,0,0,[]
11,3,medium,20270631,20271623,"[27.700000000000003, 4.5, 2.8809902618424523]","[15.700000000000001, 7.7, 2.8809902618424523]",True,,0.2090587615966797,103,12.768230230377743,True,True,,2,3,"[6.4, 4.4]"
11,4,medium,20270631,20271624,"[16.1, 6.9, 1.4477649582124035]","[18.400000000000002, 25.5, 1.4477649582124035]",True,,0.22704863548278809,162,18.81781758245592,True,True,,2,3,"[7.4, 7.0]"
11,5,medium,20270631,20271625,"[8.1, 16.7, 0.8457275489371414]","[15.100000000000001, 24.6, 0.8457275489371414]",True,,0.9739973545074463,1361,10.823768581562328,True,False,short_progress,0,0,[]
11,6,medium,20270631,20271626,"[6.300000000000001, 18.0, 0.7921094720287709]","[13.700000000000001, 25.5, 0.7921094720287709]",True,,0.21729350090026855,103,10.548013965585113,True,True,,1,2,[4.800000000000001]
11,7,medium,20270631,20271627,"[25.8, 29.0, -3.061949269853371]","[4.5, 27.3, -3.061949269853371]",True,,0.21601533889770508,137,21.52995360250303,True,True,,2,3,"[8.0, 8.0]"
11,8,medium,20270631,20271628,"[5.5, 1.0, 0.02246812858582549]","[14.4, 1.2000000000000002, 0.02246812858582549]",True,,0.1403791904449463,1,8.902246907382429,True,True,,1,2,[8.0]
11,9,medium,20270631,20271629,"[9.4, 21.8, 0.1619673519860354]","[24.700000000000003, 24.3, 0.1619673519860354]",True,,0.14278912544250488,1,15.502902953963172,True,True,,1,2,[8.0]
12,0,medium,20270632,20272620,"[21.900000000000002, 22.200000000000003, -1.876923152571062]","[15.8, 2.9000000000000004, -1.876923152571062]",True,,0.5153617858886719,529,20.8618134234186,True,False,short_progress,0,0,[]
12,1,medium,20270632,20272621,"[16.0, 10.0, 2.370827591993686]","[5.6000000000000005, 20.1, 2.370827591993686]",True,,1.641000509262085,1661,14.514152416182624,True,False,short_progress,0,0,[]
12,2,medium,20270632,20272622,"[4.5, 9.0, -0.4915906445236458]","[17.2, 2.2, -0.4915906445236458]",True,,0.16002821922302246,33,14.770558252193323,True,True,,2,3,"[5.4, 8.0]"
12,3,medium,20270632,20272623,"[27.5, 20.1, 3.0913205815920657]","[11.600000000000001, 20.900000000000002, 3.0913205815920657]",False,timeout,2.500411033630371,3050,0.0,False,False,,0,0,[]
12,4,medium,20270632,20272624,"[18.400000000000002, 3.3000000000000003, 2.176891045349892]","[5.300000000000001, 22.200000000000003, 2.176891045349892]",False,timeout,2.5001585483551025,3575,0.0,False,False,,0,0,[]
12,5,medium,20270632,20272625,"[0.6000000000000001, 5.800000000000001, 1.1370543292008535]","[9.4, 24.8, 1.1370543292008535]",False,timeout,2.5001232624053955,2647,0.0,False,False,,0,0,[]
12,6,medium,20270632,20272626,"[22.200000000000003, 15.9, -2.549165300157915]","[11.8, 8.9, -2.549165300157915]",True,,0.143996000289917,1,12.536347155371857,True,True,,1,2,[8.0]
12,7,medium,20270632,20272627,"[5.1000000000000005, 9.200000000000001, 1.1755696670529885]","[11.9, 25.5, 1.1755696670529885]",True,,0.1938157081604004,121,17.937065439361437,True,True,,2,3,"[8.200000000000001, 7.999999999999998]"
12,8,medium,20270632,20272628,"[16.0, 27.5, -2.0011229399174555]","[10.4, 15.3, -2.0011229399174555]",False,timeout,2.5016374588012695,2749,0.0,False,False,,0,0,[]
12,9,medium,20270632,20272629,"[16.1, 9.200000000000001, 0.5595067561108193]","[26.0, 15.4, 0.5595067561108193]",True,,0.15786170959472656,22,12.22781003957632,True,True,,1,2,[6.4]
13,0,medium,20270633,20273620,"[0.9, 1.5, 0.9677086607027529]","[15.5, 22.700000000000003, 0.9677086607027529]",True,,0.902937650680542,934,27.205234715697383,True,True,,6,7,"[1.6, 3.6, 4.8, 2.0, 8.0, 5.800000000000001]"
13,1,medium,20270633,20273621,"[17.2, 12.9, 1.6688416040887357]","[16.0, 25.1, 1.6688416040887357]",True,,0.27362942695617676,232,12.66821154116953,True,True,,3,4,"[2.0, 2.6000000000000005, 8.0]"
13,2,medium,20270633,20273622,"[24.0, 17.2, 2.632708436809819]","[14.5, 22.5, 2.632708436809819]",True,,0.22988271713256836,115,11.157634979407623,True,True,,1,2,[7.4]
13,3,medium,20270633,20273623,"[26.8, 3.0, 2.6368097256079457]","[1.1, 17.2, 2.6368097256079457]",True,,2.4369843006134033,3147,30.43893749318166,True,True,,5,6,"[7.800000000000001, 7.0, 4.199999999999999, 6.800000000000001, 3.8000000000000007]"
13,4,medium,20270633,20273624,"[25.5, 0.6000000000000001, 2.683389636887274]","[3.4000000000000004, 11.5, 2.683389636887274]",True,,2.075641632080078,3169,25.584645962071136,True,True,,4,5,"[8.0, 5.800000000000001, 2.0, 6.600000000000001]"
13,5,medium,20270633,20273625,"[17.6, 29.3, -1.129829138065507]","[27.700000000000003, 7.9, -1.129829138065507]",True,,0.18759751319885254,97,24.84580983787261,True,True,,3,4,"[3.2, 8.0, 8.000000000000002]"
13,6,medium,20270633,20273626,"[2.4000000000000004, 21.1, -0.5513929966817769]","[23.700000000000003, 8.0, -0.5513929966817769]",True,,0.9866342544555664,1377,25.989186355544305,True,True,,4,5,"[4.6000000000000005, 7.3999999999999995, 5.800000000000001, 8.0]"
13,7,medium,20270633,20273627,"[22.400000000000002, 4.9, 2.3670048798664514]","[3.7, 23.200000000000003, 2.3670048798664514]",False,timeout,2.5011584758758545,5617,0.0,False,False,,0,0,[]
13,8,medium,20270633,20273628,"[16.2, 9.600000000000001, 1.0756630633264923]","[21.6, 19.6, 1.0756630633264923]",True,,0.2662804126739502,206,12.24160107692553,True,True,,2,3,"[1.6, 5.200000000000001]"
13,9,medium,20270633,20273629,"[10.8, 24.900000000000002, -0.3217505543966423]","[23.1, 20.8, -0.3217505543966423]",True,,0.14485859870910645,1,12.965338406690357,True,True,,1,2,[8.0]
14,0,high,20270634,20274620,"[24.700000000000003, 10.700000000000001, 2.186847684628125]","[16.7, 22.0, 2.186847684628125]",False,timeout,2.5001909732818604,3749,0.0,False,False,,0,0,[]
14,1,high,20270634,20274621,"[10.4, 14.5, 1.3312970608847376]","[12.5, 23.1, 1.3312970608847376]",True,,0.22319507598876953,125,8.995846639405883,True,False,short_progress,0,0,[]
14,2,high,20270634,20274622,"[23.8, 18.0, -3.005787777748862]","[7.7, 15.8, -3.005787777748862]",True,,2.3758883476257324,2659,16.61084744844082,True,False,short_progress,0,0,[]
14,3,high,20270634,20274623,"[19.0, 6.2, 1.2762987076321675]","[25.400000000000002, 27.3, 1.2762987076321675]",True,,0.15571808815002441,25,22.273185225412746,True,True,,3,4,"[2.4000000000000004, 8.0, 8.000000000000002]"
14,4,high,20270634,20274624,"[28.0, 0.7000000000000001, 2.3105829931934685]","[5.0, 25.900000000000002, 2.3105829931934685]",False,timeout,2.5011324882507324,4761,0.0,False,False,,0,0,[]
14,5,high,20270634,20274625,"[29.1, 20.0, -2.5535900500422257]","[8.700000000000001, 6.4, -2.5535900500422257]",False,timeout,2.5002975463867188,3499,0.0,False,False,,0,0,[]
14,6,high,20270634,20274626,"[25.400000000000002, 9.200000000000001, 1.9109702571194709]","[19.1, 27.0, 1.9109702571194709]",True,,0.9860019683837891,1806,19.642220050729197,True,False,short_progress,0,0,[]
14,7,high,20270634,20274627,"[14.8, 25.6, -1.6083373663931952]","[14.0, 4.3, -1.6083373663931952]",False,timeout,2.500096321105957,5143,0.0,False,False,,0,0,[]
14,8,high,20270634,20274628,"[6.1000000000000005, 14.200000000000001, -0.9051921861502038]","[15.600000000000001, 2.1, -0.9051921861502038]",False,timeout,2.5002670288085938,4208,0.0,False,False,,0,0,[]
14,9,high,20270634,20274629,"[7.0, 20.3, 0.2027316884974741]","[25.0, 24.0, 0.2027316884974741]",True,,0.9248228073120117,1012,18.837879729032817,True,False,short_progress,0,0,[]
15,0,high,20270635,20275620,"[0.9, 26.900000000000002, -0.5023023780979531]","[8.0, 23.0, -0.5023023780979531]",True,,0.14340615272521973,1,8.100617260431456,True,True,,1,2,[8.0]
15,1,high,20270635,20275621,"[28.6, 9.600000000000001, 2.938194764864439]","[12.600000000000001, 12.9, 2.938194764864439]",True,,0.32331395149230957,301,16.824694738267155,True,True,,2,3,"[5.6000000000000005, 5.6000000000000005]"
15,2,high,20270635,20275622,"[10.200000000000001, 5.800000000000001, 1.8244704229335393]","[5.300000000000001, 24.700000000000003, 1.8244704229335393]",True,,0.3302440643310547,283,19.96958471940976,True,False,short_progress,0,0,[]
15,3,high,20270635,20275623,"[16.2, 2.6, 1.3201786256958832]","[19.400000000000002, 15.100000000000001, 1.3201786256958832]",False,timeout,2.500049352645874,3690,0.0,False,False,,0,0,[]
15,4,high,20270635,20275624,"[12.600000000000001, 19.6, -0.7209713239718949]","[25.8, 8.0, -0.7209713239718949]",False,timeout,2.5001659393310547,3146,0.0,False,False,,0,0,[]
15,5,high,20270635,20275625,"[1.2000000000000002, 0.7000000000000001, 0.5423027372156047]","[24.6, 14.8, 0.5423027372156047]",False,timeout,2.500182867050171,4190,0.0,False,False,,0,0,[]
15,6,high,20270635,20275626,"[7.9, 28.5, -1.469259914055029]","[10.600000000000001, 2.0, -1.469259914055029]",True,,0.6222612857818604,993,26.980079059590455,True,False,short_progress,0,0,[]
15,7,high,20270635,20275627,"[13.0, 27.3, -2.408777551803287]","[6.0, 21.0, -2.408777551803287]",True,,0.17766261100769043,66,9.607399603706945,True,True,,2,3,"[1.8, 6.000000000000001]"
15,8,high,20270635,20275628,"[2.7, 13.100000000000001, 0.20401797959254858]","[17.2, 16.1, 0.20401797959254858]",True,,0.38878512382507324,309,15.22488472934548,True,False,short_progress,0,0,[]
15,9,high,20270635,20275629,"[1.9000000000000001, 15.700000000000001, 0.053588490590468676]","[28.0, 17.1, 0.053588490590468676]",False,timeout,2.5025296211242676,4961,0.0,False,False,,0,0,[]
16,0,high,20270636,20276620,"[12.9, 27.8, -0.9143614202543302]","[28.0, 8.200000000000001, -0.9143614202543302]",False,timeout,2.5009946823120117,4804,0.0,False,False,,0,0,[]
16,1,high,20270636,20276621,"[15.9, 3.3000000000000003, 2.044393856188508]","[11.8, 11.3, 2.044393856188508]",True,,0.16691875457763672,37,9.462358584578366,True,True,,1,2,[5.6000000000000005]
16,2,high,20270636,20276622,"[5.9, 19.900000000000002, -0.6947382761967033]","[24.5, 4.4, -0.6947382761967033]",False,timeout,2.5002694129943848,4379,0.0,False,False,,0,0,[]
16,3,high,20270636,20276623,"[28.200000000000003, 15.100000000000001, -2.3086113869153615]","[17.2, 3.0, -2.3086113869153615]",True,,1.6591835021972656,2719,17.28536426287449,True,True,,5,6,"[1.8, 5.800000000000001, 1.6000000000000005, 2.0, 2.5999999999999996]"
16,4,high,20270636,20276624,"[7.1000000000000005, 7.4, 1.142532173918242]","[11.3, 16.6, 1.142532173918242]",False,timeout,2.5002334117889404,2414,0.0,False,False,,0,0,[]
16,5,high,20270636,20276625,"[29.3, 26.0, -2.1034081779113727]","[14.8, 1.4000000000000001, -2.1034081779113727]",True,,1.822465181350708,3265,29.727910921338758,True,False,short_progress,0,0,[]
16,6,high,20270636,20276626,"[3.7, 15.9, 0.26060239174734107]","[15.700000000000001, 19.1, 0.26060239174734107]",True,,0.2969045639038086,247,12.767842635197727,True,True,,3,4,"[4.4, 4.199999999999999, 1.200000000000001]"
16,7,high,20270636,20276627,"[27.200000000000003, 22.200000000000003, -1.592650770278259]","[26.8, 3.9000000000000004, -1.592650770278259]",False,timeout,2.5000855922698975,4439,0.0,False,False,,0,0,[]
16,8,high,20270636,20276628,"[12.100000000000001, 3.5, 0.5253668738153162]","[25.900000000000002, 11.5, 0.5253668738153162]",False,timeout,2.5014710426330566,3857,0.0,False,False,,0,0,[]
16,9,high,20270636,20276629,"[0.8, 8.200000000000001, 0.6836233640626018]","[26.700000000000003, 29.3, 0.6836233640626018]",False,timeout,2.500430107116699,5025,0.0,False,False,,0,0,[]
17,0,high,20270637,20277620,"[23.700000000000003, 9.3, 3.061762667877556]","[6.2, 10.700000000000001, 3.061762667877556]",False,timeout,2.5000393390655518,3602,0.0,False,False,,0,0,[]
17,1,high,20270637,20277621,"[2.0, 23.8, -1.0910950511828355]","[11.0, 6.5, -1.0910950511828355]",True,,0.20657610893249512,113,20.43627444928433,True,True,,3,4,"[4.4, 6.800000000000001, 4.999999999999998]"
17,2,high,20270637,20277622,"[27.5, 7.6000000000000005, 2.0701430484750265]","[20.3, 20.8, 2.0701430484750265]",True,,0.3038210868835449,265,15.592528214433955,True,True,,4,5,"[5.0, 1.0, 2.8000000000000007, 3.4000000000000004]"
17,3,high,20270637,20277623,"[26.200000000000003, 22.0, 3.0262273692738564]","[2.9000000000000004, 24.700000000000003, 3.0262273692738564]",False,timeout,2.5004284381866455,3725,0.0,False,False,,0,0,[]
17,4,high,20270637,20277624,"[21.900000000000002, 1.5, 1.482140444927459]","[23.900000000000002, 24.0, 1.482140444927459]",False,timeout,2.500216484069824,5357,0.0,False,False,,0,0,[]
17,5,high,20270637,20277625,"[17.0, 22.5, -2.150122358493663]","[10.0, 11.8, -2.150122358493663]",True,,0.2064204216003418,121,13.31022909174371,True,True,,3,4,"[3.6, 1.0000000000000004, 8.0]"
17,6,high,20270637,20277626,"[11.700000000000001, 11.9, -0.6265740678511789]","[25.1, 2.2, -0.6265740678511789]",True,,1.1078696250915527,1345,17.066435167394772,True,True,,2,3,"[6.4, 7.6]"
17,7,high,20270637,20277627,"[26.1, 28.0, -2.166351656818058]","[15.8, 12.8, -2.166351656818058]",True,,0.17108750343322754,57,18.99491917333876,True,True,,3,4,"[3.8000000000000003, 6.0, 8.0]"
17,8,high,20270637,20277628,"[14.600000000000001, 10.100000000000001, -0.3285531705514511]","[27.8, 5.6000000000000005, -0.3285531705514511]",False,timeout,2.500365972518921,2853,0.0,False,False,,0,0,[]
17,9,high,20270637,20277629,"[16.5, 23.900000000000002, -1.1341691669813554]","[27.0, 1.4000000000000001, -1.1341691669813554]",False,timeout,2.5003578662872314,3963,0.0,False,False,,0,0,[]
18,0,high,20270638,20278620,"[17.7, 6.300000000000001, 1.4716202851013263]","[19.700000000000003, 26.400000000000002, 1.4716202851013263]",True,,0.1574695110321045,49,20.55952805990309,True,False,short_progress,0,0,[]
18,1,high,20270638,20278621,"[2.5, 8.8, 0.5900330576100076]","[25.200000000000003, 24.0, 0.5900330576100076]",False,timeout,2.5000789165496826,5504,0.0,False,False,,0,0,[]
18,2,high,20270638,20278622,"[1.2000000000000002, 11.9, -0.13517069864900894]","[13.700000000000001, 10.200000000000001, -0.13517069864900894]",True,,0.29691410064697266,241,12.960532411183491,True,True,,1,2,[5.6000000000000005]
18,3,high,20270638,20278623,"[20.0, 18.7, -2.5708297212367555]","[2.4000000000000004, 7.4, -2.5708297212367555]",False,timeout,2.50016188621521,4232,0.0,False,False,,0,0,[]
18,4,high,20270638,20278624,"[5.4, 19.5, -0.8891905038544912]","[14.0, 8.9, -0.8891905038544912]",False,timeout,2.5002281665802,3875,0.0,False,False,,0,0,[]
18,5,high,20270638,20278625,"[26.1, 4.6000000000000005, -2.8530052916957156]","[13.3, 0.8, -2.8530052916957156]",True,,0.149522066116333,9,13.401174145093023,True,True,,1,2,[8.0]
18,6,high,20270638,20278626,"[25.200000000000003, 8.4, 2.917688153459444]","[15.100000000000001, 10.700000000000001, 2.917688153459444]",False,timeout,2.5003204345703125,3536,0.0,False,False,,0,0,[]
18,7,high,20270638,20278627,"[3.6, 13.4, 0.34960712379040176]","[22.8, 20.400000000000002, 0.34960712379040176]",True,,0.2851130962371826,281,21.1160031878337,True,False,short_progress,0,0,[]
18,8,high,20270638,20278628,"[1.7000000000000002, 4.1000000000000005, 0.6871242101414391]","[9.5, 10.5, 0.6871242101414391]",True,,0.7155857086181641,971,10.141099600194433,True,True,,1,2,[3.6]
18,9,high,20270638,20278629,"[8.6, 21.400000000000002, -0.5177185634675087]","[23.700000000000003, 12.8, -0.5177185634675087]",True,,2.2082674503326416,3508,18.242971728723344,True,True,,3,4,"[5.2, 6.2, 4.6]"
19,0,high,20270639,20279620,"[4.7, 1.7000000000000002, 1.5449400214356368]","[5.0, 13.3, 1.5449400214356368]",False,timeout,2.5002825260162354,3196,0.0,False,False,,0,0,[]
19,1,high,20270639,20279621,"[4.9, 16.7, -1.1189824848972414]","[11.5, 3.1, -1.1189824848972414]",False,timeout,2.5006589889526367,2539,0.0,False,False,,0,0,[]
19,2,high,20270639,20279622,"[23.5, 11.8, 1.5469913006098266]","[23.8, 24.400000000000002, 1.5469913006098266]",True,,0.1473405361175537,9,12.644106207340489,True,True,,1,2,[7.2]
19,3,high,20270639,20279623,"[23.900000000000002, 17.2, -1.6035714711989726]","[23.5, 5.0, -1.6035714711989726]",True,,0.9566757678985596,917,12.27744205682154,True,False,short_progress,0,0,[]
19,4,high,20270639,20279624,"[19.8, 1.2000000000000002, 2.8840043183549686]","[1.2000000000000002, 6.1000000000000005, 2.8840043183549686]",True,,0.183882474899292,97,19.548211212433145,True,True,,3,4,"[8.0, 1.0, 8.0]"
19,5,high,20270639,20279625,"[19.700000000000003, 12.700000000000001, 2.402315606206856]","[2.7, 28.200000000000003, 2.402315606206856]",False,timeout,2.500152587890625,4005,0.0,False,False,,0,0,[]
19,6,high,20270639,20279626,"[22.400000000000002, 28.3, -2.105065843101557]","[15.3, 16.3, -2.105065843101557]",True,,1.846315860748291,2110,14.714970760737831,True,True,,2,3,"[5.0, 7.600000000000001]"
19,7,high,20270639,20279627,"[24.200000000000003, 12.3, 2.639290275491841]","[17.1, 16.2, 2.639290275491841]",True,,0.17915582656860352,49,8.556583488312599,True,True,,1,2,[6.0]
19,8,high,20270639,20279628,"[27.8, 4.3, 2.2986664139438364]","[18.8, 14.4, 2.2986664139438364]",True,,0.16900992393493652,33,13.701134864037218,True,True,,2,3,"[1.4000000000000001, 8.0]"
19,9,high,20270639,20279629,"[6.300000000000001, 19.400000000000002, -0.6073623712888242]","[26.3, 5.5, -0.6073623712888242]",False,timeout,2.500366449356079,4377,0.0,False,False,,0,0,[]
