arxiv_id,citation_key,title,authors_short,year,direction_tag,status,source,reason,size_bytes,lines,sections,formulas,pdf_path,md_path
2601.03519,Zhang2026VisionLanguageAction,A Vision-Language-Action Model with Visual Prompt for OFF-Road Autonomous Driving,Liangdong Zhang et al.,2026,O_dense_forest_narrow_passage,success,pymupdf4llm,,33041,321,18,0,/Users/sun/tongbu/study/phdproject/ForestNav/1_survey/papers/pdf/Zhang2026VisionLanguageAction.pdf,/Users/sun/tongbu/study/phdproject/ForestNav/1_survey/papers/md/Zhang2026VisionLanguageAction.md
2601.07434,Guan2026LOONG,LOONG: Online Time-Optimal Autonomous Flight for MAVs in Cluttered Environments,Xin Guan et al.,2026,I_corridor_planning,success,arxiv-e-print,,53014,324,19,157,/Users/sun/tongbu/study/phdproject/ForestNav/1_survey/papers/pdf/Guan2026LOONG.pdf,/Users/sun/tongbu/study/phdproject/ForestNav/1_survey/papers/md/Guan2026LOONG.md
2601.19972,Cai2026Just,Just in time Informed Trees: Manipulability-Aware Asymptotically Optimized Motion Planning,Kuanqi Cai et al.,2026,Q_informed_sampling,success,arxiv-e-print,,60687,365,26,285,/Users/sun/tongbu/study/phdproject/ForestNav/1_survey/papers/pdf/Cai2026Just.pdf,/Users/sun/tongbu/study/phdproject/ForestNav/1_survey/papers/md/Cai2026Just.md
2601.20054,Kfer2026GameTheoretic,Game-Theoretic Autonomous Driving: A Graphs of Convex Sets Approach,Nikolaj Käfer et al.,2026,I_corridor_planning,success,arxiv-e-print,,59501,565,27,472,/Users/sun/tongbu/study/phdproject/ForestNav/1_survey/papers/pdf/Kfer2026GameTheoretic.pdf,/Users/sun/tongbu/study/phdproject/ForestNav/1_survey/papers/md/Kfer2026GameTheoretic.md
2601.21027,Nam2026Trackcentric,Track-centric Iterative Learning for Global Trajectory Optimization in Autonomous Racing,Youngim Nam et al.,2026,L_learning_path_optimization,success,arxiv-e-print,,47547,334,18,235,/Users/sun/tongbu/study/phdproject/ForestNav/1_survey/papers/pdf/Nam2026Trackcentric.pdf,/Users/sun/tongbu/study/phdproject/ForestNav/1_survey/papers/md/Nam2026Trackcentric.md
2602.01085,Chen2026Estimating,Estimating Force Interactions of Deformable Linear Objects from their Shapes,Qi Jing Chen et al.,2026,C_elastic_band,success,arxiv-e-print,,32031,174,19,123,/Users/sun/tongbu/study/phdproject/ForestNav/1_survey/papers/pdf/Chen2026Estimating.pdf,/Users/sun/tongbu/study/phdproject/ForestNav/1_survey/papers/md/Chen2026Estimating.md
2602.01189,Srivastava2026SPOT,SPOT: Spatio-Temporal Obstacle-free Trajectory Planning for UAVs in an Unknown Dynamic Environment,Astik Srivastava et al.,2026,I_corridor_planning,success,arxiv-e-print,,37241,254,21,106,/Users/sun/tongbu/study/phdproject/ForestNav/1_survey/papers/pdf/Srivastava2026SPOT.pdf,/Users/sun/tongbu/study/phdproject/ForestNav/1_survey/papers/md/Srivastava2026SPOT.md
2602.02826,Callens2026Fast,Fast Near Time-Optimal Motion Planning for Holonomic Vehicles in Structured Environments,Louis Callens et al.,2026,I_corridor_planning,success,arxiv-e-print,,80957,486,29,321,/Users/sun/tongbu/study/phdproject/ForestNav/1_survey/papers/pdf/Callens2026Fast.pdf,/Users/sun/tongbu/study/phdproject/ForestNav/1_survey/papers/md/Callens2026Fast.md
2602.09714,GonzalezGarcia2026Fast,Fast Motion Planning for Non-Holonomic Mobile Robots via a Rectangular Corridor Representation of Structured Environments,Alejandro Gonzalez-Garcia et al.,2026,I_corridor_planning,success,arxiv-e-print,,42032,274,24,221,/Users/sun/tongbu/study/phdproject/ForestNav/1_survey/papers/pdf/GonzalezGarcia2026Fast.pdf,/Users/sun/tongbu/study/phdproject/ForestNav/1_survey/papers/md/GonzalezGarcia2026Fast.md
2602.10365,Gorman2026Solving,Solving Geodesic Equations with Composite Bernstein Polynomials for Trajectory Planning,Nick Gorman et al.,2026,A_path_smoothing;K_dubins_reeds_shepp,success,arxiv-e-print,,51684,569,19,237,/Users/sun/tongbu/study/phdproject/ForestNav/1_survey/papers/pdf/Gorman2026Solving.pdf,/Users/sun/tongbu/study/phdproject/ForestNav/1_survey/papers/md/Gorman2026Solving.md
2602.12096,Mishani2026Multi,Multi Graph Search for High-Dimensional Robot Motion Planning,Itamar Mishani et al.,2026,E_bounded_suboptimal_search,success,arxiv-e-print,,64164,393,30,219,/Users/sun/tongbu/study/phdproject/ForestNav/1_survey/papers/pdf/Mishani2026Multi.pdf,/Users/sun/tongbu/study/phdproject/ForestNav/1_survey/papers/md/Mishani2026Multi.md
2602.14726,Deflesselle2026ManeuverNet,ManeuverNet: A Soft Actor-Critic Framework for Precise Maneuvering of Double-Ackermann-Steering Robots with Optimized Reward Functions,Kohio Deflesselle et al.,2026,C_elastic_band,success,arxiv-e-print,,53469,316,18,194,/Users/sun/tongbu/study/phdproject/ForestNav/1_survey/papers/pdf/Deflesselle2026ManeuverNet.pdf,/Users/sun/tongbu/study/phdproject/ForestNav/1_survey/papers/md/Deflesselle2026ManeuverNet.md
2602.19699,Alboni2026CACTOBIC,CACTO-BIC: Scalable Actor-Critic Learning via Biased Sampling and GPU-Accelerated Trajectory Optimization,Elisa Alboni et al.,2026,L_learning_path_optimization,success,arxiv-e-print,,35376,287,20,105,/Users/sun/tongbu/study/phdproject/ForestNav/1_survey/papers/pdf/Alboni2026CACTOBIC.pdf,/Users/sun/tongbu/study/phdproject/ForestNav/1_survey/papers/md/Alboni2026CACTOBIC.md
2602.20225,Feng2026FACTO,FACTO: Function-space Adaptive Constrained Trajectory Optimization for Robotic Manipulators,Yichang Feng et al.,2026,B_trajectory_optimization,success,arxiv-e-print,,130207,1141,80,467,/Users/sun/tongbu/study/phdproject/ForestNav/1_survey/papers/pdf/Feng2026FACTO.pdf,/Users/sun/tongbu/study/phdproject/ForestNav/1_survey/papers/md/Feng2026FACTO.md
2602.21174,Reijgwart2026Efficient,Efficient Hierarchical Any-Angle Path Planning on Multi-Resolution 3D Grids,Victor Reijgwart et al.,2026,H_hierarchical_planning,success,arxiv-e-print,,66174,370,26,332,/Users/sun/tongbu/study/phdproject/ForestNav/1_survey/papers/pdf/Reijgwart2026Efficient.pdf,/Users/sun/tongbu/study/phdproject/ForestNav/1_survey/papers/md/Reijgwart2026Efficient.md
2603.00694,Wang2026WildDrive,Wild-Drive: Off-Road Scene Captioning and Path Planning via Robust Multi-modal Routing and Efficient Large Language Model,Zihang Wang et al.,2026,O_dense_forest_narrow_passage,success,arxiv-e-print,,46634,362,21,99,/Users/sun/tongbu/study/phdproject/ForestNav/1_survey/papers/pdf/Wang2026WildDrive.pdf,/Users/sun/tongbu/study/phdproject/ForestNav/1_survey/papers/md/Wang2026WildDrive.md
2603.04284,Zacharia2026OmniPlanner,OmniPlanner: Universal Exploration and Inspection Path Planning across Robot Morphologies,Angelos Zacharia et al.,2026,J_homotopy_topology,success,arxiv-e-print,,137193,719,48,645,/Users/sun/tongbu/study/phdproject/ForestNav/1_survey/papers/pdf/Zacharia2026OmniPlanner.pdf,/Users/sun/tongbu/study/phdproject/ForestNav/1_survey/papers/md/Zacharia2026OmniPlanner.md
2603.04463,Soleymanzadeh2026GAIDE,GAIDE: Graph-based Attention Masking for Spatial- and Embodiment-aware Motion Planning,Davood Soleymanzadeh et al.,2026,N_path_repair,success,arxiv-e-print,,32039,255,16,80,/Users/sun/tongbu/study/phdproject/ForestNav/1_survey/papers/pdf/Soleymanzadeh2026GAIDE.pdf,/Users/sun/tongbu/study/phdproject/ForestNav/1_survey/papers/md/Soleymanzadeh2026GAIDE.md
2603.04547,Belmont2026ManyRRT,Many-RRT*: Robust Joint-Space Trajectory Planning for Serial Manipulators,Theodore M. Belmont et al.,2026,D_asymptotically_optimal_sampling,success,arxiv-e-print,,41970,282,6,238,/Users/sun/tongbu/study/phdproject/ForestNav/1_survey/papers/pdf/Belmont2026ManyRRT.pdf,/Users/sun/tongbu/study/phdproject/ForestNav/1_survey/papers/md/Belmont2026ManyRRT.md
2603.06924,Kim2026LIPP,LIPP: Load-Aware Informative Path Planning with Physical Sampling,Hojune Kim et al.,2026,J_homotopy_topology,success,arxiv-e-print,,43644,366,15,211,/Users/sun/tongbu/study/phdproject/ForestNav/1_survey/papers/pdf/Kim2026LIPP.pdf,/Users/sun/tongbu/study/phdproject/ForestNav/1_survey/papers/md/Kim2026LIPP.md
2603.09031,Batool2026ImpedanceDiffusion,ImpedanceDiffusion: Diffusion-Based Global Path Planning for UAV Swarm Navigation with Generative Impedance Control,Faryal Batool et al.,2026,L_learning_path_optimization,success,arxiv-e-print,,38458,381,28,85,/Users/sun/tongbu/study/phdproject/ForestNav/1_survey/papers/pdf/Batool2026ImpedanceDiffusion.pdf,/Users/sun/tongbu/study/phdproject/ForestNav/1_survey/papers/md/Batool2026ImpedanceDiffusion.md
2603.11074,Feng2026DRAFTO,DRAFTO: Decoupled Reduced-space and Adaptive Feasibility-repair Trajectory Optimization for Robotic Manipulators,Yichang Feng et al.,2026,B_trajectory_optimization,success,arxiv-e-print,,53556,533,40,165,/Users/sun/tongbu/study/phdproject/ForestNav/1_survey/papers/pdf/Feng2026DRAFTO.pdf,/Users/sun/tongbu/study/phdproject/ForestNav/1_survey/papers/md/Feng2026DRAFTO.md
2603.11658,Reinerth2026Coupling,"Coupling Tensor Trains with Graph of Convex Sets: Effective Compression, Exploration, and Planning in the C-Space",Gerhard Reinerth et al.,2026,I_corridor_planning,success,pymupdf4llm,,45688,462,20,0,/Users/sun/tongbu/study/phdproject/ForestNav/1_survey/papers/pdf/Reinerth2026Coupling.pdf,/Users/sun/tongbu/study/phdproject/ForestNav/1_survey/papers/md/Reinerth2026Coupling.md
2603.12361,Xie2026GNNDIP,GNN-DIP: Neural Corridor Selection for Decomposition-Based Motion Planning,Peng Xie et al.,2026,I_corridor_planning,success,arxiv-e-print,,45858,423,37,281,/Users/sun/tongbu/study/phdproject/ForestNav/1_survey/papers/pdf/Xie2026GNNDIP.pdf,/Users/sun/tongbu/study/phdproject/ForestNav/1_survey/papers/md/Xie2026GNNDIP.md
2603.13748,Rustagi2026MultiRobot,Multi-Robot Coordination for Planning under Context Uncertainty,Pulkit Rustagi et al.,2026,G_subgoal_optimization,success,pymupdf4llm,,45199,313,16,0,/Users/sun/tongbu/study/phdproject/ForestNav/1_survey/papers/pdf/Rustagi2026MultiRobot.pdf,/Users/sun/tongbu/study/phdproject/ForestNav/1_survey/papers/md/Rustagi2026MultiRobot.md
2603.21880,Bhat2026Optimal,Optimal Solutions for the Moving Target Vehicle Routing Problem with Obstacles via Lazy Branch and Price,Anoop Bhat et al.,2026,I_corridor_planning,success,pymupdf4llm,,52579,413,26,0,/Users/sun/tongbu/study/phdproject/ForestNav/1_survey/papers/pdf/Bhat2026Optimal.pdf,/Users/sun/tongbu/study/phdproject/ForestNav/1_survey/papers/md/Bhat2026Optimal.md
2603.22508,Mao2026Parallel,Parallel OctoMapping: A Scalable Framework for Enhanced Path Planning in Autonomous Navigation,Yihui Mao et al.,2026,H_hierarchical_planning,success,pymupdf4llm,,86228,766,33,0,/Users/sun/tongbu/study/phdproject/ForestNav/1_survey/papers/pdf/Mao2026Parallel.pdf,/Users/sun/tongbu/study/phdproject/ForestNav/1_survey/papers/md/Mao2026Parallel.md
2603.26684,Salanova2026Decoupling,Decoupling Geometric Planning and Execution in Scalable Multi-Agent Path Finding,Fernando Salanova et al.,2026,H_hierarchical_planning,success,arxiv-e-print,,37221,281,8,210,/Users/sun/tongbu/study/phdproject/ForestNav/1_survey/papers/pdf/Salanova2026Decoupling.pdf,/Users/sun/tongbu/study/phdproject/ForestNav/1_survey/papers/md/Salanova2026Decoupling.md
2603.26696,Tian2026Topological,Topological Motion Planning Diffusion: Generative Tangle-Free Path Planning for Tethered Robots in Obstacle-Rich Environments,Yifu Tian et al.,2026,J_homotopy_topology;L_learning_path_optimization,success,arxiv-e-print,,43616,300,18,263,/Users/sun/tongbu/study/phdproject/ForestNav/1_survey/papers/pdf/Tian2026Topological.pdf,/Users/sun/tongbu/study/phdproject/ForestNav/1_survey/papers/md/Tian2026Topological.md
2604.02821,Liu2026GoalConditioned,Goal-Conditioned Neural ODEs with Guaranteed Safety and Stability for Learning-Based All-Pairs Motion Planning,Dechuan Liu et al.,2026,I_corridor_planning,success,arxiv-e-print,,50447,474,21,373,/Users/sun/tongbu/study/phdproject/ForestNav/1_survey/papers/pdf/Liu2026GoalConditioned.pdf,/Users/sun/tongbu/study/phdproject/ForestNav/1_survey/papers/md/Liu2026GoalConditioned.md
2604.07599,Kondo2026SANDO,SANDO: Safe Autonomous Trajectory Planning for Dynamic Unknown Environments,Kota Kondo et al.,2026,I_corridor_planning;O_dense_forest_narrow_passage,success,arxiv-e-print,,114814,536,53,572,/Users/sun/tongbu/study/phdproject/ForestNav/1_survey/papers/pdf/Kondo2026SANDO.pdf,/Users/sun/tongbu/study/phdproject/ForestNav/1_survey/papers/md/Kondo2026SANDO.md
2604.10548,Li2026Simple,"Simple but Stable, Fast and Safe: Achieve End-to-end Control by High-Fidelity Differentiable Simulation",Fanxing Li et al.,2026,O_dense_forest_narrow_passage,success,arxiv-e-print,,82846,458,24,169,/Users/sun/tongbu/study/phdproject/ForestNav/1_survey/papers/pdf/Li2026Simple.pdf,/Users/sun/tongbu/study/phdproject/ForestNav/1_survey/papers/md/Li2026Simple.md
2604.15076,Meliani2026NEATNC,NEAT-NC: NEAT guided Navigation Cells for Robot Path Planning,Hibatallah Meliani et al.,2026,J_homotopy_topology,success,arxiv-e-print,,45301,385,9,83,/Users/sun/tongbu/study/phdproject/ForestNav/1_survey/papers/pdf/Meliani2026NEATNC.pdf,/Users/sun/tongbu/study/phdproject/ForestNav/1_survey/papers/md/Meliani2026NEATNC.md
2604.19148,Beaudin2026MultiStep,Multi-Step Gaussian Process Propagation for Adaptive Path Planning,Alex Beaudin et al.,2026,G_subgoal_optimization;Q_informed_sampling,success,arxiv-e-print,,46380,342,18,171,/Users/sun/tongbu/study/phdproject/ForestNav/1_survey/papers/pdf/Beaudin2026MultiStep.pdf,/Users/sun/tongbu/study/phdproject/ForestNav/1_survey/papers/md/Beaudin2026MultiStep.md
2605.01996,Hellander2026Optimized,Optimized and kinematically feasible multi-agent motion planning,Anja Hellander et al.,2026,F_hybrid_astar,success,arxiv-e-print,,48560,405,15,176,/Users/sun/tongbu/study/phdproject/ForestNav/1_survey/papers/pdf/Hellander2026Optimized.pdf,/Users/sun/tongbu/study/phdproject/ForestNav/1_survey/papers/md/Hellander2026Optimized.md
2605.07215,Yu2026PISTO,PISTO: Proximal Inference for Stochastic Trajectory Optimization,Hongzhe Yu et al.,2026,B_trajectory_optimization,success,arxiv-e-print,,36336,340,27,228,/Users/sun/tongbu/study/phdproject/ForestNav/1_survey/papers/pdf/Yu2026PISTO.pdf,/Users/sun/tongbu/study/phdproject/ForestNav/1_survey/papers/md/Yu2026PISTO.md
2605.07370,Lai2026MORPHU,MORPH-U: Multi-Objective Resilient Motion Planning for V2X-Enabled Autonomous Driving in High-Uncertainty Environments via Simulation,Shih-Yu Lai,2026,M_multi_objective_planning,success,arxiv-e-print,,27691,236,28,116,/Users/sun/tongbu/study/phdproject/ForestNav/1_survey/papers/pdf/Lai2026MORPHU.pdf,/Users/sun/tongbu/study/phdproject/ForestNav/1_survey/papers/md/Lai2026MORPHU.md
2605.14199,Wagner2026Motion,Motion Planning for Autonomous Vehicles using Optimization over Graphs of Convex Sets,Matheus Wagner et al.,2026,I_corridor_planning,success,arxiv-e-print,,54922,621,21,244,/Users/sun/tongbu/study/phdproject/ForestNav/1_survey/papers/pdf/Wagner2026Motion.pdf,/Users/sun/tongbu/study/phdproject/ForestNav/1_survey/papers/md/Wagner2026Motion.md
2605.15999,Modi2026Constrained,Constrained MPC-Based Motion Planning for Morphing Quadrotors in Ultra-Narrow Passages under Limited Perception,Harsh Modi et al.,2026,O_dense_forest_narrow_passage,success,arxiv-e-print,,47895,496,20,194,/Users/sun/tongbu/study/phdproject/ForestNav/1_survey/papers/pdf/Modi2026Constrained.pdf,/Users/sun/tongbu/study/phdproject/ForestNav/1_survey/papers/md/Modi2026Constrained.md
2605.16863,Hassidof2026Plan,"Plan First, Diffuse Later: Extrinsic Graph Guidance for Long-Horizon Diffusion Planning",Yaniv Hassidof et al.,2026,L_learning_path_optimization,success,arxiv-e-print,,53112,323,25,202,/Users/sun/tongbu/study/phdproject/ForestNav/1_survey/papers/pdf/Hassidof2026Plan.pdf,/Users/sun/tongbu/study/phdproject/ForestNav/1_survey/papers/md/Hassidof2026Plan.md
2605.18617,Wei2026ManiSoft,ManiSoft: Towards Vision-Language Manipulation for Soft Continuum Robotics,Ziyu Wei et al.,2026,C_elastic_band,success,arxiv-e-print,,50993,411,33,200,/Users/sun/tongbu/study/phdproject/ForestNav/1_survey/papers/pdf/Wei2026ManiSoft.pdf,/Users/sun/tongbu/study/phdproject/ForestNav/1_survey/papers/md/Wei2026ManiSoft.md
2605.19562,Chen2026LearningAccelerated,Learning-Accelerated Optimization-based Trajectory Planning for Cooperative Aerial-Ground Handover Missions,Jingshan Chen et al.,2026,L_learning_path_optimization,success,arxiv-e-print,,36976,268,11,140,/Users/sun/tongbu/study/phdproject/ForestNav/1_survey/papers/pdf/Chen2026LearningAccelerated.pdf,/Users/sun/tongbu/study/phdproject/ForestNav/1_survey/papers/md/Chen2026LearningAccelerated.md
2605.23240,Chen2026Signal,Signal Temporal Logic Motion Planning via Graphs of Convex Sets,Yu Chen et al.,2026,I_corridor_planning,success,arxiv-e-print,,123397,898,25,1193,/Users/sun/tongbu/study/phdproject/ForestNav/1_survey/papers/pdf/Chen2026Signal.pdf,/Users/sun/tongbu/study/phdproject/ForestNav/1_survey/papers/md/Chen2026Signal.md
2605.25010,Cheriet2026Performance,Performance Comparison of Classical and Neural Sampling Algorithms for Robotic Navigation,Hichem Cheriet et al.,2026,L_learning_path_optimization,success,arxiv-e-print,,29725,287,14,152,/Users/sun/tongbu/study/phdproject/ForestNav/1_survey/papers/pdf/Cheriet2026Performance.pdf,/Users/sun/tongbu/study/phdproject/ForestNav/1_survey/papers/md/Cheriet2026Performance.md
2605.28362,Ma2026Accelerating,Accelerating Robot Path Planning via Connectivity-Preserving Region Proposal Network,Zhanzheng Ma et al.,2026,J_homotopy_topology,success,arxiv-e-print,,38878,267,21,74,/Users/sun/tongbu/study/phdproject/ForestNav/1_survey/papers/pdf/Ma2026Accelerating.pdf,/Users/sun/tongbu/study/phdproject/ForestNav/1_survey/papers/md/Ma2026Accelerating.md
2606.02677,Shen2026Motion,Motion Planning in Dynamic Environments: A Survey from Classical to Modern Methods,Zongyuan Shen et al.,2026,R_surveys,success,arxiv-e-print,,148258,740,42,18,/Users/sun/tongbu/study/phdproject/ForestNav/1_survey/papers/pdf/Shen2026Motion.pdf,/Users/sun/tongbu/study/phdproject/ForestNav/1_survey/papers/md/Shen2026Motion.md
2606.03512,Hana2026SPADE,SPADE: Sketch-guided Path Planning Augmented with Diffusion Experts,Charbel Abi Hana et al.,2026,L_learning_path_optimization,success,arxiv-e-print,,43557,234,17,76,/Users/sun/tongbu/study/phdproject/ForestNav/1_survey/papers/pdf/Hana2026SPADE.pdf,/Users/sun/tongbu/study/phdproject/ForestNav/1_survey/papers/md/Hana2026SPADE.md
2606.06041,He2026Sampleefficient,Sample-efficient Low-level Motion Planning for Robotic Manipulation Tasks via Zero-shot Transfer Learning,Yuanzhi He et al.,2026,Q_informed_sampling,success,arxiv-e-print,,29282,186,9,70,/Users/sun/tongbu/study/phdproject/ForestNav/1_survey/papers/pdf/He2026Sampleefficient.pdf,/Users/sun/tongbu/study/phdproject/ForestNav/1_survey/papers/md/He2026Sampleefficient.md
2606.14794,Chen2026Computing,Computing Smooth Geodesics under Two-Sided Curvature Bounds with Applications to Robotics and Image Analysis,Da Chen et al.,2026,A_path_smoothing,success,arxiv-e-print,,83794,442,20,581,/Users/sun/tongbu/study/phdproject/ForestNav/1_survey/papers/pdf/Chen2026Computing.pdf,/Users/sun/tongbu/study/phdproject/ForestNav/1_survey/papers/md/Chen2026Computing.md
2606.16780,Karaf2026DIFFIPPO,DIFF-IPPO: Diffusion-Based Informative Path Planning with Open-Vocabulary Belief Maps,Sausar Karaf et al.,2026,L_learning_path_optimization,success,arxiv-e-print,,36309,488,15,148,/Users/sun/tongbu/study/phdproject/ForestNav/1_survey/papers/pdf/Karaf2026DIFFIPPO.pdf,/Users/sun/tongbu/study/phdproject/ForestNav/1_survey/papers/md/Karaf2026DIFFIPPO.md
2606.18516,Osburn2026Task,"Task Allocation and Motion Planning in Dynamic, Cluttered Environments via CBBA and Graphs of Convex Sets",Matthew D. Osburn et al.,2026,I_corridor_planning,success,arxiv-e-print,,49937,464,12,189,/Users/sun/tongbu/study/phdproject/ForestNav/1_survey/papers/pdf/Osburn2026Task.pdf,/Users/sun/tongbu/study/phdproject/ForestNav/1_survey/papers/md/Osburn2026Task.md
2606.20495,Shamilyan2026Increasing,Increasing Resilience of Continuum Robots via Motion Planning Algorithms,Oxana Shamilyan et al.,2026,J_homotopy_topology,success,pymupdf4llm,,100789,928,31,0,/Users/sun/tongbu/study/phdproject/ForestNav/1_survey/papers/pdf/Shamilyan2026Increasing.pdf,/Users/sun/tongbu/study/phdproject/ForestNav/1_survey/papers/md/Shamilyan2026Increasing.md
2606.22838,Choi2026FPAS,FPAS: Frontier-Based Path Planning with Adaptive Sampling for Large-Scale Unknown Environments,Jinwoo Choi et al.,2026,Q_informed_sampling,success,arxiv-e-print,,33198,304,12,73,/Users/sun/tongbu/study/phdproject/ForestNav/1_survey/papers/pdf/Choi2026FPAS.pdf,/Users/sun/tongbu/study/phdproject/ForestNav/1_survey/papers/md/Choi2026FPAS.md
2501.06904,Atas2025Simulation,From Simulation to Field: Learning Terrain Traversability for Real-World Deployment,Fetullah Atas et al.,2025,O_dense_forest_narrow_passage,success,arxiv-e-print,,67441,494,21,38,/Users/sun/tongbu/study/phdproject/ForestNav/1_survey/papers/pdf/Atas2025Simulation.pdf,/Users/sun/tongbu/study/phdproject/ForestNav/1_survey/papers/md/Atas2025Simulation.md
2501.07343,Kachavarapu2025FastRevisit,Fast-Revisit Coverage Path Planning for Autonomous Mobile Patrol Robots Using Long-Range Sensor Information,Srinivas Kachavarapu et al.,2025,G_subgoal_optimization,success,pymupdf4llm,,38195,365,19,0,/Users/sun/tongbu/study/phdproject/ForestNav/1_survey/papers/pdf/Kachavarapu2025FastRevisit.pdf,/Users/sun/tongbu/study/phdproject/ForestNav/1_survey/papers/md/Kachavarapu2025FastRevisit.md
2502.00114,Tan2025Mobile,Mobile Robot Navigation Using Hand-Drawn Maps: A Vision Language Model Approach,Aaron Hao Tan et al.,2025,G_subgoal_optimization,success,pymupdf4llm,,48074,390,21,2,/Users/sun/tongbu/study/phdproject/ForestNav/1_survey/papers/pdf/Tan2025Mobile.pdf,/Users/sun/tongbu/study/phdproject/ForestNav/1_survey/papers/md/Tan2025Mobile.md
2502.01987,Ruetz2025Online,"Online Adaptive Traversability Estimation through Interaction for Unstructured, Densely Vegetated Environments",Fabio A. Ruetz et al.,2025,O_dense_forest_narrow_passage,success,arxiv-e-print,,94481,464,36,130,/Users/sun/tongbu/study/phdproject/ForestNav/1_survey/papers/pdf/Ruetz2025Online.pdf,/Users/sun/tongbu/study/phdproject/ForestNav/1_survey/papers/md/Ruetz2025Online.md
2502.05462,Patra2025Motion,Motion Planning of Cooperative Nonholonomic Mobile Manipulators,Keshab Patra et al.,2025,N_path_repair;P_nonholonomic_constraints,success,pymupdf4llm,,58925,600,25,0,/Users/sun/tongbu/study/phdproject/ForestNav/1_survey/papers/pdf/Patra2025Motion.pdf,/Users/sun/tongbu/study/phdproject/ForestNav/1_survey/papers/md/Patra2025Motion.md
2502.08697,Li2025Bilevel,Bilevel Learning for Bilevel Planning,Bowen Li et al.,2025,L_learning_path_optimization,success,arxiv-e-print,,107884,695,31,555,/Users/sun/tongbu/study/phdproject/ForestNav/1_survey/papers/pdf/Li2025Bilevel.pdf,/Users/sun/tongbu/study/phdproject/ForestNav/1_survey/papers/md/Li2025Bilevel.md
2502.09556,Silveira2025RealTime,Real-Time Fast Marching Tree for Mobile Robot Motion Planning in Dynamic Environments,Jefferson Silveira et al.,2025,D_asymptotically_optimal_sampling,success,arxiv-e-print,,36123,204,11,65,/Users/sun/tongbu/study/phdproject/ForestNav/1_survey/papers/pdf/Silveira2025RealTime.pdf,/Users/sun/tongbu/study/phdproject/ForestNav/1_survey/papers/md/Silveira2025RealTime.md
2502.15961,Moon2025IATIGRIS,IA-TIGRIS: An Incremental and Adaptive Sampling-Based Planner for Online Informative Path Planning,Brady Moon et al.,2025,Q_informed_sampling,success,arxiv-e-print,,103811,598,40,308,/Users/sun/tongbu/study/phdproject/ForestNav/1_survey/papers/pdf/Moon2025IATIGRIS.pdf,/Users/sun/tongbu/study/phdproject/ForestNav/1_survey/papers/md/Moon2025IATIGRIS.md
2502.16932,Xue2025DemoGen,DemoGen: Synthetic Demonstration Generation for Data-Efficient Visuomotor Policy Learning,Zhengrong Xue et al.,2025,C_elastic_band,success,arxiv-e-print,,73072,432,39,153,/Users/sun/tongbu/study/phdproject/ForestNav/1_survey/papers/pdf/Xue2025DemoGen.pdf,/Users/sun/tongbu/study/phdproject/ForestNav/1_survey/papers/md/Xue2025DemoGen.md
2503.00583,Tang2025SpaceTime,Space-Time Graphs of Convex Sets for Multi-Robot Motion Planning,Jingtao Tang et al.,2025,I_corridor_planning,success,arxiv-e-print,,41566,169,14,240,/Users/sun/tongbu/study/phdproject/ForestNav/1_survey/papers/pdf/Tang2025SpaceTime.pdf,/Users/sun/tongbu/study/phdproject/ForestNav/1_survey/papers/md/Tang2025SpaceTime.md
2503.07411,Wang2025PERDPP,PER-DPP Sampling Framework and Its Application in Path Planning,Junzhe Wang,2025,Q_informed_sampling,success,pymupdf4llm,,25504,435,18,0,/Users/sun/tongbu/study/phdproject/ForestNav/1_survey/papers/pdf/Wang2025PERDPP.pdf,/Users/sun/tongbu/study/phdproject/ForestNav/1_survey/papers/md/Wang2025PERDPP.md
2503.13171,Wang2025HybridGen,HybridGen: VLM-Guided Hybrid Planning for Scalable Data Generation of Imitation Learning,Wensheng Wang et al.,2025,L_learning_path_optimization,success,arxiv-e-print,,60350,515,29,184,/Users/sun/tongbu/study/phdproject/ForestNav/1_survey/papers/pdf/Wang2025HybridGen.pdf,/Users/sun/tongbu/study/phdproject/ForestNav/1_survey/papers/md/Wang2025HybridGen.md
2504.03001,Cherenson2025Autonomy,Autonomy Architectures for Safe Planning in Unknown Environments Under Budget Constraints,Daniel M. Cherenson et al.,2025,G_subgoal_optimization,success,pymupdf4llm,,45657,491,9,0,/Users/sun/tongbu/study/phdproject/ForestNav/1_survey/papers/pdf/Cherenson2025Autonomy.pdf,/Users/sun/tongbu/study/phdproject/ForestNav/1_survey/papers/md/Cherenson2025Autonomy.md
2504.04598,Leebron2025B4P,B4P: Simultaneous Grasp and Motion Planning for Object Placement via Parallelized Bidirectional Forests and Path Repair,Benjamin H. Leebron et al.,2025,J_homotopy_topology,success,pymupdf4llm,,40517,379,17,0,/Users/sun/tongbu/study/phdproject/ForestNav/1_survey/papers/pdf/Leebron2025B4P.pdf,/Users/sun/tongbu/study/phdproject/ForestNav/1_survey/papers/md/Leebron2025B4P.md
2504.06596,Ngo2025Overcoming,Overcoming Dynamic Environments: A Hybrid Approach to Motion Planning for Manipulators,Ho Minh Quang Ngo et al.,2025,F_hybrid_astar,success,arxiv-e-print,,82015,580,19,403,/Users/sun/tongbu/study/phdproject/ForestNav/1_survey/papers/pdf/Ngo2025Overcoming.pdf,/Users/sun/tongbu/study/phdproject/ForestNav/1_survey/papers/md/Ngo2025Overcoming.md
2504.12616,Nawaz2025Graphbased,Graph-based Path Planning with Dynamic Obstacle Avoidance for Autonomous Parking,Farhad Nawaz et al.,2025,F_hybrid_astar,success,arxiv-e-print,,46954,307,16,352,/Users/sun/tongbu/study/phdproject/ForestNav/1_survey/papers/pdf/Nawaz2025Graphbased.pdf,/Users/sun/tongbu/study/phdproject/ForestNav/1_survey/papers/md/Nawaz2025Graphbased.md
2504.14680,Bhat2025Complete,A Complete and Bounded-Suboptimal Algorithm for a Moving Target Traveling Salesman Problem with Obstacles in 3D,Anoop Bhat et al.,2025,E_bounded_suboptimal_search;I_corridor_planning,success,arxiv-e-print,,41110,197,16,429,/Users/sun/tongbu/study/phdproject/ForestNav/1_survey/papers/pdf/Bhat2025Complete.pdf,/Users/sun/tongbu/study/phdproject/ForestNav/1_survey/papers/md/Bhat2025Complete.md
2504.16734,Kondo2025DYNUS,DYNUS: Uncertainty-aware Trajectory Planner in Dynamic Unknown Environments,Kota Kondo et al.,2025,O_dense_forest_narrow_passage,success,arxiv-e-print,,100179,738,51,373,/Users/sun/tongbu/study/phdproject/ForestNav/1_survey/papers/pdf/Kondo2025DYNUS.pdf,/Users/sun/tongbu/study/phdproject/ForestNav/1_survey/papers/md/Kondo2025DYNUS.md
2504.18713,Agrawal2025CertifiablyCorrect,Certifiably-Correct Mapping for Safe Navigation Despite Odometry Drift,Devansh R. Agrawal et al.,2025,I_corridor_planning,success,arxiv-e-print,,102387,806,35,487,/Users/sun/tongbu/study/phdproject/ForestNav/1_survey/papers/pdf/Agrawal2025CertifiablyCorrect.pdf,/Users/sun/tongbu/study/phdproject/ForestNav/1_survey/papers/md/Agrawal2025CertifiablyCorrect.md
2504.19072,Yang2025Geometric,Geometric Gait Optimization for Kinodynamic Systems Using a Lie Group Integrator,Yanhao Yang et al.,2025,P_nonholonomic_constraints,success,arxiv-e-print,,74859,677,22,127,/Users/sun/tongbu/study/phdproject/ForestNav/1_survey/papers/pdf/Yang2025Geometric.pdf,/Users/sun/tongbu/study/phdproject/ForestNav/1_survey/papers/md/Yang2025Geometric.md
2505.10542,Wilson2025AORRTC,AORRTC: Almost-Surely Asymptotically Optimal Planning with RRT-Connect,Tyler Wilson et al.,2025,D_asymptotically_optimal_sampling,success,pymupdf4llm,,44676,357,18,0,/Users/sun/tongbu/study/phdproject/ForestNav/1_survey/papers/pdf/Wilson2025AORRTC.pdf,/Users/sun/tongbu/study/phdproject/ForestNav/1_survey/papers/md/Wilson2025AORRTC.md
2505.15157,Sharma2025Cascaded,Cascaded Diffusion Models for Neural Motion Planning,Mohit Sharma et al.,2025,L_learning_path_optimization;N_path_repair,success,arxiv-e-print,,34852,166,11,80,/Users/sun/tongbu/study/phdproject/ForestNav/1_survey/papers/pdf/Sharma2025Cascaded.pdf,/Users/sun/tongbu/study/phdproject/ForestNav/1_survey/papers/md/Sharma2025Cascaded.md
2505.21968,Ryu2025Enhanced,Enhanced SIRRT*: A Structure-Aware RRT* for 2D Path Planning with Hybrid Smoothing and Bidirectional Rewiring,Hyejeong Ryu,2025,F_hybrid_astar,success,arxiv-e-print,,34686,263,14,100,/Users/sun/tongbu/study/phdproject/ForestNav/1_survey/papers/pdf/Ryu2025Enhanced.pdf,/Users/sun/tongbu/study/phdproject/ForestNav/1_survey/papers/md/Ryu2025Enhanced.md
2505.24339,Kim2025Imitation,Imitation Learning-Based Path Generation for the Complex Assembly of Deformable Objects,Yitaek Kim et al.,2025,L_learning_path_optimization,success,arxiv-e-print,,14451,112,14,29,/Users/sun/tongbu/study/phdproject/ForestNav/1_survey/papers/pdf/Kim2025Imitation.pdf,/Users/sun/tongbu/study/phdproject/ForestNav/1_survey/papers/md/Kim2025Imitation.md
2506.00351,Yang2025Recasting,Recasting Classical Motion Planning for Contact-Rich Manipulation,Lin Yang et al.,2025,J_homotopy_topology,success,pymupdf4llm,,69736,1220,33,0,/Users/sun/tongbu/study/phdproject/ForestNav/1_survey/papers/pdf/Yang2025Recasting.pdf,/Users/sun/tongbu/study/phdproject/ForestNav/1_survey/papers/md/Yang2025Recasting.md
2506.04881,Hustiu2025Structural,Structural Integrality in Task Assignment and Path Finding via Total Unimodularity of Petri Net Models,Ioana Hustiu et al.,2025,G_subgoal_optimization,success,arxiv-e-print,,132157,1499,21,1570,/Users/sun/tongbu/study/phdproject/ForestNav/1_survey/papers/pdf/Hustiu2025Structural.pdf,/Users/sun/tongbu/study/phdproject/ForestNav/1_survey/papers/md/Hustiu2025Structural.md
2506.09914,Guo2025Theory,From Theory to Practice: Advancing Multi-Robot Path Planning Algorithms and Applications,Teng Guo,2025,A_path_smoothing,success,arxiv-e-print,,278452,1636,87,1566,/Users/sun/tongbu/study/phdproject/ForestNav/1_survey/papers/pdf/Guo2025Theory.pdf,/Users/sun/tongbu/study/phdproject/ForestNav/1_survey/papers/md/Guo2025Theory.md
2506.11419,Sun2025FocalAD,FocalAD: Local Motion Planning for End-to-End Autonomous Driving,Bin Sun et al.,2025,N_path_repair,success,arxiv-e-print,,43736,300,16,77,/Users/sun/tongbu/study/phdproject/ForestNav/1_survey/papers/pdf/Sun2025FocalAD.pdf,/Users/sun/tongbu/study/phdproject/ForestNav/1_survey/papers/md/Sun2025FocalAD.md
2506.13421,Zheng2025Delayed,Delayed Expansion AGT: Kinodynamic Planning with Application to Tractor-Trailer Parking,Dongliang Zheng et al.,2025,P_nonholonomic_constraints,success,arxiv-e-print,,45287,307,15,246,/Users/sun/tongbu/study/phdproject/ForestNav/1_survey/papers/pdf/Zheng2025Delayed.pdf,/Users/sun/tongbu/study/phdproject/ForestNav/1_survey/papers/md/Zheng2025Delayed.md
2506.16748,Chakravarty2025Scalable,A Scalable Post-Processing Pipeline for Large-Scale Free-Space Multi-Agent Path Planning with PiBT,Arjo Chakravarty et al.,2025,F_hybrid_astar;H_hierarchical_planning,success,arxiv-e-print,,28722,284,12,18,/Users/sun/tongbu/study/phdproject/ForestNav/1_survey/papers/pdf/Chakravarty2025Scalable.pdf,/Users/sun/tongbu/study/phdproject/ForestNav/1_survey/papers/md/Chakravarty2025Scalable.md
2506.20314,Ecker2025Near,Near Time-Optimal Hybrid Motion Planning for Timber Cranes,Marc-Philip Ecker et al.,2025,F_hybrid_astar,success,arxiv-e-print,,44915,299,22,223,/Users/sun/tongbu/study/phdproject/ForestNav/1_survey/papers/pdf/Ecker2025Near.pdf,/Users/sun/tongbu/study/phdproject/ForestNav/1_survey/papers/md/Ecker2025Near.md
2506.22827,Schakkal2025Hierarchical,Hierarchical Vision-Language Planning for Multi-Step Humanoid Manipulation,André Schakkal et al.,2025,N_path_repair,success,arxiv-e-print,,48797,521,36,118,/Users/sun/tongbu/study/phdproject/ForestNav/1_survey/papers/pdf/Schakkal2025Hierarchical.pdf,/Users/sun/tongbu/study/phdproject/ForestNav/1_survey/papers/md/Schakkal2025Hierarchical.md
2507.06605,Wu2025Growing,"Growing Trees with an Agent: Accelerating RRTs with Learned, Multi-Step Episodic Exploration",Xinyu Wu,2025,D_asymptotically_optimal_sampling,success,arxiv-e-print,,38858,324,35,155,/Users/sun/tongbu/study/phdproject/ForestNav/1_survey/papers/pdf/Wu2025Growing.pdf,/Users/sun/tongbu/study/phdproject/ForestNav/1_survey/papers/md/Wu2025Growing.md
2507.09309,Xie2025Informed,Informed Hybrid Zonotope-based Motion Planning Algorithm,Peng Xie et al.,2025,Q_informed_sampling,success,arxiv-e-print,,56404,492,22,382,/Users/sun/tongbu/study/phdproject/ForestNav/1_survey/papers/pdf/Xie2025Informed.pdf,/Users/sun/tongbu/study/phdproject/ForestNav/1_survey/papers/md/Xie2025Informed.md
2507.10284,Margapuri2025Prompt,Prompt Informed Reinforcement Learning for Visual Coverage Path Planning,Venkat Margapuri,2025,L_learning_path_optimization,success,arxiv-e-print,,36169,219,14,120,/Users/sun/tongbu/study/phdproject/ForestNav/1_survey/papers/pdf/Margapuri2025Prompt.pdf,/Users/sun/tongbu/study/phdproject/ForestNav/1_survey/papers/md/Margapuri2025Prompt.md
2507.15469,Nguyen2025Emergence,The Emergence of Deep Reinforcement Learning for Path Planning,Thanh Thi Nguyen et al.,2025,R_surveys,success,arxiv-e-print,,38385,174,12,43,/Users/sun/tongbu/study/phdproject/ForestNav/1_survey/papers/pdf/Nguyen2025Emergence.pdf,/Users/sun/tongbu/study/phdproject/ForestNav/1_survey/papers/md/Nguyen2025Emergence.md
2507.15710,Huang2025Selective,Selective Densification for Rapid Motion Planning in High Dimensions with Narrow Passages,Lu Huang et al.,2025,I_corridor_planning;O_dense_forest_narrow_passage,success,arxiv-e-print,,62860,361,20,378,/Users/sun/tongbu/study/phdproject/ForestNav/1_survey/papers/pdf/Huang2025Selective.pdf,/Users/sun/tongbu/study/phdproject/ForestNav/1_survey/papers/md/Huang2025Selective.md
2507.16233,Lin2025GFMPlanner,GFM-Planner: Perception-Aware Trajectory Planning with Geometric Feature Metric,Yue Lin et al.,2025,G_subgoal_optimization,success,arxiv-e-print,,44481,339,24,247,/Users/sun/tongbu/study/phdproject/ForestNav/1_survey/papers/pdf/Lin2025GFMPlanner.pdf,/Users/sun/tongbu/study/phdproject/ForestNav/1_survey/papers/md/Lin2025GFMPlanner.md
2507.17140,Liu2025MultiObjective,Multi-Objective Trajectory Planning for a Robotic Arm in Curtain Wall Installation,Xiao Liu et al.,2025,M_multi_objective_planning,success,pymupdf4llm,,32948,370,17,0,/Users/sun/tongbu/study/phdproject/ForestNav/1_survey/papers/pdf/Liu2025MultiObjective.pdf,/Users/sun/tongbu/study/phdproject/ForestNav/1_survey/papers/md/Liu2025MultiObjective.md
2507.19831,Khizar2025Feeling,Feeling the Force: A Nuanced Physics-based Traversability Sensor for Navigation in Unstructured Vegetation,Zaar Khizar et al.,2025,O_dense_forest_narrow_passage,success,arxiv-e-print,,29927,251,15,98,/Users/sun/tongbu/study/phdproject/ForestNav/1_survey/papers/pdf/Khizar2025Feeling.pdf,/Users/sun/tongbu/study/phdproject/ForestNav/1_survey/papers/md/Khizar2025Feeling.md
2507.19860,Dong2025Homotopyaware,Homotopy-aware Multi-agent Navigation via Distributed Model Predictive Control,Haoze Dong et al.,2025,J_homotopy_topology,success,arxiv-e-print,,51944,371,28,278,/Users/sun/tongbu/study/phdproject/ForestNav/1_survey/papers/pdf/Dong2025Homotopyaware.pdf,/Users/sun/tongbu/study/phdproject/ForestNav/1_survey/papers/md/Dong2025Homotopyaware.md
2507.23350,Ghorab2025MultiWaypoint,Multi-Waypoint Path Planning and Motion Control for Non-holonomic Mobile Robots in Agricultural Applications,Mahmoud Ghorab et al.,2025,G_subgoal_optimization;K_dubins_reeds_shepp,success,arxiv-e-print,,33552,227,12,103,/Users/sun/tongbu/study/phdproject/ForestNav/1_survey/papers/pdf/Ghorab2025MultiWaypoint.pdf,/Users/sun/tongbu/study/phdproject/ForestNav/1_survey/papers/md/Ghorab2025MultiWaypoint.md
2508.06722,London2025Improved,Improved Obstacle Avoidance for Autonomous Robots with ORCA-FLC,Justin London,2025,C_elastic_band,success,arxiv-e-print,,58338,539,9,196,/Users/sun/tongbu/study/phdproject/ForestNav/1_survey/papers/pdf/London2025Improved.pdf,/Users/sun/tongbu/study/phdproject/ForestNav/1_survey/papers/md/London2025Improved.md
2508.10203,Osburn2025Systematic,Systematic Constraint Formulation and Collision-Free Trajectory Planning Using Space-Time Graphs of Convex Sets,Matthew D. Osburn et al.,2025,I_corridor_planning,success,arxiv-e-print,,69216,530,23,319,/Users/sun/tongbu/study/phdproject/ForestNav/1_survey/papers/pdf/Osburn2025Systematic.pdf,/Users/sun/tongbu/study/phdproject/ForestNav/1_survey/papers/md/Osburn2025Systematic.md
2508.18627,Jiao2025Integration,Integration of Robot and Scene Kinematics for Sequential Mobile Manipulation Planning,Ziyuan Jiao et al.,2025,G_subgoal_optimization,success,pymupdf4llm,,112328,757,36,0,/Users/sun/tongbu/study/phdproject/ForestNav/1_survey/papers/pdf/Jiao2025Integration.pdf,/Users/sun/tongbu/study/phdproject/ForestNav/1_survey/papers/md/Jiao2025Integration.md
2508.20884,Zhang2025Deep,Deep Fuzzy Optimization for Batch-Size and Nearest Neighbors in Optimal Robot Motion Planning,Liding Zhang et al.,2025,L_learning_path_optimization,success,arxiv-e-print,,26881,270,21,164,/Users/sun/tongbu/study/phdproject/ForestNav/1_survey/papers/pdf/Zhang2025Deep.pdf,/Users/sun/tongbu/study/phdproject/ForestNav/1_survey/papers/md/Zhang2025Deep.md
2508.21637,Natarajan2025AMHA,A-MHA*: Anytime Multi-Heuristic A*,Ramkumar Natarajan et al.,2025,E_bounded_suboptimal_search,success,pymupdf4llm,,22609,181,15,0,/Users/sun/tongbu/study/phdproject/ForestNav/1_survey/papers/pdf/Natarajan2025AMHA.pdf,/Users/sun/tongbu/study/phdproject/ForestNav/1_survey/papers/md/Natarajan2025AMHA.md
2509.04950,Ham2025GroundAware,Ground-Aware Octree-A* Hybrid Path Planning for Memory-Efficient 3D Navigation of Ground Vehicles,Byeong-Il Ham et al.,2025,F_hybrid_astar,success,arxiv-e-print,,23637,180,8,55,/Users/sun/tongbu/study/phdproject/ForestNav/1_survey/papers/pdf/Ham2025GroundAware.pdf,/Users/sun/tongbu/study/phdproject/ForestNav/1_survey/papers/md/Ham2025GroundAware.md
2509.05345,Qu2025INF3DP,INF-3DP: Implicit Neural Fields for Collision-Free Multi-Axis 3D Printing,Jiasheng Qu et al.,2025,L_learning_path_optimization,success,arxiv-e-print,,104253,514,35,341,/Users/sun/tongbu/study/phdproject/ForestNav/1_survey/papers/pdf/Qu2025INF3DP.pdf,/Users/sun/tongbu/study/phdproject/ForestNav/1_survey/papers/md/Qu2025INF3DP.md
2509.06115,Bao2025Hybrid,Hybrid A* Path Planning with Multi-Modal Motion Extension for Four-Wheel Steering Mobile Robots,Runjiao Bao et al.,2025,F_hybrid_astar;P_nonholonomic_constraints,success,arxiv-e-print,,31591,255,15,90,/Users/sun/tongbu/study/phdproject/ForestNav/1_survey/papers/pdf/Bao2025Hybrid.pdf,/Users/sun/tongbu/study/phdproject/ForestNav/1_survey/papers/md/Bao2025Hybrid.md
2509.07321,Majhor2025Performance,Performance Characterization of a Point-Cloud-Based Path Planner in Off-Road Terrain,Casey D. Majhor et al.,2025,O_dense_forest_narrow_passage,success,arxiv-e-print,,87557,698,29,175,/Users/sun/tongbu/study/phdproject/ForestNav/1_survey/papers/pdf/Majhor2025Performance.pdf,/Users/sun/tongbu/study/phdproject/ForestNav/1_survey/papers/md/Majhor2025Performance.md
2509.08160,Parimi2025DiffusionGuided,Diffusion-Guided Multi-Arm Motion Planning,Viraj Parimi et al.,2025,H_hierarchical_planning,success,arxiv-e-print,,46136,312,15,232,/Users/sun/tongbu/study/phdproject/ForestNav/1_survey/papers/pdf/Parimi2025DiffusionGuided.pdf,/Users/sun/tongbu/study/phdproject/ForestNav/1_survey/papers/md/Parimi2025DiffusionGuided.md
2509.08521,Nia2025FMT,FMT$^{x}$: An Efficient and Asymptotically Optimal Extension of the Fast Marching Tree for Dynamic Replanning,Soheil Espahbodini Nia,2025,D_asymptotically_optimal_sampling,success,arxiv-e-print,,76914,513,30,400,/Users/sun/tongbu/study/phdproject/ForestNav/1_survey/papers/pdf/Nia2025FMT.pdf,/Users/sun/tongbu/study/phdproject/ForestNav/1_survey/papers/md/Nia2025FMT.md
2509.10349,Lu2025Acetrans,Acetrans: An Autonomous Corridor-Based and Efficient UAV Suspended Transport System,Weiyan Lu et al.,2025,I_corridor_planning,success,arxiv-e-print,,124822,1100,64,431,/Users/sun/tongbu/study/phdproject/ForestNav/1_survey/papers/pdf/Lu2025Acetrans.pdf,/Users/sun/tongbu/study/phdproject/ForestNav/1_survey/papers/md/Lu2025Acetrans.md
2509.11240,Zhang2025CORBPlanner,CORB-Planner: Corridor as Observations for RL Planning in High-Speed Flight,Yechen Zhang et al.,2025,I_corridor_planning,success,arxiv-e-print,,51424,356,22,387,/Users/sun/tongbu/study/phdproject/ForestNav/1_survey/papers/pdf/Zhang2025CORBPlanner.pdf,/Users/sun/tongbu/study/phdproject/ForestNav/1_survey/papers/md/Zhang2025CORBPlanner.md
2509.14460,Ajith2025Learning,Learning Discrete Abstractions for Visual Rearrangement Tasks Using Vision-Guided Graph Coloring,Abhiroop Ajith et al.,2025,G_subgoal_optimization,success,arxiv-e-print,,54402,388,30,306,/Users/sun/tongbu/study/phdproject/ForestNav/1_survey/papers/pdf/Ajith2025Learning.pdf,/Users/sun/tongbu/study/phdproject/ForestNav/1_survey/papers/md/Ajith2025Learning.md
2509.17340,Chen2025AEROMPPI,AERO-MPPI: Anchor-Guided Ensemble Trajectory Optimization for Agile Mapless Drone Navigation,Xin Chen et al.,2025,J_homotopy_topology,success,arxiv-e-print,,43252,414,28,280,/Users/sun/tongbu/study/phdproject/ForestNav/1_survey/papers/pdf/Chen2025AEROMPPI.pdf,/Users/sun/tongbu/study/phdproject/ForestNav/1_survey/papers/md/Chen2025AEROMPPI.md
2509.24143,Kumar2025Novel,A Novel Model for 3D Motion Planning for a Generalized Dubins Vehicle with Pitch and Yaw Rate Constraints,Deepak Prakash Kumar et al.,2025,K_dubins_reeds_shepp,success,pymupdf4llm,,111425,1192,28,0,/Users/sun/tongbu/study/phdproject/ForestNav/1_survey/papers/pdf/Kumar2025Novel.pdf,/Users/sun/tongbu/study/phdproject/ForestNav/1_survey/papers/md/Kumar2025Novel.md
2509.24995,Lee2025Path,Path Diffuser: Diffusion Model for Data-Driven Traffic Simulator,Da Saem Lee et al.,2025,L_learning_path_optimization,success,pymupdf4llm,,45351,410,19,0,/Users/sun/tongbu/study/phdproject/ForestNav/1_survey/papers/pdf/Lee2025Path.pdf,/Users/sun/tongbu/study/phdproject/ForestNav/1_survey/papers/md/Lee2025Path.md
2510.02716,Zeng2025times,A $1000\times$ Faster LLM-enhanced Algorithm For Path Planning in Large-scale Grid Maps,Junlin Zeng et al.,2025,G_subgoal_optimization,success,pymupdf4llm,,42986,373,18,1,/Users/sun/tongbu/study/phdproject/ForestNav/1_survey/papers/pdf/Zeng2025times.pdf,/Users/sun/tongbu/study/phdproject/ForestNav/1_survey/papers/md/Zeng2025times.md
2510.03547,Veil2025ShapeSpace,Shape-Space Graphs: Fast and Collision-Free Path Planning for Soft Robots,Carina Veil et al.,2025,C_elastic_band,success,arxiv-e-print,,39283,235,15,214,/Users/sun/tongbu/study/phdproject/ForestNav/1_survey/papers/pdf/Veil2025ShapeSpace.pdf,/Users/sun/tongbu/study/phdproject/ForestNav/1_survey/papers/md/Veil2025ShapeSpace.md
2510.03948,Jerome2025RealTime,A Real-Time Framework for Intermediate Map Construction and Kinematically Feasible Off-Road Planning Without OSM,Otobong Jerome et al.,2025,O_dense_forest_narrow_passage,success,arxiv-e-print,,62342,487,16,129,/Users/sun/tongbu/study/phdproject/ForestNav/1_survey/papers/pdf/Jerome2025RealTime.pdf,/Users/sun/tongbu/study/phdproject/ForestNav/1_survey/papers/md/Jerome2025RealTime.md
2510.12169,Naik2025Hybrid,Hybrid Terrain-Aware Path Planning: Integrating VD-RRT* Exploration and VD-D* Lite Repair,Akshay Naik et al.,2025,F_hybrid_astar;P_nonholonomic_constraints,success,arxiv-e-print,,38963,307,7,183,/Users/sun/tongbu/study/phdproject/ForestNav/1_survey/papers/pdf/Naik2025Hybrid.pdf,/Users/sun/tongbu/study/phdproject/ForestNav/1_survey/papers/md/Naik2025Hybrid.md
2510.16500,Min2025Advancing,Advancing Off-Road Autonomous Driving: The Large-Scale ORAD-3D Dataset and Comprehensive Benchmarks,Chen Min et al.,2025,O_dense_forest_narrow_passage,success,arxiv-e-print,,30175,368,33,14,/Users/sun/tongbu/study/phdproject/ForestNav/1_survey/papers/pdf/Min2025Advancing.pdf,/Users/sun/tongbu/study/phdproject/ForestNav/1_survey/papers/md/Min2025Advancing.md
2510.19128,Tamizi2025CrossEnvironment,A Cross-Environment and Cross-Embodiment Path Planning Framework via a Conditional Diffusion Model,Mehran Ghafarian Tamizi et al.,2025,L_learning_path_optimization,success,arxiv-e-print,,88367,528,22,305,/Users/sun/tongbu/study/phdproject/ForestNav/1_survey/papers/pdf/Tamizi2025CrossEnvironment.pdf,/Users/sun/tongbu/study/phdproject/ForestNav/1_survey/papers/md/Tamizi2025CrossEnvironment.md
2511.06471,Tang2025GHOST,GHOST: Solving the Traveling Salesman Problem on Graphs of Convex Sets,Jingtao Tang et al.,2025,I_corridor_planning,success,pymupdf4llm,,50698,338,23,0,/Users/sun/tongbu/study/phdproject/ForestNav/1_survey/papers/pdf/Tang2025GHOST.pdf,/Users/sun/tongbu/study/phdproject/ForestNav/1_survey/papers/md/Tang2025GHOST.md
2511.07811,Gupta2025Virtual,Virtual Traffic Lights for Multi-Robot Navigation: Decentralized Planning with Centralized Conflict Resolution,Sagar Gupta et al.,2025,H_hierarchical_planning,success,pymupdf4llm,,25594,229,11,0,/Users/sun/tongbu/study/phdproject/ForestNav/1_survey/papers/pdf/Gupta2025Virtual.pdf,/Users/sun/tongbu/study/phdproject/ForestNav/1_survey/papers/md/Gupta2025Virtual.md
2511.07927,Guvenkaya2025Local,Local Path Planning with Dynamic Obstacle Avoidance in Unstructured Environments,Okan Arif Guvenkaya et al.,2025,G_subgoal_optimization,success,pymupdf4llm,,19401,165,8,0,/Users/sun/tongbu/study/phdproject/ForestNav/1_survey/papers/pdf/Guvenkaya2025Local.pdf,/Users/sun/tongbu/study/phdproject/ForestNav/1_survey/papers/md/Guvenkaya2025Local.md
2511.11043,Nachkov2025Autonomous,Autonomous Vehicle Path Planning by Searching With Differentiable Simulation,Asen Nachkov et al.,2025,L_learning_path_optimization,success,pymupdf4llm,,46920,371,16,0,/Users/sun/tongbu/study/phdproject/ForestNav/1_survey/papers/pdf/Nachkov2025Autonomous.pdf,/Users/sun/tongbu/study/phdproject/ForestNav/1_survey/papers/md/Nachkov2025Autonomous.md
2511.12022,Raorane2025SBAMP,SBAMP: Sampling Based Adaptive Motion Planning,Shreyas Raorane et al.,2025,Q_informed_sampling,success,arxiv-e-print,,20757,234,12,50,/Users/sun/tongbu/study/phdproject/ForestNav/1_survey/papers/pdf/Raorane2025SBAMP.pdf,/Users/sun/tongbu/study/phdproject/ForestNav/1_survey/papers/md/Raorane2025SBAMP.md
2511.12778,Rajagopal2025Nav,DR. Nav: Semantic-Geometric Representations for Proactive Dead-End Recovery and Navigation,Vignesh Rajagopal et al.,2025,O_dense_forest_narrow_passage,success,arxiv-e-print,,36664,256,20,108,/Users/sun/tongbu/study/phdproject/ForestNav/1_survey/papers/pdf/Rajagopal2025Nav.pdf,/Users/sun/tongbu/study/phdproject/ForestNav/1_survey/papers/md/Rajagopal2025Nav.md
2511.13048,Li2025UnidirectionalRoadNetworkBased,Unidirectional-Road-Network-Based Global Path Planning for Cleaning Robots in Semi-Structured Environments,Yong Li et al.,2025,F_hybrid_astar,success,pymupdf4llm,,36735,390,13,0,/Users/sun/tongbu/study/phdproject/ForestNav/1_survey/papers/pdf/Li2025UnidirectionalRoadNetworkBased.pdf,/Users/sun/tongbu/study/phdproject/ForestNav/1_survey/papers/md/Li2025UnidirectionalRoadNetworkBased.md
2511.15414,Feng2025RRTformer,RRT*former: Environment-Aware Sampling-Based Motion Planning using Transformer,Mingyang Feng et al.,2025,D_asymptotically_optimal_sampling,success,arxiv-e-print,,44041,378,17,111,/Users/sun/tongbu/study/phdproject/ForestNav/1_survey/papers/pdf/Feng2025RRTformer.pdf,/Users/sun/tongbu/study/phdproject/ForestNav/1_survey/papers/md/Feng2025RRTformer.md
2511.16844,Kamale2025Abased,A*-based Temporal Logic Path Planning with User Preferences on Relaxed Task Satisfaction,Disha Kamale et al.,2025,E_bounded_suboptimal_search,success,pymupdf4llm,,42029,335,20,0,/Users/sun/tongbu/study/phdproject/ForestNav/1_survey/papers/pdf/Kamale2025Abased.pdf,/Users/sun/tongbu/study/phdproject/ForestNav/1_survey/papers/md/Kamale2025Abased.md
2511.18183,Jia2025OffRoad,Off-Road Navigation via Implicit Neural Representation of Terrain Traversability,Yixuan Jia et al.,2025,O_dense_forest_narrow_passage,success,arxiv-e-print,,87774,478,26,444,/Users/sun/tongbu/study/phdproject/ForestNav/1_survey/papers/pdf/Jia2025OffRoad.pdf,/Users/sun/tongbu/study/phdproject/ForestNav/1_survey/papers/md/Jia2025OffRoad.md
2511.18525,Chopra2025Splatblox,Splatblox: Traversability-Aware Gaussian Splatting for Outdoor Robot Navigation,Samarth Chopra et al.,2025,O_dense_forest_narrow_passage,success,arxiv-e-print,,37894,293,20,47,/Users/sun/tongbu/study/phdproject/ForestNav/1_survey/papers/pdf/Chopra2025Splatblox.pdf,/Users/sun/tongbu/study/phdproject/ForestNav/1_survey/papers/md/Chopra2025Splatblox.md
2511.20050,Li2025Active3D,Active3D: Active High-Fidelity 3D Reconstruction via Hierarchical Uncertainty Quantification,Yan Li et al.,2025,L_learning_path_optimization,success,pymupdf4llm,,62555,671,29,0,/Users/sun/tongbu/study/phdproject/ForestNav/1_survey/papers/pdf/Li2025Active3D.pdf,/Users/sun/tongbu/study/phdproject/ForestNav/1_survey/papers/md/Li2025Active3D.md
2511.20156,Hu2025MapWorld,Map-World: Masked Action planning and Path-Integral World Model for Autonomous Driving,Bin Hu et al.,2025,J_homotopy_topology,success,arxiv-e-print,,44121,382,19,105,/Users/sun/tongbu/study/phdproject/ForestNav/1_survey/papers/pdf/Hu2025MapWorld.pdf,/Users/sun/tongbu/study/phdproject/ForestNav/1_survey/papers/md/Hu2025MapWorld.md
2511.22338,Xiong2025Nonholonomic,Nonholonomic Narrow Dead-End Escape with Deep Reinforcement Learning,Denghan Xiong et al.,2025,P_nonholonomic_constraints,success,pymupdf4llm,,35755,354,27,0,/Users/sun/tongbu/study/phdproject/ForestNav/1_survey/papers/pdf/Xiong2025Nonholonomic.pdf,/Users/sun/tongbu/study/phdproject/ForestNav/1_survey/papers/md/Xiong2025Nonholonomic.md
2512.02535,Lew2025AID,AID: Agent Intent from Diffusion for Multi-Agent Informative Path Planning,Jeric Lew et al.,2025,L_learning_path_optimization,success,arxiv-e-print,,30066,201,27,122,/Users/sun/tongbu/study/phdproject/ForestNav/1_survey/papers/pdf/Lew2025AID.pdf,/Users/sun/tongbu/study/phdproject/ForestNav/1_survey/papers/md/Lew2025AID.md
2512.06754,Rajneesh2025ModelLess,Model-Less Feedback Control of Space-based Continuum Manipulators using Backbone Tension Optimization,Shrreya Rajneesh et al.,2025,C_elastic_band,success,arxiv-e-print,,30885,281,14,100,/Users/sun/tongbu/study/phdproject/ForestNav/1_survey/papers/pdf/Rajneesh2025ModelLess.pdf,/Users/sun/tongbu/study/phdproject/ForestNav/1_survey/papers/md/Rajneesh2025ModelLess.md
2512.10099,Caro2025Push,"Push Smarter, Not Harder: Hierarchical RL-Diffusion Policy for Efficient Nonprehensile Manipulation",Steven Caro et al.,2025,G_subgoal_optimization,success,arxiv-e-print,,40710,287,12,112,/Users/sun/tongbu/study/phdproject/ForestNav/1_survey/papers/pdf/Caro2025Push.pdf,/Users/sun/tongbu/study/phdproject/ForestNav/1_survey/papers/md/Caro2025Push.md
2512.11571,Gimenez2025CrossEntropy,Cross-Entropy Optimization of Physically Grounded Task and Motion Plans,Andreu Matoses Gimenez et al.,2025,Q_informed_sampling,success,arxiv-e-print,,47268,314,19,167,/Users/sun/tongbu/study/phdproject/ForestNav/1_survey/papers/pdf/Gimenez2025CrossEntropy.pdf,/Users/sun/tongbu/study/phdproject/ForestNav/1_survey/papers/md/Gimenez2025CrossEntropy.md
2512.13183,GonzlezCalvin2025Efficient,Efficient Path Generation with Curvature Guarantees by Mollification,Alfredo González-Calvin et al.,2025,A_path_smoothing,success,arxiv-e-print,,97021,789,23,806,/Users/sun/tongbu/study/phdproject/ForestNav/1_survey/papers/pdf/GonzlezCalvin2025Efficient.pdf,/Users/sun/tongbu/study/phdproject/ForestNav/1_survey/papers/md/GonzlezCalvin2025Efficient.md
2401.01439,Viswanath2024OffRoad,Off-Road LiDAR Intensity Based Semantic Segmentation,Kasi Viswanath et al.,2024,O_dense_forest_narrow_passage,success,arxiv-e-print,,17790,167,9,57,/Users/sun/tongbu/study/phdproject/ForestNav/1_survey/papers/pdf/Viswanath2024OffRoad.pdf,/Users/sun/tongbu/study/phdproject/ForestNav/1_survey/papers/md/Viswanath2024OffRoad.md
2401.09819,Meng2024PPNet,PPNet: A Two-Stage Neural Network for End-to-end Path Planning,Qinglong Meng et al.,2024,G_subgoal_optimization,success,arxiv-e-print,,60302,448,22,208,/Users/sun/tongbu/study/phdproject/ForestNav/1_survey/papers/pdf/Meng2024PPNet.pdf,/Users/sun/tongbu/study/phdproject/ForestNav/1_survey/papers/md/Meng2024PPNet.md
2402.00537,Li2024Robust,Robust Path Planning via Learning from Demonstrations for Robotic Catheters in Deformable Environments,Zhen Li et al.,2024,L_learning_path_optimization,success,arxiv-e-print,,71919,440,39,163,/Users/sun/tongbu/study/phdproject/ForestNav/1_survey/papers/pdf/Li2024Robust.pdf,/Users/sun/tongbu/study/phdproject/ForestNav/1_survey/papers/md/Li2024Robust.md
2402.01254,Yu2024Neural,Neural Trajectory Model: Implicit Neural Trajectory Representation for Trajectories Generation,Zihan Yu et al.,2024,L_learning_path_optimization,success,arxiv-e-print,,36075,338,27,113,/Users/sun/tongbu/study/phdproject/ForestNav/1_survey/papers/pdf/Yu2024Neural.pdf,/Users/sun/tongbu/study/phdproject/ForestNav/1_survey/papers/md/Yu2024Neural.md
2402.04730,Beck2024Model,Model Predictive Trajectory Optimization With Dynamically Changing Waypoints for Serial Manipulators,Florian Beck et al.,2024,G_subgoal_optimization,success,arxiv-e-print,,50032,298,13,227,/Users/sun/tongbu/study/phdproject/ForestNav/1_survey/papers/pdf/Beck2024Model.pdf,/Users/sun/tongbu/study/phdproject/ForestNav/1_survey/papers/md/Beck2024Model.md
2402.05421,Wan2024DiffTORI,DiffTORI: Differentiable Trajectory Optimization for Deep Reinforcement and Imitation Learning,Weikang Wan et al.,2024,L_learning_path_optimization,success,arxiv-e-print,,72048,540,29,200,/Users/sun/tongbu/study/phdproject/ForestNav/1_survey/papers/pdf/Wan2024DiffTORI.pdf,/Users/sun/tongbu/study/phdproject/ForestNav/1_survey/papers/md/Wan2024DiffTORI.md
2402.11768,Guo2024Targeted,Targeted Parallelization of Conflict-Based Search for Multi-Robot Path Planning,Teng Guo et al.,2024,E_bounded_suboptimal_search;H_hierarchical_planning,success,arxiv-e-print,,36211,196,11,111,/Users/sun/tongbu/study/phdproject/ForestNav/1_survey/papers/pdf/Guo2024Targeted.pdf,/Users/sun/tongbu/study/phdproject/ForestNav/1_survey/papers/md/Guo2024Targeted.md
2402.12498,Johnson2024Feudal,Feudal Networks for Visual Navigation,Faith Johnson et al.,2024,G_subgoal_optimization,success,arxiv-e-print,,53080,256,23,73,/Users/sun/tongbu/study/phdproject/ForestNav/1_survey/papers/pdf/Johnson2024Feudal.pdf,/Users/sun/tongbu/study/phdproject/ForestNav/1_survey/papers/md/Johnson2024Feudal.md
2402.14933,Huang2024Path,Path Planning based on 2D Object Bounding-box,Yanliang Huang et al.,2024,L_learning_path_optimization,success,arxiv-e-print,,30152,176,15,2,/Users/sun/tongbu/study/phdproject/ForestNav/1_survey/papers/pdf/Huang2024Path.pdf,/Users/sun/tongbu/study/phdproject/ForestNav/1_survey/papers/md/Huang2024Path.md
2403.00988,Ahmed2024Optimal,Optimal Robot Formations: Balancing Range-Based Observability and User-Defined Configurations,Syed Shabbir Ahmed et al.,2024,G_subgoal_optimization,success,arxiv-e-print,,42464,290,13,314,/Users/sun/tongbu/study/phdproject/ForestNav/1_survey/papers/pdf/Ahmed2024Optimal.pdf,/Users/sun/tongbu/study/phdproject/ForestNav/1_survey/papers/md/Ahmed2024Optimal.md
2403.01450,Wen2024CollisionFree,Collision-Free Robot Navigation in Crowded Environments using Learning based Convex Model Predictive Control,Zhuanglei Wen et al.,2024,C_elastic_band,success,arxiv-e-print,,46820,474,19,181,/Users/sun/tongbu/study/phdproject/ForestNav/1_survey/papers/pdf/Wen2024CollisionFree.pdf,/Users/sun/tongbu/study/phdproject/ForestNav/1_survey/papers/md/Wen2024CollisionFree.md
2403.02751,Chen2024SplatNav,Splat-Nav: Safe Real-Time Robot Navigation in Gaussian Splatting Maps,Timothy Chen et al.,2024,I_corridor_planning,success,pymupdf4llm,,108516,872,20,0,/Users/sun/tongbu/study/phdproject/ForestNav/1_survey/papers/pdf/Chen2024SplatNav.pdf,/Users/sun/tongbu/study/phdproject/ForestNav/1_survey/papers/md/Chen2024SplatNav.md
2403.11298,Schmittle2024MultiSample,Multi-Sample Long Range Path Planning under Sensing Uncertainty for Off-Road Autonomous Driving,Matt Schmittle et al.,2024,O_dense_forest_narrow_passage,success,pymupdf4llm,,38725,340,13,0,/Users/sun/tongbu/study/phdproject/ForestNav/1_survey/papers/pdf/Schmittle2024MultiSample.pdf,/Users/sun/tongbu/study/phdproject/ForestNav/1_survey/papers/md/Schmittle2024MultiSample.md
2403.12725,Goldfarb2024Some,Some geometric and topological data-driven methods in robot motion path planning,Boris Goldfarb,2024,J_homotopy_topology;R_surveys,success,arxiv-e-print,,64749,469,15,351,/Users/sun/tongbu/study/phdproject/ForestNav/1_survey/papers/pdf/Goldfarb2024Some.pdf,/Users/sun/tongbu/study/phdproject/ForestNav/1_survey/papers/md/Goldfarb2024Some.md
2403.15369,Yang2024OceanPlan,OceanPlan: Hierarchical Planning and Replanning for Natural Language AUV Piloting in Large-scale Unexplored Ocean Environments,Ruochu Yang et al.,2024,H_hierarchical_planning,success,arxiv-e-print,,35215,241,22,78,/Users/sun/tongbu/study/phdproject/ForestNav/1_survey/papers/pdf/Yang2024OceanPlan.pdf,/Users/sun/tongbu/study/phdproject/ForestNav/1_survey/papers/md/Yang2024OceanPlan.md
2403.16803,Pan2024Exploiting,Exploiting Priors from 3D Diffusion Models for RGB-Based One-Shot View Planning,Sicong Pan et al.,2024,L_learning_path_optimization,success,arxiv-e-print,,38972,231,16,93,/Users/sun/tongbu/study/phdproject/ForestNav/1_survey/papers/pdf/Pan2024Exploiting.pdf,/Users/sun/tongbu/study/phdproject/ForestNav/1_survey/papers/md/Pan2024Exploiting.md
2404.00797,Kaigom2024Metarobotics,"Metarobotics for Industry and Society: Vision, Technologies, and Opportunities",Eric Guiffo Kaigom,2024,R_surveys,success,pymupdf4llm,,81886,463,21,0,/Users/sun/tongbu/study/phdproject/ForestNav/1_survey/papers/pdf/Kaigom2024Metarobotics.pdf,/Users/sun/tongbu/study/phdproject/ForestNav/1_survey/papers/md/Kaigom2024Metarobotics.md
2404.02817,Zhao2024Survey,A Survey of Optimization-based Task and Motion Planning: From Classical To Learning Approaches,Zhigen Zhao et al.,2024,R_surveys,success,arxiv-e-print,,136844,652,36,211,/Users/sun/tongbu/study/phdproject/ForestNav/1_survey/papers/pdf/Zhao2024Survey.pdf,/Users/sun/tongbu/study/phdproject/ForestNav/1_survey/papers/md/Zhao2024Survey.md
2404.05223,Tang2024ITAECBS,ITA-ECBS: A Bounded-Suboptimal Algorithm for the Combined Target-Assignment and Path-Finding Problem,Yimin Tang et al.,2024,E_bounded_suboptimal_search,success,pymupdf4llm,,50656,302,16,4,/Users/sun/tongbu/study/phdproject/ForestNav/1_survey/papers/pdf/Tang2024ITAECBS.pdf,/Users/sun/tongbu/study/phdproject/ForestNav/1_survey/papers/md/Tang2024ITAECBS.md
2404.05581,Dutta2024Design,Design and Simulation of Time-energy Optimal Anti-swing Trajectory Planner for Autonomous Tower Cranes,Souravik Dutta et al.,2024,M_multi_objective_planning,success,arxiv-e-print,,114343,1269,32,456,/Users/sun/tongbu/study/phdproject/ForestNav/1_survey/papers/pdf/Dutta2024Design.pdf,/Users/sun/tongbu/study/phdproject/ForestNav/1_survey/papers/md/Dutta2024Design.md
2404.06974,Liu2024Deep,Deep Reinforcement Learning for Mobile Robot Path Planning,Hao Liu et al.,2024,F_hybrid_astar,success,pymupdf4llm,,28349,320,13,0,/Users/sun/tongbu/study/phdproject/ForestNav/1_survey/papers/pdf/Liu2024Deep.pdf,/Users/sun/tongbu/study/phdproject/ForestNav/1_survey/papers/md/Liu2024Deep.md
2404.16379,Yakovlev2024Optimal,Optimal and Bounded Suboptimal Any-Angle Multi-agent Pathfinding,Konstantin Yakovlev et al.,2024,E_bounded_suboptimal_search,success,arxiv-e-print,,32876,231,15,143,/Users/sun/tongbu/study/phdproject/ForestNav/1_survey/papers/pdf/Yakovlev2024Optimal.pdf,/Users/sun/tongbu/study/phdproject/ForestNav/1_survey/papers/md/Yakovlev2024Optimal.md
2404.18687,Wang2024Socially,Socially Adaptive Path Planning Based on Generative Adversarial Network,Yao Wang et al.,2024,J_homotopy_topology,success,arxiv-e-print,,42460,383,14,181,/Users/sun/tongbu/study/phdproject/ForestNav/1_survey/papers/pdf/Wang2024Socially.pdf,/Users/sun/tongbu/study/phdproject/ForestNav/1_survey/papers/md/Wang2024Socially.md
2405.03411,Kyaw2024Greedy,Greedy Heuristics for Sampling-Based Motion Planning in High-Dimensional State Spaces,Phone Thiha Kyaw et al.,2024,D_asymptotically_optimal_sampling,success,pymupdf4llm,,73242,702,23,0,/Users/sun/tongbu/study/phdproject/ForestNav/1_survey/papers/pdf/Kyaw2024Greedy.pdf,/Users/sun/tongbu/study/phdproject/ForestNav/1_survey/papers/md/Kyaw2024Greedy.md
2405.06290,Dai2024Path,Path Planning and Motion Control for Accurate Positioning of Car-like Robots,Jin Dai et al.,2024,K_dubins_reeds_shepp,failed,none,HTTP Error 404: Not Found,0,0,0,0,/Users/sun/tongbu/study/phdproject/ForestNav/1_survey/papers/pdf/Dai2024Path.pdf,/Users/sun/tongbu/study/phdproject/ForestNav/1_survey/papers/md/Dai2024Path.md
2405.20858,Yang2024CSDO,CSDO: Enhancing Efficiency and Success in Large-Scale Multi-Vehicle Trajectory Planning,Yibin Yang et al.,2024,J_homotopy_topology,success,arxiv-e-print,,46755,519,22,177,/Users/sun/tongbu/study/phdproject/ForestNav/1_survey/papers/pdf/Yang2024CSDO.pdf,/Users/sun/tongbu/study/phdproject/ForestNav/1_survey/papers/md/Yang2024CSDO.md
2406.02858,Yonetani2024TSPDiffuser,TSPDiffuser: Diffusion Models as Learned Samplers for Traveling Salesperson Path Planning Problems,Ryo Yonetani,2024,L_learning_path_optimization,success,arxiv-e-print,,32805,200,25,95,/Users/sun/tongbu/study/phdproject/ForestNav/1_survey/papers/pdf/Yonetani2024TSPDiffuser.pdf,/Users/sun/tongbu/study/phdproject/ForestNav/1_survey/papers/md/Yonetani2024TSPDiffuser.md
2406.02885,Huang2024Homotopic,Homotopic Path Set Planning for Robot Manipulation and Navigation,Jing Huang et al.,2024,J_homotopy_topology,success,pymupdf4llm,,84425,764,22,0,/Users/sun/tongbu/study/phdproject/ForestNav/1_survey/papers/pdf/Huang2024Homotopic.pdf,/Users/sun/tongbu/study/phdproject/ForestNav/1_survey/papers/md/Huang2024Homotopic.md
2406.02916,Tezerjani2024Realtime,Real-time Motion Planning for autonomous vehicles in dynamic environments,Mohammad Dehghani Tezerjani et al.,2024,C_elastic_band,success,arxiv-e-print,,24462,312,16,52,/Users/sun/tongbu/study/phdproject/ForestNav/1_survey/papers/pdf/Tezerjani2024Realtime.pdf,/Users/sun/tongbu/study/phdproject/ForestNav/1_survey/papers/md/Tezerjani2024Realtime.md
2406.05575,Sormoli2024Survey,A Survey on Hybrid Motion Planning Methods for Automated Driving Systems,MReza Alipour Sormoli et al.,2024,R_surveys,success,arxiv-e-print,,105251,398,33,15,/Users/sun/tongbu/study/phdproject/ForestNav/1_survey/papers/pdf/Sormoli2024Survey.pdf,/Users/sun/tongbu/study/phdproject/ForestNav/1_survey/papers/md/Sormoli2024Survey.md
2407.02664,Farajtabar2024path,The path towards contact-based physical human-robot interaction,Mohammad Farajtabar et al.,2024,R_surveys,success,pymupdf4llm,,164851,1262,46,0,/Users/sun/tongbu/study/phdproject/ForestNav/1_survey/papers/pdf/Farajtabar2024path.pdf,/Users/sun/tongbu/study/phdproject/ForestNav/1_survey/papers/md/Farajtabar2024path.md
2407.05300,Wang2024Space,Space Adaptive Search for Nonholonomic Mobile Robots Path Planning,Qi Wang,2024,K_dubins_reeds_shepp,success,arxiv-e-print,,60340,334,11,327,/Users/sun/tongbu/study/phdproject/ForestNav/1_survey/papers/pdf/Wang2024Space.pdf,/Users/sun/tongbu/study/phdproject/ForestNav/1_survey/papers/md/Wang2024Space.md
2407.05979,Plessen2024Smoothing,Smoothing of Headland Path Edges and Headland-to-Mainfield Lane Transitions Based on a Spatial Domain Transformation and Linear Programming,Mogens Plessen,2024,A_path_smoothing,success,arxiv-e-print,,65234,368,11,168,/Users/sun/tongbu/study/phdproject/ForestNav/1_survey/papers/pdf/Plessen2024Smoothing.pdf,/Users/sun/tongbu/study/phdproject/ForestNav/1_survey/papers/md/Plessen2024Smoothing.md
2407.10660,Long2024HPHS,HPHS: Hierarchical Planning based on Hybrid Frontier Sampling for Unknown Environments Exploration,Shijun Long et al.,2024,F_hybrid_astar,success,arxiv-e-print,,34126,267,12,78,/Users/sun/tongbu/study/phdproject/ForestNav/1_survey/papers/pdf/Long2024HPHS.pdf,/Users/sun/tongbu/study/phdproject/ForestNav/1_survey/papers/md/Long2024HPHS.md
2407.17392,Liu2024SamplingBased,Sampling-Based Hierarchical Trajectory Planning for Formation Flight,Qingzhao Liu et al.,2024,I_corridor_planning,success,arxiv-e-print,,58293,420,30,327,/Users/sun/tongbu/study/phdproject/ForestNav/1_survey/papers/pdf/Liu2024SamplingBased.pdf,/Users/sun/tongbu/study/phdproject/ForestNav/1_survey/papers/md/Liu2024SamplingBased.md
2408.03131,Ming2024Stochastic,Stochastic Trajectory Optimization for Robotic Skill Acquisition From a Suboptimal Demonstration,Chenlin Ming et al.,2024,B_trajectory_optimization,success,arxiv-e-print,,41099,231,12,122,/Users/sun/tongbu/study/phdproject/ForestNav/1_survey/papers/pdf/Ming2024Stochastic.pdf,/Users/sun/tongbu/study/phdproject/ForestNav/1_survey/papers/md/Ming2024Stochastic.md
2408.04200,Shi2024Koopman,Koopman Operators in Robot Learning,Lu Shi et al.,2024,R_surveys,success,arxiv-e-print,,135492,657,33,335,/Users/sun/tongbu/study/phdproject/ForestNav/1_survey/papers/pdf/Shi2024Koopman.pdf,/Users/sun/tongbu/study/phdproject/ForestNav/1_survey/papers/md/Shi2024Koopman.md
2408.12831,Soleymanzadeh2024SIMPNet,SIMPNet: Spatial-Informed Motion Planning Network,Davood Soleymanzadeh et al.,2024,Q_informed_sampling,success,arxiv-e-print,,41630,272,15,110,/Users/sun/tongbu/study/phdproject/ForestNav/1_survey/papers/pdf/Soleymanzadeh2024SIMPNet.pdf,/Users/sun/tongbu/study/phdproject/ForestNav/1_survey/papers/md/Soleymanzadeh2024SIMPNet.md
2409.05289,Zhou2024Developing,Developing Path Planning with Behavioral Cloning and Proximal Policy Optimization for Path-Tracking and Static Obstacle Nudging,Mingyan Zhou et al.,2024,G_subgoal_optimization;L_learning_path_optimization,success,arxiv-e-print,,25630,239,15,104,/Users/sun/tongbu/study/phdproject/ForestNav/1_survey/papers/pdf/Zhou2024Developing.pdf,/Users/sun/tongbu/study/phdproject/ForestNav/1_survey/papers/md/Zhou2024Developing.md
2409.10647,Huang2024Safe,Safe Interval Motion Planning for Quadrotors in Dynamic Environments,Songhao Huang et al.,2024,C_elastic_band,success,arxiv-e-print,,35363,265,24,105,/Users/sun/tongbu/study/phdproject/ForestNav/1_survey/papers/pdf/Huang2024Safe.pdf,/Users/sun/tongbu/study/phdproject/ForestNav/1_survey/papers/md/Huang2024Safe.md
2409.14491,Veerapaneni2024Work,Work Smarter Not Harder: Simple Imitation Learning with CS-PIBT Outperforms Large Scale Imitation Learning for MAPF,Rishi Veerapaneni et al.,2024,L_learning_path_optimization,success,arxiv-e-print,,41563,292,35,45,/Users/sun/tongbu/study/phdproject/ForestNav/1_survey/papers/pdf/Veerapaneni2024Work.pdf,/Users/sun/tongbu/study/phdproject/ForestNav/1_survey/papers/md/Veerapaneni2024Work.md
2409.15671,Reed2024Autonomous,Autonomous Hiking Trail Navigation via Semantic Segmentation and Geometric Analysis,Camndon Reed et al.,2024,O_dense_forest_narrow_passage,success,arxiv-e-print,,35223,187,9,81,/Users/sun/tongbu/study/phdproject/ForestNav/1_survey/papers/pdf/Reed2024Autonomous.pdf,/Users/sun/tongbu/study/phdproject/ForestNav/1_survey/papers/md/Reed2024Autonomous.md
2409.17995,Beyer2024Joint,Joint Localization and Planning using Diffusion,L. Lao Beyer et al.,2024,L_learning_path_optimization,success,arxiv-e-print,,36585,266,15,142,/Users/sun/tongbu/study/phdproject/ForestNav/1_survey/papers/pdf/Beyer2024Joint.pdf,/Users/sun/tongbu/study/phdproject/ForestNav/1_survey/papers/md/Beyer2024Joint.md
2409.19543,Morozov2024MultiQuery,Multi-Query Shortest-Path Problem in Graphs of Convex Sets,Savva Morozov et al.,2024,I_corridor_planning,success,arxiv-e-print,,60242,359,26,314,/Users/sun/tongbu/study/phdproject/ForestNav/1_survey/papers/pdf/Morozov2024MultiQuery.pdf,/Users/sun/tongbu/study/phdproject/ForestNav/1_survey/papers/md/Morozov2024MultiQuery.md
2410.01925,Tremblay2024Topological,Topological mapping for traversability-aware long-range navigation in off-road terrain,Jean-François Tremblay et al.,2024,O_dense_forest_narrow_passage,success,arxiv-e-print,,31988,229,19,57,/Users/sun/tongbu/study/phdproject/ForestNav/1_survey/papers/pdf/Tremblay2024Topological.pdf,/Users/sun/tongbu/study/phdproject/ForestNav/1_survey/papers/md/Tremblay2024Topological.md
2410.03370,Philippe2024CollisionAware,Collision-Aware Traversability Analysis for Autonomous Vehicles in the Context of Agricultural Robotics,Florian Philippe et al.,2024,O_dense_forest_narrow_passage,success,arxiv-e-print,,34453,192,15,61,/Users/sun/tongbu/study/phdproject/ForestNav/1_survey/papers/pdf/Philippe2024CollisionAware.pdf,/Users/sun/tongbu/study/phdproject/ForestNav/1_survey/papers/md/Philippe2024CollisionAware.md
2410.04129,Rao2024Trajectory,Trajectory elongation strategies with minimum curvature discontinuities for a Dubins vehicle,Aditya K. Rao et al.,2024,K_dubins_reeds_shepp,success,arxiv-e-print,,80014,692,15,1013,/Users/sun/tongbu/study/phdproject/ForestNav/1_survey/papers/pdf/Rao2024Trajectory.pdf,/Users/sun/tongbu/study/phdproject/ForestNav/1_survey/papers/md/Rao2024Trajectory.md
2410.05079,Wang2024HENav,HE-Nav: A High-Performance and Efficient Navigation System for Aerial-Ground Robots in Cluttered Environments,Junming Wang et al.,2024,O_dense_forest_narrow_passage,success,arxiv-e-print,,40250,336,16,99,/Users/sun/tongbu/study/phdproject/ForestNav/1_survey/papers/pdf/Wang2024HENav.pdf,/Users/sun/tongbu/study/phdproject/ForestNav/1_survey/papers/md/Wang2024HENav.md
2410.07845,Dhonthi2024Autonomous,Autonomous Vehicles Path Planning under Temporal Logic Specifications,Akshay Dhonthi et al.,2024,G_subgoal_optimization,success,arxiv-e-print,,28849,187,8,146,/Users/sun/tongbu/study/phdproject/ForestNav/1_survey/papers/pdf/Dhonthi2024Autonomous.pdf,/Users/sun/tongbu/study/phdproject/ForestNav/1_survey/papers/md/Dhonthi2024Autonomous.md
2410.08909,Natarajan2024Implicit,Implicit Graph Search for Planning on Graphs of Convex Sets,Ramkumar Natarajan et al.,2024,I_corridor_planning,success,pymupdf4llm,,74453,699,28,0,/Users/sun/tongbu/study/phdproject/ForestNav/1_survey/papers/pdf/Natarajan2024Implicit.pdf,/Users/sun/tongbu/study/phdproject/ForestNav/1_survey/papers/md/Natarajan2024Implicit.md
2410.20230,Li2024FRTree,FRTree Planner: Robot Navigation in Cluttered and Unknown Environments with Tree of Free Regions,Yulin Li et al.,2024,G_subgoal_optimization,success,arxiv-e-print,,43490,227,14,205,/Users/sun/tongbu/study/phdproject/ForestNav/1_survey/papers/pdf/Li2024FRTree.pdf,/Users/sun/tongbu/study/phdproject/ForestNav/1_survey/papers/md/Li2024FRTree.md
2410.24205,Tahmasbi2024Zonal,Zonal RL-RRT: Integrated RL-RRT Path Planning with Collision Probability and Zone Connectivity,AmirMohammad Tahmasbi et al.,2024,D_asymptotically_optimal_sampling,success,arxiv-e-print,,49726,320,23,91,/Users/sun/tongbu/study/phdproject/ForestNav/1_survey/papers/pdf/Tahmasbi2024Zonal.pdf,/Users/sun/tongbu/study/phdproject/ForestNav/1_survey/papers/md/Tahmasbi2024Zonal.md
2411.08851,Solis2024Experiencebased,Experience-based Subproblem Planning for Multi-Robot Motion Planning,Irving Solis et al.,2024,N_path_repair,success,arxiv-e-print,,39788,273,20,97,/Users/sun/tongbu/study/phdproject/ForestNav/1_survey/papers/pdf/Solis2024Experiencebased.pdf,/Users/sun/tongbu/study/phdproject/ForestNav/1_survey/papers/md/Solis2024Experiencebased.md
2411.14086,Lu2024PathTracking,Path-Tracking Hybrid A* and Hierarchical MPC Framework for Autonomous Agricultural Vehicles,Mingke Lu et al.,2024,A_path_smoothing,success,arxiv-e-print,,59214,357,19,265,/Users/sun/tongbu/study/phdproject/ForestNav/1_survey/papers/pdf/Lu2024PathTracking.pdf,/Users/sun/tongbu/study/phdproject/ForestNav/1_survey/papers/md/Lu2024PathTracking.md
2411.14356,Xiang2024Learning,Learning Probabilistic Obstacle Spaces from Data-driven Uncertainty using Neural Networks,Jun Xiang et al.,2024,L_learning_path_optimization,success,arxiv-e-print,,47473,405,24,100,/Users/sun/tongbu/study/phdproject/ForestNav/1_survey/papers/pdf/Xiang2024Learning.pdf,/Users/sun/tongbu/study/phdproject/ForestNav/1_survey/papers/md/Xiang2024Learning.md
2411.17902,Wilson2024NearestNeighbourless,Nearest-Neighbourless Asymptotically Optimal Motion Planning with Fully Connected Informed Trees (FCIT*),Tyler S. Wilson et al.,2024,Q_informed_sampling,success,pymupdf4llm,,43535,375,14,0,/Users/sun/tongbu/study/phdproject/ForestNav/1_survey/papers/pdf/Wilson2024NearestNeighbourless.pdf,/Users/sun/tongbu/study/phdproject/ForestNav/1_survey/papers/md/Wilson2024NearestNeighbourless.md
2411.18150,Schichler2024CostEffective,A Cost-Effective Approach to Smooth A* Path Planning for Autonomous Vehicles,Lukas Schichler et al.,2024,K_dubins_reeds_shepp,failed,pymupdf4llm,size<5000;lines<50,620,39,8,0,/Users/sun/tongbu/study/phdproject/ForestNav/1_survey/papers/pdf/Schichler2024CostEffective.pdf,/Users/sun/tongbu/study/phdproject/ForestNav/1_survey/papers/md/Schichler2024CostEffective.md
2411.18913,Garg2024Planning,Planning Shorter Paths in Graphs of Convex Sets by Undistorting Parametrized Configuration Spaces,Shruti Garg et al.,2024,I_corridor_planning,success,arxiv-e-print,,57432,290,24,112,/Users/sun/tongbu/study/phdproject/ForestNav/1_survey/papers/pdf/Garg2024Planning.pdf,/Users/sun/tongbu/study/phdproject/ForestNav/1_survey/papers/md/Garg2024Planning.md
2412.00597,Chen2024SplineFRIDA,"Spline-FRIDA: Towards Diverse, Humanlike Robot Painting Styles with a Sample-Efficient, Differentiable Brush Stroke Model",Lawrence Chen et al.,2024,R_surveys,success,arxiv-e-print,,48175,283,24,79,/Users/sun/tongbu/study/phdproject/ForestNav/1_survey/papers/pdf/Chen2024SplineFRIDA.pdf,/Users/sun/tongbu/study/phdproject/ForestNav/1_survey/papers/md/Chen2024SplineFRIDA.md
2412.03174,Kulathunga2024Resilient,Resilient Timed Elastic Band Planner for Collision-Free Navigation in Unknown Environments,Geesara Kulathunga et al.,2024,C_elastic_band,success,pymupdf4llm,,73784,488,20,0,/Users/sun/tongbu/study/phdproject/ForestNav/1_survey/papers/pdf/Kulathunga2024Resilient.pdf,/Users/sun/tongbu/study/phdproject/ForestNav/1_survey/papers/md/Kulathunga2024Resilient.md
2412.17993,Liang2024MultiAgent,Multi-Agent Path Finding in Continuous Spaces with Projected Diffusion Models,Jinhao Liang et al.,2024,L_learning_path_optimization,success,pymupdf4llm,,40294,450,24,0,/Users/sun/tongbu/study/phdproject/ForestNav/1_survey/papers/pdf/Liang2024MultiAgent.pdf,/Users/sun/tongbu/study/phdproject/ForestNav/1_survey/papers/md/Liang2024MultiAgent.md
2412.19948,Carvalho2024Motion,Motion Planning Diffusion: Learning and Adapting Robot Motion Planning with Diffusion Models,J. Carvalho et al.,2024,L_learning_path_optimization,success,arxiv-e-print,,115341,564,27,392,/Users/sun/tongbu/study/phdproject/ForestNav/1_survey/papers/pdf/Carvalho2024Motion.pdf,/Users/sun/tongbu/study/phdproject/ForestNav/1_survey/papers/md/Carvalho2024Motion.md
2301.01755,Hanover2023Autonomous,Autonomous Drone Racing: A Survey,Drew Hanover et al.,2023,R_surveys,success,arxiv-e-print,,123996,528,48,39,/Users/sun/tongbu/study/phdproject/ForestNav/1_survey/papers/pdf/Hanover2023Autonomous.pdf,/Users/sun/tongbu/study/phdproject/ForestNav/1_survey/papers/md/Hanover2023Autonomous.md
2301.08451,Yu2023Accelerating,Accelerating Multi-Agent Planning Using Graph Transformers with Bounded Suboptimality,Chenning Yu et al.,2023,E_bounded_suboptimal_search,success,arxiv-e-print,,34409,220,12,236,/Users/sun/tongbu/study/phdproject/ForestNav/1_survey/papers/pdf/Yu2023Accelerating.pdf,/Users/sun/tongbu/study/phdproject/ForestNav/1_survey/papers/md/Yu2023Accelerating.md
2301.10528,Avaei2023Incremental,An Incremental Inverse Reinforcement Learning Approach for Motion Planning with Separated Path and Velocity Preferences,Armin Avaei et al.,2023,J_homotopy_topology,success,arxiv-e-print,,69735,369,25,121,/Users/sun/tongbu/study/phdproject/ForestNav/1_survey/papers/pdf/Avaei2023Incremental.pdf,/Users/sun/tongbu/study/phdproject/ForestNav/1_survey/papers/md/Avaei2023Incremental.md
2301.13512,Mower2023OpTaS,OpTaS: An Optimization-based Task Specification Library for Trajectory Optimization and Model Predictive Control,Christopher E. Mower et al.,2023,B_trajectory_optimization,success,arxiv-e-print,,36953,292,23,60,/Users/sun/tongbu/study/phdproject/ForestNav/1_survey/papers/pdf/Mower2023OpTaS.pdf,/Users/sun/tongbu/study/phdproject/ForestNav/1_survey/papers/md/Mower2023OpTaS.md
2302.11114,Chen2023Samplingbased,Sampling-based path planning under temporal logic constraints with real-time adaptation,Yizhou Chen et al.,2023,Q_informed_sampling,success,arxiv-e-print,,47718,275,17,277,/Users/sun/tongbu/study/phdproject/ForestNav/1_survey/papers/pdf/Chen2023Samplingbased.pdf,/Users/sun/tongbu/study/phdproject/ForestNav/1_survey/papers/md/Chen2023Samplingbased.md
2302.11648,Swedeen2023Filletbased,Fillet-based RRT*: A Rapid Convergence Implementation of RRT* for Curvature Constrained Vehicles,James Swedeen et al.,2023,D_asymptotically_optimal_sampling,success,arxiv-e-print,,130155,1223,41,917,/Users/sun/tongbu/study/phdproject/ForestNav/1_survey/papers/pdf/Swedeen2023Filletbased.pdf,/Users/sun/tongbu/study/phdproject/ForestNav/1_survey/papers/md/Swedeen2023Filletbased.md
2302.11670,Swedeen2023Batch,Batch Informed Trees (BIT*),James Swedeen et al.,2023,D_asymptotically_optimal_sampling,success,arxiv-e-print,,52368,420,12,382,/Users/sun/tongbu/study/phdproject/ForestNav/1_survey/papers/pdf/Swedeen2023Batch.pdf,/Users/sun/tongbu/study/phdproject/ForestNav/1_survey/papers/md/Swedeen2023Batch.md
2302.12219,Dai2023Certified,Certified Polyhedral Decompositions of Collision-Free Configuration Space,Hongkai Dai et al.,2023,I_corridor_planning,success,arxiv-e-print,,267837,1471,36,752,/Users/sun/tongbu/study/phdproject/ForestNav/1_survey/papers/pdf/Dai2023Certified.pdf,/Users/sun/tongbu/study/phdproject/ForestNav/1_survey/papers/md/Dai2023Certified.md
2302.13026,Liu2023Homotopy,A Homotopy Invariant Based on Convex Dissection Topology and a Distance Optimal Path Planning Algorithm,Jinyuan Liu et al.,2023,C_elastic_band;J_homotopy_topology,success,arxiv-e-print,,94293,852,20,1099,/Users/sun/tongbu/study/phdproject/ForestNav/1_survey/papers/pdf/Liu2023Homotopy.pdf,/Users/sun/tongbu/study/phdproject/ForestNav/1_survey/papers/md/Liu2023Homotopy.md
2302.14422,Gaebert2023Paramater,Paramater Optimization for Manipulator Motion Planning using a Novel Benchmark Set,Carl Gaebert et al.,2023,O_dense_forest_narrow_passage,success,pymupdf4llm,,36580,338,14,0,/Users/sun/tongbu/study/phdproject/ForestNav/1_survey/papers/pdf/Gaebert2023Paramater.pdf,/Users/sun/tongbu/study/phdproject/ForestNav/1_survey/papers/md/Gaebert2023Paramater.md
2303.06737,Joshi2023NonTrivial,Non-Trivial Query Sampling For Efficient Learning To Plan,Sagar Suhas Joshi et al.,2023,L_learning_path_optimization,success,arxiv-e-print,,36747,317,12,280,/Users/sun/tongbu/study/phdproject/ForestNav/1_survey/papers/pdf/Joshi2023NonTrivial.pdf,/Users/sun/tongbu/study/phdproject/ForestNav/1_survey/papers/md/Joshi2023NonTrivial.md
2303.09477,Veerapaneni2023Learning,Learning Local Heuristics for Search-Based Navigation Planning,Rishi Veerapaneni et al.,2023,E_bounded_suboptimal_search,success,pymupdf4llm,,28020,219,15,0,/Users/sun/tongbu/study/phdproject/ForestNav/1_survey/papers/pdf/Veerapaneni2023Learning.pdf,/Users/sun/tongbu/study/phdproject/ForestNav/1_survey/papers/md/Veerapaneni2023Learning.md
2303.11279,Chung2023Distributed,Distributed Timed Elastic Band (DTEB) Planner: Trajectory Sharing and Collision Prediction for Multi-Robot Systems,Yiu Ming Chung et al.,2023,C_elastic_band,success,arxiv-e-print,,34963,396,14,88,/Users/sun/tongbu/study/phdproject/ForestNav/1_survey/papers/pdf/Chung2023Distributed.pdf,/Users/sun/tongbu/study/phdproject/ForestNav/1_survey/papers/md/Chung2023Distributed.md
2303.14502,Sathyamoorthy2023VERN,VERN: Vegetation-aware Robot Navigation in Dense Unstructured Outdoor Environments,Adarsh Jagan Sathyamoorthy et al.,2023,O_dense_forest_narrow_passage,success,arxiv-e-print,,42101,320,28,162,/Users/sun/tongbu/study/phdproject/ForestNav/1_survey/papers/pdf/Sathyamoorthy2023VERN.pdf,/Users/sun/tongbu/study/phdproject/ForestNav/1_survey/papers/md/Sathyamoorthy2023VERN.md
2304.00119,Tamizi2023Endtoend,End-to-end deep learning-based framework for path planning and collision checking: bin picking application,Mehran Ghafarian Tamizi et al.,2023,G_subgoal_optimization;L_learning_path_optimization,success,arxiv-e-print,,67212,412,14,101,/Users/sun/tongbu/study/phdproject/ForestNav/1_survey/papers/pdf/Tamizi2023Endtoend.pdf,/Users/sun/tongbu/study/phdproject/ForestNav/1_survey/papers/md/Tamizi2023Endtoend.md
2304.00790,Yang2023LQRCBFRRT,LQR-CBF-RRT*: Safe and Optimal Motion Planning,Guang Yang et al.,2023,Q_informed_sampling,success,arxiv-e-print,,49035,308,19,332,/Users/sun/tongbu/study/phdproject/ForestNav/1_survey/papers/pdf/Yang2023LQRCBFRRT.pdf,/Users/sun/tongbu/study/phdproject/ForestNav/1_survey/papers/md/Yang2023LQRCBFRRT.md
2304.00843,Zhang2023Hierarchical,A Hierarchical Multi-Vehicle Coordinated Motion Planning Method based on Interactive Spatio-Temporal Corridors,Xiang Zhang et al.,2023,I_corridor_planning,success,arxiv-e-print,,61172,492,20,201,/Users/sun/tongbu/study/phdproject/ForestNav/1_survey/papers/pdf/Zhang2023Hierarchical.pdf,/Users/sun/tongbu/study/phdproject/ForestNav/1_survey/papers/md/Zhang2023Hierarchical.md
2304.09462,Toumieh2023Decentralized,Decentralized Multi-Agent Planning for Multirotors: a Fully Online and Communication Latency Robust Approach,Charbel Toumieh,2023,I_corridor_planning,success,arxiv-e-print,,49268,294,21,227,/Users/sun/tongbu/study/phdproject/ForestNav/1_survey/papers/pdf/Toumieh2023Decentralized.pdf,/Users/sun/tongbu/study/phdproject/ForestNav/1_survey/papers/md/Toumieh2023Decentralized.md
2304.10984,Zheng2023IBBT,IBBT: Informed Batch Belief Trees for Motion Planning Under Uncertainty,Dongliang Zheng et al.,2023,Q_informed_sampling,success,arxiv-e-print,,42804,284,12,241,/Users/sun/tongbu/study/phdproject/ForestNav/1_survey/papers/pdf/Zheng2023IBBT.pdf,/Users/sun/tongbu/study/phdproject/ForestNav/1_survey/papers/md/Zheng2023IBBT.md
2304.14043,Bonetti2023Improved,Improved path planning algorithms for non-holonomic autonomous vehicles in industrial environments with narrow corridors: Roadmap Hybrid A* and Waypoints Hybrid B*. Roadmap hybrid A* and Waypoints hybrid A* Pseudocodes,Alessandro Bonetti et al.,2023,F_hybrid_astar,success,pymupdf4llm,,14681,203,10,0,/Users/sun/tongbu/study/phdproject/ForestNav/1_survey/papers/pdf/Bonetti2023Improved.pdf,/Users/sun/tongbu/study/phdproject/ForestNav/1_survey/papers/md/Bonetti2023Improved.md
2305.00271,Cao2023Path,Path Planning for Multiple Tethered Robots Using Topological Braids,Muqing Cao et al.,2023,J_homotopy_topology,success,arxiv-e-print,,47162,288,12,348,/Users/sun/tongbu/study/phdproject/ForestNav/1_survey/papers/pdf/Cao2023Path.pdf,/Users/sun/tongbu/study/phdproject/ForestNav/1_survey/papers/md/Cao2023Path.md
2305.08080,Patel2023Probabilistic,Probabilistic RRT Connect with intermediate goal selection for online planning of autonomous vehicles,Darshit Patel et al.,2023,G_subgoal_optimization,success,arxiv-e-print,,21972,205,8,74,/Users/sun/tongbu/study/phdproject/ForestNav/1_survey/papers/pdf/Patel2023Probabilistic.pdf,/Users/sun/tongbu/study/phdproject/ForestNav/1_survey/papers/md/Patel2023Probabilistic.md
2305.13783,Huang2023Deep,Deep Reinforcement Learning-based Multi-objective Path Planning on the Off-road Terrain Environment for Ground Vehicles,Shuqiao Huang et al.,2023,H_hierarchical_planning,success,arxiv-e-print,,42315,448,24,138,/Users/sun/tongbu/study/phdproject/ForestNav/1_survey/papers/pdf/Huang2023Deep.pdf,/Users/sun/tongbu/study/phdproject/ForestNav/1_survey/papers/md/Huang2023Deep.md
