path,size_bytes,sha256
train/final_model.zip,15183470,406295b3034d5c6a5834d2f0080ecf47d2874a7a7ccda3edf9eb57af55089001
train/rl_rs_ppo_100000_steps.zip,15183437,ef028bf0ddb149c3ca9ea1da6f55c700d2ba0663ac18062ed39c0929821bf971
train/rl_rs_ppo_150000_steps.zip,15183241,5adfe3094bfea79b4bb70ed8994ad38bf4072999bf2c17e67c6f5592c3ce8e8e
train/rl_rs_ppo_200000_steps.zip,15183423,d56c6ababbb0d8c32ee8e8d5f1c1d9f1bccc6a06ac95708e231610b122066866
train/rl_rs_ppo_250000_steps.zip,15183487,236fc15f2dc24501d9f1205de10c50abd3c60094ec33e528e56b16c4f276795c
train/rl_rs_ppo_300000_steps.zip,15183417,a822bd7eb8b283fec1cd9cae9d8ca83d50253b6782ed8e1e824e6e37a1fb90b7
train/rl_rs_ppo_350000_steps.zip,15183254,a10b2a28b092c7dba23235fe0064745e5c5f5bb221653041bd3d51befc8eb6f4
train/rl_rs_ppo_400000_steps.zip,15183490,516971585e0cba9bc84783b84a4e3b1cb30bd70ea9ef1590b0a6878939da4388
train/rl_rs_ppo_450000_steps.zip,15183394,01197a7bbd9cdc71254e35077d74b2d47c60fe4a3ef9655d22f1721d45b0761c
train/rl_rs_ppo_500000_steps.zip,15183254,33c5ad5224d701fda3c335943083a333b212ddf1c9a92ccb676ea15d1cffb590
train/rl_rs_ppo_50000_steps.zip,15183250,eaa8f574dc6d58383d035d1ba67671e471c4f8a232a0c27ddfc358b6df1ec56a
